[2026-09-19 07:30:05] local.ERROR: SummaryForecastFromLastRace: フォーマット不正 {"date":"2026-09-19","basho":"中山","race":4,"raw":"申し訳ございませんが、このレースの馬に関する過去の出走情報が提供されていないため、分析に必要なデータが不足しており、適切な予想を行うことができません。

馬の成績情報がすべて空欄となっており、以下の情報がなければ専門的な分析はできません：
- 過去の成績
- 血統情報
- 調教情報
- 騎手情報
- 馬体重
- 枠順による有利不利

データ提供をお願いいたします。"} 
[2026-09-19 07:30:05] local.ERROR: SummaryForecastFromLastRace: フォーマット不正 {"date":"2026-09-19","basho":"中山","race":5,"raw":"申し訳ございませんが、このレースは「メイクデビュー中山」という新馬戦のようで、提供いただいた馬の情報に過去の成績データが記載されていません。

過去の出走情報なしに、信頼性のある分析を行うことはできません。各馬の以下の情報があれば、正確な分析が可能です：

- 血統情報
- 調教情報
- 単勝オッズ
- 馬体評価

データなしでの予想提供は、責任を持てないため控えさせていただきます。"} 
[2026-09-19 07:30:05] local.ERROR: SummaryForecastFromLastRace: フォーマット不正 {"date":"2026-09-19","basho":"中山","race":6,"raw":"申し訳ございませんが、提供いただいた情報には各馬の成績データが記載されていません。成績情報がないため、過去の出走情報に基づいた分析ができず、根拠のある予想を提示することができません。

各馬の詳細な成績（走破タイム、着順、獲得賞金など）をご提供いただければ、専門的な分析に基づいた予想を提示させていただきます。"} 
[2026-09-19 07:30:15] local.ERROR: SummaryForecastFromLastRace: フォーマット不正 {"date":"2026-09-19","basho":"阪神","race":5,"raw":"申し訳ございませんが、このレースの馬の過去の出走情報が提供されていない状態では、信頼できるオッズ分析ができません。

「成績:」の欄がすべて空白となっており、各馬の血統、調教師、騎手、近走成績などの基本的な分析データがありません。

適切な分析を行うためには、以下の情報が必要です：
- 各馬の過去の出走成績
- 血統情報
- 調教師・騎手の情報
- 馬体重・体調情報
- 枠順確定時の追加情報

データなしでの予想出力は、ご利用者様に誤った判断をさせる可能性があるため、提供できません。"} 
[2026-09-19 07:30:15] local.ERROR: SummaryForecastFromLastRace: フォーマット不正 {"date":"2026-09-19","basho":"阪神","race":6,"raw":"申し訳ございませんが、このレースに関する過去の出走情報が提供されていないため、判断根拠となるデータがありません。

馬番1~11の各馬について、成績欄が空白になっており、戦績、調教師、騎手、血統、当日の馬体評などの情報が不足しています。

正確な分析を行うためには、以下の情報が必要です：
- 各馬の過去戦績
- 調教師情報
- 騎手情報
- 馬体評価
- 枠順やその他のレース条件

データをご提供いただければ、信頼性の高い分析を行うことが可能です。"} 
[2026-09-19 09:49:49] local.DEBUG: [Block10] market_score {"num":1,"score_a":0,"score_b":0,"score_c":0,"score_d":null,"score_e":0,"valid_max":65,"total":0,"f1":false,"f5":false} 
[2026-09-19 09:49:49] local.INFO: [B-13] 市場過小評価フラグ {"date":"2026-09-19","kaisuu":4,"basho_code":"09","day":5,"race":1,"num":1,"total_score":0,"score_a":0,"score_c":0,"valid_max":65,"undereval":false} 
[2026-09-19 09:49:49] local.DEBUG: [Block10] market_score {"num":2,"score_a":25,"score_b":0,"score_c":12,"score_d":null,"score_e":6,"valid_max":65,"total":53,"f1":true,"f5":true} 
[2026-09-19 09:49:49] local.INFO: [B-13] 市場過小評価フラグ {"date":"2026-09-19","kaisuu":4,"basho_code":"09","day":5,"race":1,"num":2,"total_score":53,"score_a":25,"score_c":12,"valid_max":65,"undereval":false} 
[2026-09-19 09:49:49] local.DEBUG: [Block10] market_score {"num":3,"score_a":0,"score_b":5,"score_c":0,"score_d":null,"score_e":0,"valid_max":65,"total":6,"f1":false,"f5":false} 
[2026-09-19 09:49:49] local.INFO: [B-13] 市場過小評価フラグ {"date":"2026-09-19","kaisuu":4,"basho_code":"09","day":5,"race":1,"num":3,"total_score":6,"score_a":0,"score_c":0,"valid_max":65,"undereval":false} 
[2026-09-19 09:49:49] local.DEBUG: [Block10] market_score {"num":4,"score_a":0,"score_b":0,"score_c":7,"score_d":null,"score_e":0,"valid_max":65,"total":9,"f1":false,"f5":false} 
[2026-09-19 09:49:49] local.INFO: [B-13] 市場過小評価フラグ {"date":"2026-09-19","kaisuu":4,"basho_code":"09","day":5,"race":1,"num":4,"total_score":9,"score_a":0,"score_c":7,"valid_max":65,"undereval":false} 
[2026-09-19 09:49:49] local.DEBUG: [Block10] market_score {"num":5,"score_a":0,"score_b":0,"score_c":0,"score_d":null,"score_e":0,"valid_max":65,"total":0,"f1":false,"f5":false} 
[2026-09-19 09:49:49] local.INFO: [B-13] 市場過小評価フラグ {"date":"2026-09-19","kaisuu":4,"basho_code":"09","day":5,"race":1,"num":5,"total_score":0,"score_a":0,"score_c":0,"valid_max":65,"undereval":false} 
[2026-09-19 09:49:49] local.DEBUG: [Block10] market_score {"num":6,"score_a":0,"score_b":0,"score_c":0,"score_d":null,"score_e":0,"valid_max":65,"total":0,"f1":false,"f5":false} 
[2026-09-19 09:49:49] local.INFO: [B-13] 市場過小評価フラグ {"date":"2026-09-19","kaisuu":4,"basho_code":"09","day":5,"race":1,"num":6,"total_score":0,"score_a":0,"score_c":0,"valid_max":65,"undereval":false} 
[2026-09-19 09:49:49] local.DEBUG: [Block10] market_score {"num":7,"score_a":0,"score_b":0,"score_c":15,"score_d":null,"score_e":0,"valid_max":65,"total":18,"f1":false,"f5":false} 
[2026-09-19 09:49:49] local.INFO: [B-13] 市場過小評価フラグ {"date":"2026-09-19","kaisuu":4,"basho_code":"09","day":5,"race":1,"num":7,"total_score":18,"score_a":0,"score_c":15,"valid_max":65,"undereval":false} 
[2026-09-19 09:49:49] local.DEBUG: [Block10] market_score {"num":8,"score_a":0,"score_b":0,"score_c":15,"score_d":null,"score_e":0,"valid_max":65,"total":18,"f1":false,"f5":false} 
[2026-09-19 09:49:49] local.INFO: [B-13] 市場過小評価フラグ {"date":"2026-09-19","kaisuu":4,"basho_code":"09","day":5,"race":1,"num":8,"total_score":18,"score_a":0,"score_c":15,"valid_max":65,"undereval":false} 
[2026-09-19 09:49:52] local.WARNING: [B-7] DeepSeek形式不正（再試行禁止）、1st AI単独継続 {"date":"2026-09-19","kaisuu":"4","basho":"09","day":"5","race":"1","text":"厳選穴レース|1
レース指標|波乱度: 2|下位進入度: 2|大穴進入度: 1
馬番：3、馬名：ホシヲミテルンナ、人気順: 2、6分前オッズ: 3.1、おすすめ度: 78、選出理由：能力適性:A（80点）。単勝11.4%下落・複勝8.3%下落の二重流入で単勝流入ランク1位、推定確定3.0倍と直前も人気集中が継続。OPI1.42で妙味は薄いが、類似統計の3着以内率70.2%・5着以内率89.9%が高"} 
[2026-09-19 09:49:52] local.ERROR: [Block14] ai_merge_result UPSERT failed {"err":"SQLSTATE[42S22]: Column not found: 1054 Unknown column 'updated_at' in 'field list' (SQL: INSERT INTO t_horse_odds_finder_ai_merge_result (date, kaisuu, basho, basho_code, day, race, race_name, merge_result) VALUES (2026-09-19, 4, 阪神, 09, 5, 1, 2歳未勝利[指定], {\"upset_race\":0,\"gap_type\":\"A\",\"wave_level\":null,\"lower_entry\":null,\"big_gap_entry\":null,\"merged_horses\":[]}) ON DUPLICATE KEY UPDATE   merge_result = VALUES(merge_result),   race_name    = VALUES(race_name),   basho        = VALUES(basho),   updated_at   = CURRENT_TIMESTAMP)"} 
[2026-09-19 09:49:52] local.DEBUG: [Block11] ml_snapshot saved {"date":"2026-09-19","kaisuu":4,"basho_code":"09","day":5,"race":1,"gap_type":"A","merged_cnt":0} 
[2026-09-19 10:02:55] local.DEBUG: [Block10] market_score {"num":1,"score_a":0,"score_b":5,"score_c":12,"score_d":null,"score_e":0,"valid_max":65,"total":21,"f1":false,"f5":false} 
[2026-09-19 10:02:55] local.INFO: [B-13] 市場過小評価フラグ {"date":"2026-09-19","kaisuu":4,"basho_code":"06","day":5,"race":1,"num":1,"total_score":21,"score_a":0,"score_c":12,"valid_max":65,"undereval":false} 
[2026-09-19 10:02:55] local.DEBUG: [Block10] market_score {"num":2,"score_a":12,"score_b":0,"score_c":15,"score_d":null,"score_e":6,"valid_max":65,"total":41,"f1":true,"f5":true} 
[2026-09-19 10:02:55] local.INFO: [B-13] 市場過小評価フラグ {"date":"2026-09-19","kaisuu":4,"basho_code":"06","day":5,"race":1,"num":2,"total_score":41,"score_a":12,"score_c":15,"valid_max":65,"undereval":false} 
[2026-09-19 10:02:55] local.DEBUG: [Block10] market_score {"num":3,"score_a":0,"score_b":0,"score_c":15,"score_d":null,"score_e":0,"valid_max":65,"total":18,"f1":false,"f5":false} 
[2026-09-19 10:02:55] local.INFO: [B-13] 市場過小評価フラグ {"date":"2026-09-19","kaisuu":4,"basho_code":"06","day":5,"race":1,"num":3,"total_score":18,"score_a":0,"score_c":15,"valid_max":65,"undereval":false} 
[2026-09-19 10:02:55] local.DEBUG: [Block10] market_score {"num":4,"score_a":0,"score_b":0,"score_c":15,"score_d":null,"score_e":0,"valid_max":65,"total":18,"f1":false,"f5":false} 
[2026-09-19 10:02:55] local.INFO: [B-13] 市場過小評価フラグ {"date":"2026-09-19","kaisuu":4,"basho_code":"06","day":5,"race":1,"num":4,"total_score":18,"score_a":0,"score_c":15,"valid_max":65,"undereval":false} 
[2026-09-19 10:02:55] local.DEBUG: [Block10] market_score {"num":5,"score_a":0,"score_b":0,"score_c":15,"score_d":null,"score_e":0,"valid_max":65,"total":18,"f1":false,"f5":false} 
[2026-09-19 10:02:55] local.INFO: [B-13] 市場過小評価フラグ {"date":"2026-09-19","kaisuu":4,"basho_code":"06","day":5,"race":1,"num":5,"total_score":18,"score_a":0,"score_c":15,"valid_max":65,"undereval":false} 
[2026-09-19 10:02:55] local.DEBUG: [Block10] market_score {"num":6,"score_a":0,"score_b":0,"score_c":15,"score_d":null,"score_e":0,"valid_max":65,"total":18,"f1":false,"f5":false} 
[2026-09-19 10:02:55] local.INFO: [B-13] 市場過小評価フラグ {"date":"2026-09-19","kaisuu":4,"basho_code":"06","day":5,"race":1,"num":6,"total_score":18,"score_a":0,"score_c":15,"valid_max":65,"undereval":false} 
[2026-09-19 10:02:55] local.DEBUG: [Block10] market_score {"num":7,"score_a":0,"score_b":0,"score_c":15,"score_d":null,"score_e":0,"valid_max":65,"total":18,"f1":false,"f5":false} 
[2026-09-19 10:02:55] local.INFO: [B-13] 市場過小評価フラグ {"date":"2026-09-19","kaisuu":4,"basho_code":"06","day":5,"race":1,"num":7,"total_score":18,"score_a":0,"score_c":15,"valid_max":65,"undereval":false} 
[2026-09-19 10:02:55] local.DEBUG: [Block10] market_score {"num":8,"score_a":0,"score_b":0,"score_c":15,"score_d":null,"score_e":0,"valid_max":65,"total":18,"f1":false,"f5":false} 
[2026-09-19 10:02:55] local.INFO: [B-13] 市場過小評価フラグ {"date":"2026-09-19","kaisuu":4,"basho_code":"06","day":5,"race":1,"num":8,"total_score":18,"score_a":0,"score_c":15,"valid_max":65,"undereval":false} 
[2026-09-19 10:02:55] local.DEBUG: [Block10] market_score {"num":9,"score_a":0,"score_b":0,"score_c":0,"score_d":null,"score_e":0,"valid_max":65,"total":0,"f1":false,"f5":false} 
[2026-09-19 10:02:55] local.INFO: [B-13] 市場過小評価フラグ {"date":"2026-09-19","kaisuu":4,"basho_code":"06","day":5,"race":1,"num":9,"total_score":0,"score_a":0,"score_c":0,"valid_max":65,"undereval":false} 
[2026-09-19 10:03:01] local.WARNING: [B-7] DeepSeek形式不正（再試行禁止）、1st AI単独継続 {"date":"2026-09-19","kaisuu":"4","basho":"06","day":"5","race":"1","text":"厳選穴レース|1
レース指標|波乱度: 2|下位進入度: 2|大穴進入度: 1
馬番：1、馬名：サリードゥ、人気順: 2、6分前オッズ: 5.8、おすすめ度: 74、選出理由：能力適性:B（76点）。芝新馬2着・未勝利6着と先行力を示し、今回ダート替わりで砂適性の上積みが期待できる。単勝は7.2→5.8倍と下落し流入ランク1位、推定確定5.5倍で直前人気集中が見込める。OPI0.76・予測補正OP"} 
[2026-09-19 10:03:01] local.ERROR: [Block14] ai_merge_result UPSERT failed {"err":"SQLSTATE[42S22]: Column not found: 1054 Unknown column 'updated_at' in 'field list' (SQL: INSERT INTO t_horse_odds_finder_ai_merge_result (date, kaisuu, basho, basho_code, day, race, race_name, merge_result) VALUES (2026-09-19, 4, 中山, 06, 5, 1, 2歳未勝利[指定], {\"upset_race\":0,\"gap_type\":\"A\",\"wave_level\":null,\"lower_entry\":null,\"big_gap_entry\":null,\"merged_horses\":[]}) ON DUPLICATE KEY UPDATE   merge_result = VALUES(merge_result),   race_name    = VALUES(race_name),   basho        = VALUES(basho),   updated_at   = CURRENT_TIMESTAMP)"} 
[2026-09-19 10:03:01] local.DEBUG: [Block11] ml_snapshot saved {"date":"2026-09-19","kaisuu":4,"basho_code":"06","day":5,"race":1,"gap_type":"A","merged_cnt":0} 
[2026-09-19 10:38:26] local.DEBUG: [Block10] market_score {"num":1,"score_a":0,"score_b":0,"score_c":15,"score_d":null,"score_e":0,"valid_max":65,"total":18,"f1":false,"f5":false} 
[2026-09-19 10:38:26] local.INFO: [B-13] 市場過小評価フラグ {"date":"2026-09-19","kaisuu":4,"basho_code":"09","day":5,"race":2,"num":1,"total_score":18,"score_a":0,"score_c":15,"valid_max":65,"undereval":false} 
[2026-09-19 10:38:26] local.DEBUG: [Block10] market_score {"num":2,"score_a":0,"score_b":0,"score_c":15,"score_d":null,"score_e":0,"valid_max":65,"total":18,"f1":false,"f5":false} 
[2026-09-19 10:38:26] local.INFO: [B-13] 市場過小評価フラグ {"date":"2026-09-19","kaisuu":4,"basho_code":"09","day":5,"race":2,"num":2,"total_score":18,"score_a":0,"score_c":15,"valid_max":65,"undereval":false} 
[2026-09-19 10:38:26] local.DEBUG: [Block10] market_score {"num":3,"score_a":18,"score_b":0,"score_c":7,"score_d":null,"score_e":6,"valid_max":65,"total":38,"f1":true,"f5":true} 
[2026-09-19 10:38:26] local.INFO: [B-13] 市場過小評価フラグ {"date":"2026-09-19","kaisuu":4,"basho_code":"09","day":5,"race":2,"num":3,"total_score":38,"score_a":18,"score_c":7,"valid_max":65,"undereval":false} 
[2026-09-19 10:38:26] local.DEBUG: [Block10] market_score {"num":4,"score_a":0,"score_b":0,"score_c":3,"score_d":null,"score_e":0,"valid_max":65,"total":4,"f1":false,"f5":false} 
[2026-09-19 10:38:26] local.INFO: [B-13] 市場過小評価フラグ {"date":"2026-09-19","kaisuu":4,"basho_code":"09","day":5,"race":2,"num":4,"total_score":4,"score_a":0,"score_c":3,"valid_max":65,"undereval":false} 
[2026-09-19 10:38:26] local.DEBUG: [Block10] market_score {"num":5,"score_a":0,"score_b":5,"score_c":0,"score_d":null,"score_e":0,"valid_max":65,"total":6,"f1":false,"f5":false} 
[2026-09-19 10:38:26] local.INFO: [B-13] 市場過小評価フラグ {"date":"2026-09-19","kaisuu":4,"basho_code":"09","day":5,"race":2,"num":5,"total_score":6,"score_a":0,"score_c":0,"valid_max":65,"undereval":false} 
[2026-09-19 10:38:26] local.DEBUG: [Block10] market_score {"num":6,"score_a":25,"score_b":0,"score_c":7,"score_d":null,"score_e":6,"valid_max":65,"total":47,"f1":true,"f5":true} 
[2026-09-19 10:38:26] local.INFO: [B-13] 市場過小評価フラグ {"date":"2026-09-19","kaisuu":4,"basho_code":"09","day":5,"race":2,"num":6,"total_score":47,"score_a":25,"score_c":7,"valid_max":65,"undereval":false} 
[2026-09-19 10:38:26] local.DEBUG: [Block10] market_score {"num":7,"score_a":0,"score_b":0,"score_c":15,"score_d":null,"score_e":0,"valid_max":65,"total":18,"f1":false,"f5":false} 
[2026-09-19 10:38:26] local.INFO: [B-13] 市場過小評価フラグ {"date":"2026-09-19","kaisuu":4,"basho_code":"09","day":5,"race":2,"num":7,"total_score":18,"score_a":0,"score_c":15,"valid_max":65,"undereval":false} 
[2026-09-19 10:38:26] local.DEBUG: [Block10] market_score {"num":8,"score_a":0,"score_b":0,"score_c":0,"score_d":null,"score_e":0,"valid_max":65,"total":0,"f1":false,"f5":false} 
[2026-09-19 10:38:26] local.INFO: [B-13] 市場過小評価フラグ {"date":"2026-09-19","kaisuu":4,"basho_code":"09","day":5,"race":2,"num":8,"total_score":0,"score_a":0,"score_c":0,"valid_max":65,"undereval":false} 
[2026-09-19 10:38:32] local.WARNING: [B-7] DeepSeek形式不正（再試行禁止）、1st AI単独継続 {"date":"2026-09-19","kaisuu":"4","basho":"09","day":"5","race":"2","text":"厳選穴レース|0
レース指標|波乱度: 2|下位進入度: 2|大穴進入度: 1
馬番：8、馬名：サイモンレガシー、人気順: 1、6分前オッズ: 1.5、おすすめ度: 78、選出理由：能力適性:A（82点）。単勝1.5倍で非常に強い断層上側に位置し複勝も1.1-1.1倍で安定。OPI1.73の過剰人気で推定確定1.5倍と妙味は薄いが、類似レース統計の3着以内率78.7%・5着以内率94.8%が示す通"} 
[2026-09-19 10:38:32] local.ERROR: [Block14] ai_merge_result UPSERT failed {"err":"SQLSTATE[42S22]: Column not found: 1054 Unknown column 'updated_at' in 'field list' (SQL: INSERT INTO t_horse_odds_finder_ai_merge_result (date, kaisuu, basho, basho_code, day, race, race_name, merge_result) VALUES (2026-09-19, 4, 阪神, 09, 5, 2, 2歳未勝利[指定], {\"upset_race\":0,\"gap_type\":\"A\",\"wave_level\":null,\"lower_entry\":null,\"big_gap_entry\":null,\"merged_horses\":[]}) ON DUPLICATE KEY UPDATE   merge_result = VALUES(merge_result),   race_name    = VALUES(race_name),   basho        = VALUES(basho),   updated_at   = CURRENT_TIMESTAMP)"} 
[2026-09-19 10:38:32] local.DEBUG: [Block11] ml_snapshot saved {"date":"2026-09-19","kaisuu":4,"basho_code":"09","day":5,"race":2,"gap_type":"A","merged_cnt":0} 
[2026-09-19 10:39:55] local.DEBUG: [Block10] market_score {"num":1,"score_a":0,"score_b":0,"score_c":15,"score_d":null,"score_e":0,"valid_max":65,"total":18,"f1":false,"f5":false} 
[2026-09-19 10:39:55] local.INFO: [B-13] 市場過小評価フラグ {"date":"2026-09-19","kaisuu":4,"basho_code":"06","day":5,"race":2,"num":1,"total_score":18,"score_a":0,"score_c":15,"valid_max":65,"undereval":false} 
[2026-09-19 10:39:55] local.DEBUG: [Block10] market_score {"num":2,"score_a":0,"score_b":0,"score_c":15,"score_d":null,"score_e":0,"valid_max":65,"total":18,"f1":false,"f5":false} 
[2026-09-19 10:39:55] local.INFO: [B-13] 市場過小評価フラグ {"date":"2026-09-19","kaisuu":4,"basho_code":"06","day":5,"race":2,"num":2,"total_score":18,"score_a":0,"score_c":15,"valid_max":65,"undereval":false} 
[2026-09-19 10:39:55] local.DEBUG: [Block10] market_score {"num":3,"score_a":0,"score_b":5,"score_c":3,"score_d":null,"score_e":0,"valid_max":65,"total":10,"f1":false,"f5":false} 
[2026-09-19 10:39:55] local.INFO: [B-13] 市場過小評価フラグ {"date":"2026-09-19","kaisuu":4,"basho_code":"06","day":5,"race":2,"num":3,"total_score":10,"score_a":0,"score_c":3,"valid_max":65,"undereval":false} 
[2026-09-19 10:39:55] local.DEBUG: [Block10] market_score {"num":4,"score_a":0,"score_b":0,"score_c":0,"score_d":null,"score_e":0,"valid_max":65,"total":0,"f1":false,"f5":false} 
[2026-09-19 10:39:55] local.INFO: [B-13] 市場過小評価フラグ {"date":"2026-09-19","kaisuu":4,"basho_code":"06","day":5,"race":2,"num":4,"total_score":0,"score_a":0,"score_c":0,"valid_max":65,"undereval":false} 
[2026-09-19 10:39:55] local.DEBUG: [Block10] market_score {"num":5,"score_a":0,"score_b":0,"score_c":15,"score_d":null,"score_e":0,"valid_max":65,"total":18,"f1":false,"f5":false} 
[2026-09-19 10:39:55] local.INFO: [B-13] 市場過小評価フラグ {"date":"2026-09-19","kaisuu":4,"basho_code":"06","day":5,"race":2,"num":5,"total_score":18,"score_a":0,"score_c":15,"valid_max":65,"undereval":false} 
[2026-09-19 10:39:55] local.DEBUG: [Block10] market_score {"num":6,"score_a":12,"score_b":5,"score_c":15,"score_d":null,"score_e":6,"valid_max":65,"total":47,"f1":true,"f5":true} 
[2026-09-19 10:39:55] local.INFO: [B-13] 市場過小評価フラグ {"date":"2026-09-19","kaisuu":4,"basho_code":"06","day":5,"race":2,"num":6,"total_score":47,"score_a":12,"score_c":15,"valid_max":65,"undereval":false} 
[2026-09-19 10:39:55] local.DEBUG: [Block10] market_score {"num":7,"score_a":0,"score_b":0,"score_c":15,"score_d":null,"score_e":0,"valid_max":65,"total":18,"f1":false,"f5":false} 
[2026-09-19 10:39:55] local.INFO: [B-13] 市場過小評価フラグ {"date":"2026-09-19","kaisuu":4,"basho_code":"06","day":5,"race":2,"num":7,"total_score":18,"score_a":0,"score_c":15,"valid_max":65,"undereval":false} 
[2026-09-19 10:39:55] local.DEBUG: [Block10] market_score {"num":8,"score_a":0,"score_b":0,"score_c":3,"score_d":null,"score_e":0,"valid_max":65,"total":4,"f1":false,"f5":false} 
[2026-09-19 10:39:55] local.INFO: [B-13] 市場過小評価フラグ {"date":"2026-09-19","kaisuu":4,"basho_code":"06","day":5,"race":2,"num":8,"total_score":4,"score_a":0,"score_c":3,"valid_max":65,"undereval":false} 
[2026-09-19 10:40:03] local.WARNING: [B-7] DeepSeek形式不正（再試行禁止）、1st AI単独継続 {"date":"2026-09-19","kaisuu":"4","basho":"06","day":"5","race":"2","text":"厳選穴レース|0
レース指標|波乱度: 2|下位進入度: 1|大穴進入度: 1
馬番：4、馬名：テンユメノオーロラ、人気順: 1、6分前オッズ: 1.4、おすすめ度: 78、選出理由：能力適性:A（82点）。新馬戦1800ダート2着で今回と同条件の実績があり、勝ち馬と0.3秒差は好内容。C.ルメールへの乗替は大きな好材料で、OPI1.86の過剰人気ながら同OPI帯回収率85.3%（N=379）と妙"} 
[2026-09-19 10:40:03] local.ERROR: [Block14] ai_merge_result UPSERT failed {"err":"SQLSTATE[42S22]: Column not found: 1054 Unknown column 'updated_at' in 'field list' (SQL: INSERT INTO t_horse_odds_finder_ai_merge_result (date, kaisuu, basho, basho_code, day, race, race_name, merge_result) VALUES (2026-09-19, 4, 中山, 06, 5, 2, 2歳未勝利牝［指定］, {\"upset_race\":0,\"gap_type\":\"A\",\"wave_level\":null,\"lower_entry\":null,\"big_gap_entry\":null,\"merged_horses\":[]}) ON DUPLICATE KEY UPDATE   merge_result = VALUES(merge_result),   race_name    = VALUES(race_name),   basho        = VALUES(basho),   updated_at   = CURRENT_TIMESTAMP)"} 
[2026-09-19 10:40:03] local.DEBUG: [Block11] ml_snapshot saved {"date":"2026-09-19","kaisuu":4,"basho_code":"06","day":5,"race":2,"gap_type":"A","merged_cnt":0} 
[2026-09-19 10:47:59] local.DEBUG: [Block10] market_score {"num":1,"score_a":0,"score_b":0,"score_c":12,"score_d":null,"score_e":0,"valid_max":65,"total":15,"f1":false,"f5":false} 
[2026-09-19 10:47:59] local.INFO: [B-13] 市場過小評価フラグ {"date":"2026-09-19","kaisuu":4,"basho_code":"09","day":5,"race":3,"num":1,"total_score":15,"score_a":0,"score_c":12,"valid_max":65,"undereval":false} 
[2026-09-19 10:47:59] local.DEBUG: [Block10] market_score {"num":2,"score_a":0,"score_b":0,"score_c":3,"score_d":null,"score_e":0,"valid_max":65,"total":4,"f1":false,"f5":false} 
[2026-09-19 10:47:59] local.INFO: [B-13] 市場過小評価フラグ {"date":"2026-09-19","kaisuu":4,"basho_code":"09","day":5,"race":3,"num":2,"total_score":4,"score_a":0,"score_c":3,"valid_max":65,"undereval":false} 
[2026-09-19 10:47:59] local.DEBUG: [Block10] market_score {"num":3,"score_a":0,"score_b":5,"score_c":0,"score_d":null,"score_e":0,"valid_max":65,"total":6,"f1":false,"f5":false} 
[2026-09-19 10:47:59] local.INFO: [B-13] 市場過小評価フラグ {"date":"2026-09-19","kaisuu":4,"basho_code":"09","day":5,"race":3,"num":3,"total_score":6,"score_a":0,"score_c":0,"valid_max":65,"undereval":false} 
[2026-09-19 10:47:59] local.DEBUG: [Block10] market_score {"num":4,"score_a":0,"score_b":0,"score_c":0,"score_d":null,"score_e":0,"valid_max":65,"total":0,"f1":false,"f5":false} 
[2026-09-19 10:47:59] local.INFO: [B-13] 市場過小評価フラグ {"date":"2026-09-19","kaisuu":4,"basho_code":"09","day":5,"race":3,"num":4,"total_score":0,"score_a":0,"score_c":0,"valid_max":65,"undereval":false} 
[2026-09-19 10:47:59] local.DEBUG: [Block10] market_score {"num":5,"score_a":0,"score_b":0,"score_c":0,"score_d":null,"score_e":0,"valid_max":65,"total":0,"f1":false,"f5":false} 
[2026-09-19 10:47:59] local.INFO: [B-13] 市場過小評価フラグ {"date":"2026-09-19","kaisuu":4,"basho_code":"09","day":5,"race":3,"num":5,"total_score":0,"score_a":0,"score_c":0,"valid_max":65,"undereval":false} 
[2026-09-19 10:47:59] local.DEBUG: [Block10] market_score {"num":6,"score_a":0,"score_b":0,"score_c":3,"score_d":null,"score_e":0,"valid_max":65,"total":4,"f1":false,"f5":false} 
[2026-09-19 10:47:59] local.INFO: [B-13] 市場過小評価フラグ {"date":"2026-09-19","kaisuu":4,"basho_code":"09","day":5,"race":3,"num":6,"total_score":4,"score_a":0,"score_c":3,"valid_max":65,"undereval":false} 
[2026-09-19 10:47:59] local.DEBUG: [Block10] market_score {"num":7,"score_a":0,"score_b":0,"score_c":7,"score_d":null,"score_e":0,"valid_max":65,"total":9,"f1":false,"f5":false} 
[2026-09-19 10:47:59] local.INFO: [B-13] 市場過小評価フラグ {"date":"2026-09-19","kaisuu":4,"basho_code":"09","day":5,"race":3,"num":7,"total_score":9,"score_a":0,"score_c":7,"valid_max":65,"undereval":false} 
[2026-09-19 10:47:59] local.DEBUG: [Block10] market_score {"num":8,"score_a":0,"score_b":0,"score_c":0,"score_d":null,"score_e":0,"valid_max":65,"total":0,"f1":false,"f5":false} 
[2026-09-19 10:47:59] local.INFO: [B-13] 市場過小評価フラグ {"date":"2026-09-19","kaisuu":4,"basho_code":"09","day":5,"race":3,"num":8,"total_score":0,"score_a":0,"score_c":0,"valid_max":65,"undereval":false} 
[2026-09-19 10:47:59] local.DEBUG: [Block10] market_score {"num":9,"score_a":25,"score_b":10,"score_c":0,"score_d":null,"score_e":6,"valid_max":65,"total":50,"f1":true,"f5":true} 
[2026-09-19 10:47:59] local.INFO: [B-13] 市場過小評価フラグ {"date":"2026-09-19","kaisuu":4,"basho_code":"09","day":5,"race":3,"num":9,"total_score":50,"score_a":25,"score_c":0,"valid_max":65,"undereval":false} 
[2026-09-19 10:47:59] local.DEBUG: [Block10] market_score {"num":10,"score_a":0,"score_b":0,"score_c":0,"score_d":null,"score_e":0,"valid_max":65,"total":0,"f1":false,"f5":false} 
[2026-09-19 10:47:59] local.INFO: [B-13] 市場過小評価フラグ {"date":"2026-09-19","kaisuu":4,"basho_code":"09","day":5,"race":3,"num":10,"total_score":0,"score_a":0,"score_c":0,"valid_max":65,"undereval":false} 
[2026-09-19 10:47:59] local.DEBUG: [Block10] market_score {"num":11,"score_a":0,"score_b":0,"score_c":0,"score_d":null,"score_e":0,"valid_max":65,"total":0,"f1":false,"f5":false} 
[2026-09-19 10:47:59] local.INFO: [B-13] 市場過小評価フラグ {"date":"2026-09-19","kaisuu":4,"basho_code":"09","day":5,"race":3,"num":11,"total_score":0,"score_a":0,"score_c":0,"valid_max":65,"undereval":false} 
[2026-09-19 10:48:05] local.WARNING: [B-7] DeepSeek形式不正（再試行禁止）、1st AI単独継続 {"date":"2026-09-19","kaisuu":"4","basho":"09","day":"5","race":"3","text":"厳選穴レース|0
レース指標|波乱度: 3|下位進入度: 2|大穴進入度: 1
馬番：5、馬名：エルピスノヴァ、人気順: 1、6分前オッズ: 2.4、おすすめ度: 78、選出理由：能力適性:A（84点）。単勝35.1%下落で1〜3人気グループ単勝流入ランク1位、複勝も7.1%下落し複勝流入ランク2位と資金流入が継続。前走芝1400で4着の内容があり、ダート替わりでも上位人気の信任は揺るがない。類似"} 
[2026-09-19 10:48:05] local.ERROR: [Block14] ai_merge_result UPSERT failed {"err":"SQLSTATE[42S22]: Column not found: 1054 Unknown column 'updated_at' in 'field list' (SQL: INSERT INTO t_horse_odds_finder_ai_merge_result (date, kaisuu, basho, basho_code, day, race, race_name, merge_result) VALUES (2026-09-19, 4, 阪神, 09, 5, 3, 2歳未勝利牝［指定］, {\"upset_race\":0,\"gap_type\":\"B\",\"wave_level\":null,\"lower_entry\":null,\"big_gap_entry\":null,\"merged_horses\":[]}) ON DUPLICATE KEY UPDATE   merge_result = VALUES(merge_result),   race_name    = VALUES(race_name),   basho        = VALUES(basho),   updated_at   = CURRENT_TIMESTAMP)"} 
[2026-09-19 10:48:05] local.DEBUG: [Block11] ml_snapshot saved {"date":"2026-09-19","kaisuu":4,"basho_code":"09","day":5,"race":3,"gap_type":"B","merged_cnt":0} 
[2026-09-19 12:06:51] local.DEBUG: [Block10] market_score {"num":1,"score_a":0,"score_b":0,"score_c":15,"score_d":null,"score_e":0,"valid_max":65,"total":18,"f1":false,"f5":false} 
[2026-09-19 12:06:51] local.INFO: [B-13] 市場過小評価フラグ {"date":"2026-09-19","kaisuu":4,"basho_code":"09","day":5,"race":4,"num":1,"total_score":18,"score_a":0,"score_c":15,"valid_max":65,"undereval":false} 
[2026-09-19 12:06:51] local.DEBUG: [Block10] market_score {"num":2,"score_a":0,"score_b":5,"score_c":0,"score_d":null,"score_e":0,"valid_max":65,"total":6,"f1":false,"f5":false} 
[2026-09-19 12:06:51] local.INFO: [B-13] 市場過小評価フラグ {"date":"2026-09-19","kaisuu":4,"basho_code":"09","day":5,"race":4,"num":2,"total_score":6,"score_a":0,"score_c":0,"valid_max":65,"undereval":false} 
[2026-09-19 12:06:51] local.DEBUG: [Block10] market_score {"num":3,"score_a":0,"score_b":0,"score_c":15,"score_d":null,"score_e":0,"valid_max":65,"total":18,"f1":false,"f5":false} 
[2026-09-19 12:06:51] local.INFO: [B-13] 市場過小評価フラグ {"date":"2026-09-19","kaisuu":4,"basho_code":"09","day":5,"race":4,"num":3,"total_score":18,"score_a":0,"score_c":15,"valid_max":65,"undereval":false} 
[2026-09-19 12:06:51] local.DEBUG: [Block10] market_score {"num":4,"score_a":0,"score_b":0,"score_c":15,"score_d":null,"score_e":0,"valid_max":65,"total":18,"f1":false,"f5":false} 
[2026-09-19 12:06:51] local.INFO: [B-13] 市場過小評価フラグ {"date":"2026-09-19","kaisuu":4,"basho_code":"09","day":5,"race":4,"num":4,"total_score":18,"score_a":0,"score_c":15,"valid_max":65,"undereval":false} 
[2026-09-19 12:06:51] local.DEBUG: [Block10] market_score {"num":5,"score_a":0,"score_b":0,"score_c":0,"score_d":null,"score_e":0,"valid_max":65,"total":0,"f1":false,"f5":false} 
[2026-09-19 12:06:51] local.INFO: [B-13] 市場過小評価フラグ {"date":"2026-09-19","kaisuu":4,"basho_code":"09","day":5,"race":4,"num":5,"total_score":0,"score_a":0,"score_c":0,"valid_max":65,"undereval":false} 
[2026-09-19 12:06:51] local.DEBUG: [Block10] market_score {"num":6,"score_a":0,"score_b":0,"score_c":15,"score_d":null,"score_e":0,"valid_max":65,"total":18,"f1":false,"f5":false} 
[2026-09-19 12:06:51] local.INFO: [B-13] 市場過小評価フラグ {"date":"2026-09-19","kaisuu":4,"basho_code":"09","day":5,"race":4,"num":6,"total_score":18,"score_a":0,"score_c":15,"valid_max":65,"undereval":false} 
[2026-09-19 12:06:51] local.DEBUG: [Block10] market_score {"num":7,"score_a":0,"score_b":5,"score_c":12,"score_d":null,"score_e":0,"valid_max":65,"total":21,"f1":false,"f5":false} 
[2026-09-19 12:06:51] local.INFO: [B-13] 市場過小評価フラグ {"date":"2026-09-19","kaisuu":4,"basho_code":"09","day":5,"race":4,"num":7,"total_score":21,"score_a":0,"score_c":12,"valid_max":65,"undereval":false} 
[2026-09-19 12:06:51] local.DEBUG: [Block10] market_score {"num":8,"score_a":12,"score_b":5,"score_c":12,"score_d":null,"score_e":6,"valid_max":65,"total":43,"f1":true,"f5":true} 
[2026-09-19 12:06:51] local.INFO: [B-13] 市場過小評価フラグ {"date":"2026-09-19","kaisuu":4,"basho_code":"09","day":5,"race":4,"num":8,"total_score":43,"score_a":12,"score_c":12,"valid_max":65,"undereval":false} 
[2026-09-19 12:06:51] local.DEBUG: [Block10] market_score {"num":9,"score_a":0,"score_b":0,"score_c":12,"score_d":null,"score_e":0,"valid_max":65,"total":15,"f1":false,"f5":false} 
[2026-09-19 12:06:51] local.INFO: [B-13] 市場過小評価フラグ {"date":"2026-09-19","kaisuu":4,"basho_code":"09","day":5,"race":4,"num":9,"total_score":15,"score_a":0,"score_c":12,"valid_max":65,"undereval":false} 
[2026-09-19 12:06:51] local.DEBUG: [Block10] market_score {"num":10,"score_a":0,"score_b":0,"score_c":0,"score_d":null,"score_e":0,"valid_max":65,"total":0,"f1":false,"f5":false} 
[2026-09-19 12:06:51] local.INFO: [B-13] 市場過小評価フラグ {"date":"2026-09-19","kaisuu":4,"basho_code":"09","day":5,"race":4,"num":10,"total_score":0,"score_a":0,"score_c":0,"valid_max":65,"undereval":false} 
[2026-09-19 12:06:51] local.DEBUG: [Block10] market_score {"num":11,"score_a":0,"score_b":5,"score_c":15,"score_d":null,"score_e":0,"valid_max":65,"total":25,"f1":false,"f5":false} 
[2026-09-19 12:06:51] local.INFO: [B-13] 市場過小評価フラグ {"date":"2026-09-19","kaisuu":4,"basho_code":"09","day":5,"race":4,"num":11,"total_score":25,"score_a":0,"score_c":15,"valid_max":65,"undereval":false} 
[2026-09-19 12:06:51] local.DEBUG: [Block10] market_score {"num":12,"score_a":0,"score_b":0,"score_c":3,"score_d":null,"score_e":0,"valid_max":65,"total":4,"f1":false,"f5":false} 
[2026-09-19 12:06:51] local.INFO: [B-13] 市場過小評価フラグ {"date":"2026-09-19","kaisuu":4,"basho_code":"09","day":5,"race":4,"num":12,"total_score":4,"score_a":0,"score_c":3,"valid_max":65,"undereval":false} 
[2026-09-19 12:06:58] local.DEBUG: [Block10] market_score {"num":1,"score_a":25,"score_b":0,"score_c":0,"score_d":null,"score_e":6,"valid_max":65,"total":38,"f1":true,"f5":true} 
[2026-09-19 12:06:58] local.INFO: [B-13] 市場過小評価フラグ {"date":"2026-09-19","kaisuu":4,"basho_code":"06","day":5,"race":3,"num":1,"total_score":38,"score_a":25,"score_c":0,"valid_max":65,"undereval":false} 
[2026-09-19 12:06:58] local.DEBUG: [Block10] market_score {"num":2,"score_a":18,"score_b":0,"score_c":15,"score_d":null,"score_e":6,"valid_max":65,"total":48,"f1":true,"f5":true} 
[2026-09-19 12:06:58] local.INFO: [B-13] 市場過小評価フラグ {"date":"2026-09-19","kaisuu":4,"basho_code":"06","day":5,"race":3,"num":2,"total_score":48,"score_a":18,"score_c":15,"valid_max":65,"undereval":false} 
[2026-09-19 12:06:58] local.DEBUG: [Block10] market_score {"num":3,"score_a":0,"score_b":0,"score_c":15,"score_d":null,"score_e":0,"valid_max":65,"total":18,"f1":false,"f5":false} 
[2026-09-19 12:06:58] local.INFO: [B-13] 市場過小評価フラグ {"date":"2026-09-19","kaisuu":4,"basho_code":"06","day":5,"race":3,"num":3,"total_score":18,"score_a":0,"score_c":15,"valid_max":65,"undereval":false} 
[2026-09-19 12:06:58] local.DEBUG: [Block10] market_score {"num":4,"score_a":0,"score_b":0,"score_c":15,"score_d":null,"score_e":0,"valid_max":65,"total":18,"f1":false,"f5":false} 
[2026-09-19 12:06:58] local.INFO: [B-13] 市場過小評価フラグ {"date":"2026-09-19","kaisuu":4,"basho_code":"06","day":5,"race":3,"num":4,"total_score":18,"score_a":0,"score_c":15,"valid_max":65,"undereval":false} 
[2026-09-19 12:06:58] local.DEBUG: [Block10] market_score {"num":5,"score_a":0,"score_b":0,"score_c":0,"score_d":null,"score_e":0,"valid_max":65,"total":0,"f1":false,"f5":false} 
[2026-09-19 12:06:58] local.INFO: [B-13] 市場過小評価フラグ {"date":"2026-09-19","kaisuu":4,"basho_code":"06","day":5,"race":3,"num":5,"total_score":0,"score_a":0,"score_c":0,"valid_max":65,"undereval":false} 
[2026-09-19 12:06:58] local.DEBUG: [Block10] market_score {"num":6,"score_a":0,"score_b":0,"score_c":7,"score_d":null,"score_e":0,"valid_max":65,"total":9,"f1":false,"f5":false} 
[2026-09-19 12:06:58] local.INFO: [B-13] 市場過小評価フラグ {"date":"2026-09-19","kaisuu":4,"basho_code":"06","day":5,"race":3,"num":6,"total_score":9,"score_a":0,"score_c":7,"valid_max":65,"undereval":false} 
[2026-09-19 12:06:58] local.DEBUG: [Block10] market_score {"num":7,"score_a":0,"score_b":0,"score_c":15,"score_d":null,"score_e":0,"valid_max":65,"total":18,"f1":false,"f5":false} 
[2026-09-19 12:06:58] local.INFO: [B-13] 市場過小評価フラグ {"date":"2026-09-19","kaisuu":4,"basho_code":"06","day":5,"race":3,"num":7,"total_score":18,"score_a":0,"score_c":15,"valid_max":65,"undereval":false} 
[2026-09-19 12:06:58] local.DEBUG: [Block10] market_score {"num":8,"score_a":0,"score_b":5,"score_c":7,"score_d":null,"score_e":0,"valid_max":65,"total":15,"f1":false,"f5":false} 
[2026-09-19 12:06:58] local.INFO: [B-13] 市場過小評価フラグ {"date":"2026-09-19","kaisuu":4,"basho_code":"06","day":5,"race":3,"num":8,"total_score":15,"score_a":0,"score_c":7,"valid_max":65,"undereval":false} 
[2026-09-19 12:06:58] local.DEBUG: [Block10] market_score {"num":9,"score_a":0,"score_b":0,"score_c":12,"score_d":null,"score_e":0,"valid_max":65,"total":15,"f1":false,"f5":false} 
[2026-09-19 12:06:58] local.INFO: [B-13] 市場過小評価フラグ {"date":"2026-09-19","kaisuu":4,"basho_code":"06","day":5,"race":3,"num":9,"total_score":15,"score_a":0,"score_c":12,"valid_max":65,"undereval":false} 
[2026-09-19 12:06:58] local.DEBUG: [Block10] market_score {"num":10,"score_a":0,"score_b":5,"score_c":0,"score_d":null,"score_e":0,"valid_max":65,"total":6,"f1":false,"f5":false} 
[2026-09-19 12:06:58] local.INFO: [B-13] 市場過小評価フラグ {"date":"2026-09-19","kaisuu":4,"basho_code":"06","day":5,"race":3,"num":10,"total_score":6,"score_a":0,"score_c":0,"valid_max":65,"undereval":false} 
[2026-09-19 12:06:58] local.DEBUG: [Block10] market_score {"num":11,"score_a":0,"score_b":0,"score_c":12,"score_d":null,"score_e":0,"valid_max":65,"total":15,"f1":false,"f5":false} 
[2026-09-19 12:06:58] local.INFO: [B-13] 市場過小評価フラグ {"date":"2026-09-19","kaisuu":4,"basho_code":"06","day":5,"race":3,"num":11,"total_score":15,"score_a":0,"score_c":12,"valid_max":65,"undereval":false} 
[2026-09-19 12:06:58] local.DEBUG: [Block10] market_score {"num":12,"score_a":0,"score_b":0,"score_c":15,"score_d":null,"score_e":0,"valid_max":65,"total":18,"f1":false,"f5":false} 
[2026-09-19 12:06:58] local.INFO: [B-13] 市場過小評価フラグ {"date":"2026-09-19","kaisuu":4,"basho_code":"06","day":5,"race":3,"num":12,"total_score":18,"score_a":0,"score_c":15,"valid_max":65,"undereval":false} 
[2026-09-19 12:06:59] local.WARNING: [B-7] DeepSeek形式不正（再試行禁止）、1st AI単独継続 {"date":"2026-09-19","kaisuu":"4","basho":"09","day":"5","race":"4","text":"厳選穴レース|0
レース指標|波乱度: 2|下位進入度: 3|大穴進入度: 1
馬番：5、馬名：ホウオウプロサンゲ、人気順: 1、6分前オッズ: 1.8、おすすめ度: 72、選出理由：能力適性:A（85点）。1〜3人気グループ内で単勝流入ランク1位、単勝10.0%下落と資金流入がグループ最強。複勝1.1-1.6倍で最小オッズが低く安定支持、複勝OPI1.18で過度な過剰人気ではなく、複4位との間に"} 
[2026-09-19 12:06:59] local.ERROR: [Block14] ai_merge_result UPSERT failed {"err":"SQLSTATE[42S22]: Column not found: 1054 Unknown column 'updated_at' in 'field list' (SQL: INSERT INTO t_horse_odds_finder_ai_merge_result (date, kaisuu, basho, basho_code, day, race, race_name, merge_result) VALUES (2026-09-19, 4, 阪神, 09, 5, 4, 阪神ジャンプS, {\"upset_race\":0,\"gap_type\":\"A\",\"wave_level\":null,\"lower_entry\":null,\"big_gap_entry\":null,\"merged_horses\":[]}) ON DUPLICATE KEY UPDATE   merge_result = VALUES(merge_result),   race_name    = VALUES(race_name),   basho        = VALUES(basho),   updated_at   = CURRENT_TIMESTAMP)"} 
[2026-09-19 12:06:59] local.DEBUG: [Block11] ml_snapshot saved {"date":"2026-09-19","kaisuu":4,"basho_code":"09","day":5,"race":4,"gap_type":"A","merged_cnt":0} 
[2026-09-19 12:07:04] local.WARNING: [B-7] DeepSeek形式不正（再試行禁止）、1st AI単独継続 {"date":"2026-09-19","kaisuu":"4","basho":"06","day":"5","race":"3","text":"厳選穴レース|0
レース指標|波乱度: 2|下位進入度: 2|大穴進入度: 1
馬番：5、馬名：トルタパスカリーナ、人気順: 1、6分前オッズ: 1.5、おすすめ度: 78、選出理由：能力適性:A（82点）。断層最上位（1〜2番人気間比率4.00）に位置し単勝流入ランク1位、1.5倍への下落は市場の強い信頼。推定確定1.5倍で複勝最小1.1-1.1の狭い幅は3着内安定志向。OPI1.73は過剰人気"} 
[2026-09-19 12:07:04] local.ERROR: [Block14] ai_merge_result UPSERT failed {"err":"SQLSTATE[42S22]: Column not found: 1054 Unknown column 'updated_at' in 'field list' (SQL: INSERT INTO t_horse_odds_finder_ai_merge_result (date, kaisuu, basho, basho_code, day, race, race_name, merge_result) VALUES (2026-09-19, 4, 中山, 06, 5, 3, 2歳未勝利（混合）［指定］, {\"upset_race\":0,\"gap_type\":\"B\",\"wave_level\":null,\"lower_entry\":null,\"big_gap_entry\":null,\"merged_horses\":[]}) ON DUPLICATE KEY UPDATE   merge_result = VALUES(merge_result),   race_name    = VALUES(race_name),   basho        = VALUES(basho),   updated_at   = CURRENT_TIMESTAMP)"} 
[2026-09-19 12:07:04] local.DEBUG: [Block11] ml_snapshot saved {"date":"2026-09-19","kaisuu":4,"basho_code":"06","day":5,"race":3,"gap_type":"B","merged_cnt":0} 
[2026-09-19 12:07:30] local.DEBUG: [Block10] market_score {"num":1,"score_a":0,"score_b":0,"score_c":0,"score_d":null,"score_e":null,"valid_max":55,"total":0,"f1":false,"f5":false} 
[2026-09-19 12:07:30] local.INFO: [B-13] 市場過小評価フラグ {"date":"2026-09-19","kaisuu":4,"basho_code":"06","day":5,"race":4,"num":1,"total_score":0,"score_a":0,"score_c":0,"valid_max":55,"undereval":false} 
[2026-09-19 12:07:30] local.DEBUG: [Block10] market_score {"num":2,"score_a":12,"score_b":0,"score_c":3,"score_d":null,"score_e":null,"valid_max":55,"total":22,"f1":true,"f5":false} 
[2026-09-19 12:07:30] local.INFO: [B-13] 市場過小評価フラグ {"date":"2026-09-19","kaisuu":4,"basho_code":"06","day":5,"race":4,"num":2,"total_score":22,"score_a":12,"score_c":3,"valid_max":55,"undereval":false} 
[2026-09-19 12:07:30] local.DEBUG: [Block10] market_score {"num":3,"score_a":0,"score_b":0,"score_c":0,"score_d":null,"score_e":null,"valid_max":55,"total":0,"f1":false,"f5":false} 
[2026-09-19 12:07:30] local.INFO: [B-13] 市場過小評価フラグ {"date":"2026-09-19","kaisuu":4,"basho_code":"06","day":5,"race":4,"num":3,"total_score":0,"score_a":0,"score_c":0,"valid_max":55,"undereval":false} 
[2026-09-19 12:07:30] local.DEBUG: [Block10] market_score {"num":4,"score_a":0,"score_b":5,"score_c":0,"score_d":null,"score_e":null,"valid_max":55,"total":7,"f1":false,"f5":false} 
[2026-09-19 12:07:30] local.INFO: [B-13] 市場過小評価フラグ {"date":"2026-09-19","kaisuu":4,"basho_code":"06","day":5,"race":4,"num":4,"total_score":7,"score_a":0,"score_c":0,"valid_max":55,"undereval":false} 
[2026-09-19 12:07:30] local.DEBUG: [Block10] market_score {"num":5,"score_a":0,"score_b":0,"score_c":0,"score_d":null,"score_e":null,"valid_max":55,"total":0,"f1":false,"f5":false} 
[2026-09-19 12:07:30] local.INFO: [B-13] 市場過小評価フラグ {"date":"2026-09-19","kaisuu":4,"basho_code":"06","day":5,"race":4,"num":5,"total_score":0,"score_a":0,"score_c":0,"valid_max":55,"undereval":false} 
[2026-09-19 12:07:30] local.DEBUG: [Block10] market_score {"num":6,"score_a":12,"score_b":0,"score_c":15,"score_d":null,"score_e":null,"valid_max":55,"total":39,"f1":true,"f5":false} 
[2026-09-19 12:07:30] local.INFO: [B-13] 市場過小評価フラグ {"date":"2026-09-19","kaisuu":4,"basho_code":"06","day":5,"race":4,"num":6,"total_score":39,"score_a":12,"score_c":15,"valid_max":55,"undereval":false} 
[2026-09-19 12:07:30] local.DEBUG: [Block10] market_score {"num":7,"score_a":0,"score_b":0,"score_c":0,"score_d":null,"score_e":null,"valid_max":55,"total":0,"f1":false,"f5":false} 
[2026-09-19 12:07:30] local.INFO: [B-13] 市場過小評価フラグ {"date":"2026-09-19","kaisuu":4,"basho_code":"06","day":5,"race":4,"num":7,"total_score":0,"score_a":0,"score_c":0,"valid_max":55,"undereval":false} 
[2026-09-19 12:07:30] local.DEBUG: [Block10] market_score {"num":8,"score_a":0,"score_b":10,"score_c":0,"score_d":null,"score_e":null,"valid_max":55,"total":15,"f1":false,"f5":false} 
[2026-09-19 12:07:30] local.INFO: [B-13] 市場過小評価フラグ {"date":"2026-09-19","kaisuu":4,"basho_code":"06","day":5,"race":4,"num":8,"total_score":15,"score_a":0,"score_c":0,"valid_max":55,"undereval":false} 
[2026-09-19 12:07:30] local.DEBUG: [Block10] market_score {"num":9,"score_a":0,"score_b":0,"score_c":0,"score_d":null,"score_e":null,"valid_max":55,"total":0,"f1":false,"f5":false} 
[2026-09-19 12:07:30] local.INFO: [B-13] 市場過小評価フラグ {"date":"2026-09-19","kaisuu":4,"basho_code":"06","day":5,"race":4,"num":9,"total_score":0,"score_a":0,"score_c":0,"valid_max":55,"undereval":false} 
[2026-09-19 12:07:30] local.DEBUG: [Block10] market_score {"num":10,"score_a":12,"score_b":10,"score_c":0,"score_d":null,"score_e":null,"valid_max":55,"total":32,"f1":true,"f5":false} 
[2026-09-19 12:07:30] local.INFO: [B-13] 市場過小評価フラグ {"date":"2026-09-19","kaisuu":4,"basho_code":"06","day":5,"race":4,"num":10,"total_score":32,"score_a":12,"score_c":0,"valid_max":55,"undereval":false} 
[2026-09-19 12:07:30] local.DEBUG: [Block10] market_score {"num":11,"score_a":0,"score_b":0,"score_c":0,"score_d":null,"score_e":null,"valid_max":55,"total":0,"f1":false,"f5":false} 
[2026-09-19 12:07:30] local.INFO: [B-13] 市場過小評価フラグ {"date":"2026-09-19","kaisuu":4,"basho_code":"06","day":5,"race":4,"num":11,"total_score":0,"score_a":0,"score_c":0,"valid_max":55,"undereval":false} 
[2026-09-19 12:07:30] local.DEBUG: [Block10] market_score {"num":12,"score_a":0,"score_b":0,"score_c":0,"score_d":null,"score_e":null,"valid_max":55,"total":0,"f1":false,"f5":false} 
[2026-09-19 12:07:30] local.INFO: [B-13] 市場過小評価フラグ {"date":"2026-09-19","kaisuu":4,"basho_code":"06","day":5,"race":4,"num":12,"total_score":0,"score_a":0,"score_c":0,"valid_max":55,"undereval":false} 
[2026-09-19 12:07:30] local.DEBUG: [Block10] market_score {"num":13,"score_a":0,"score_b":5,"score_c":0,"score_d":null,"score_e":null,"valid_max":55,"total":7,"f1":false,"f5":false} 
[2026-09-19 12:07:30] local.INFO: [B-13] 市場過小評価フラグ {"date":"2026-09-19","kaisuu":4,"basho_code":"06","day":5,"race":4,"num":13,"total_score":7,"score_a":0,"score_c":0,"valid_max":55,"undereval":false} 
[2026-09-19 12:07:30] local.DEBUG: [Block10] market_score {"num":14,"score_a":12,"score_b":0,"score_c":0,"score_d":null,"score_e":null,"valid_max":55,"total":17,"f1":true,"f5":false} 
[2026-09-19 12:07:30] local.INFO: [B-13] 市場過小評価フラグ {"date":"2026-09-19","kaisuu":4,"basho_code":"06","day":5,"race":4,"num":14,"total_score":17,"score_a":12,"score_c":0,"valid_max":55,"undereval":false} 
[2026-09-19 12:07:30] local.DEBUG: [Block10] market_score {"num":15,"score_a":0,"score_b":5,"score_c":0,"score_d":null,"score_e":null,"valid_max":55,"total":7,"f1":false,"f5":false} 
[2026-09-19 12:07:30] local.INFO: [B-13] 市場過小評価フラグ {"date":"2026-09-19","kaisuu":4,"basho_code":"06","day":5,"race":4,"num":15,"total_score":7,"score_a":0,"score_c":0,"valid_max":55,"undereval":false} 
[2026-09-19 12:07:30] local.DEBUG: [Block10] market_score {"num":16,"score_a":0,"score_b":0,"score_c":0,"score_d":null,"score_e":null,"valid_max":55,"total":0,"f1":false,"f5":false} 
[2026-09-19 12:07:30] local.INFO: [B-13] 市場過小評価フラグ {"date":"2026-09-19","kaisuu":4,"basho_code":"06","day":5,"race":4,"num":16,"total_score":0,"score_a":0,"score_c":0,"valid_max":55,"undereval":false} 
[2026-09-19 12:07:34] local.WARNING: [B-7] DeepSeek形式不正（再試行禁止）、1st AI単独継続 {"date":"2026-09-19","kaisuu":"4","basho":"06","day":"5","race":"4","text":"厳選穴レース|0
レース指標|波乱度: 4|下位進入度: 3|大穴進入度: 2
馬番：6、馬名：ルナロマンティカ、人気順: 1、6分前オッズ: 4.5、おすすめ度: 76、選出理由：能力適性:D（0点）。1番人気で単勝流入ランク1位、複勝も下落継続し複勝流入ランク2位。OPI0.58と予測補正OPI0.59で市場の過小評価ゾーン、複勝最小1.6倍は上位安定。類似レース統計1番人気の3着以内率62."} 
[2026-09-19 12:07:34] local.ERROR: [Block14] ai_merge_result UPSERT failed {"err":"SQLSTATE[42S22]: Column not found: 1054 Unknown column 'updated_at' in 'field list' (SQL: INSERT INTO t_horse_odds_finder_ai_merge_result (date, kaisuu, basho, basho_code, day, race, race_name, merge_result) VALUES (2026-09-19, 4, 中山, 06, 5, 4, メイクデビュー中山, {\"upset_race\":0,\"gap_type\":\"E\",\"wave_level\":null,\"lower_entry\":null,\"big_gap_entry\":null,\"merged_horses\":[]}) ON DUPLICATE KEY UPDATE   merge_result = VALUES(merge_result),   race_name    = VALUES(race_name),   basho        = VALUES(basho),   updated_at   = CURRENT_TIMESTAMP)"} 
[2026-09-19 12:07:34] local.DEBUG: [Block11] ml_snapshot saved {"date":"2026-09-19","kaisuu":4,"basho_code":"06","day":5,"race":4,"gap_type":"E","merged_cnt":0} 
[2026-09-19 15:59:55] local.DEBUG: [Block10] market_score {"num":1,"score_a":0,"score_b":0,"score_c":15,"score_d":null,"score_e":null,"valid_max":55,"total":22,"f1":false,"f5":false} 
[2026-09-19 15:59:55] local.INFO: [B-13] 市場過小評価フラグ {"date":"2026-09-19","kaisuu":4,"basho_code":"06","day":5,"race":5,"num":1,"total_score":22,"score_a":0,"score_c":15,"valid_max":55,"undereval":false} 
[2026-09-19 15:59:55] local.DEBUG: [Block10] market_score {"num":2,"score_a":0,"score_b":5,"score_c":0,"score_d":null,"score_e":null,"valid_max":55,"total":7,"f1":false,"f5":false} 
[2026-09-19 15:59:55] local.INFO: [B-13] 市場過小評価フラグ {"date":"2026-09-19","kaisuu":4,"basho_code":"06","day":5,"race":5,"num":2,"total_score":7,"score_a":0,"score_c":0,"valid_max":55,"undereval":false} 
[2026-09-19 15:59:55] local.DEBUG: [Block10] market_score {"num":3,"score_a":25,"score_b":0,"score_c":15,"score_d":null,"score_e":null,"valid_max":55,"total":58,"f1":true,"f5":false} 
[2026-09-19 15:59:55] local.INFO: [B-13] 市場過小評価フラグ {"date":"2026-09-19","kaisuu":4,"basho_code":"06","day":5,"race":5,"num":3,"total_score":58,"score_a":25,"score_c":15,"valid_max":55,"undereval":false} 
[2026-09-19 15:59:55] local.DEBUG: [Block10] market_score {"num":4,"score_a":0,"score_b":0,"score_c":3,"score_d":null,"score_e":null,"valid_max":55,"total":4,"f1":false,"f5":false} 
[2026-09-19 15:59:55] local.INFO: [B-13] 市場過小評価フラグ {"date":"2026-09-19","kaisuu":4,"basho_code":"06","day":5,"race":5,"num":4,"total_score":4,"score_a":0,"score_c":3,"valid_max":55,"undereval":false} 
[2026-09-19 15:59:55] local.DEBUG: [Block10] market_score {"num":5,"score_a":0,"score_b":0,"score_c":3,"score_d":null,"score_e":null,"valid_max":55,"total":4,"f1":false,"f5":false} 
[2026-09-19 15:59:55] local.INFO: [B-13] 市場過小評価フラグ {"date":"2026-09-19","kaisuu":4,"basho_code":"06","day":5,"race":5,"num":5,"total_score":4,"score_a":0,"score_c":3,"valid_max":55,"undereval":false} 
[2026-09-19 15:59:55] local.DEBUG: [Block10] market_score {"num":6,"score_a":0,"score_b":0,"score_c":0,"score_d":null,"score_e":null,"valid_max":55,"total":0,"f1":false,"f5":false} 
[2026-09-19 15:59:55] local.INFO: [B-13] 市場過小評価フラグ {"date":"2026-09-19","kaisuu":4,"basho_code":"06","day":5,"race":5,"num":6,"total_score":0,"score_a":0,"score_c":0,"valid_max":55,"undereval":false} 
[2026-09-19 15:59:55] local.DEBUG: [Block10] market_score {"num":7,"score_a":0,"score_b":0,"score_c":15,"score_d":null,"score_e":null,"valid_max":55,"total":22,"f1":false,"f5":false} 
[2026-09-19 15:59:55] local.INFO: [B-13] 市場過小評価フラグ {"date":"2026-09-19","kaisuu":4,"basho_code":"06","day":5,"race":5,"num":7,"total_score":22,"score_a":0,"score_c":15,"valid_max":55,"undereval":false} 
[2026-09-19 15:59:55] local.DEBUG: [Block10] market_score {"num":8,"score_a":25,"score_b":0,"score_c":12,"score_d":null,"score_e":null,"valid_max":55,"total":54,"f1":true,"f5":false} 
[2026-09-19 15:59:55] local.INFO: [B-13] 市場過小評価フラグ {"date":"2026-09-19","kaisuu":4,"basho_code":"06","day":5,"race":5,"num":8,"total_score":54,"score_a":25,"score_c":12,"valid_max":55,"undereval":false} 
[2026-09-19 15:59:55] local.DEBUG: [Block10] market_score {"num":9,"score_a":12,"score_b":0,"score_c":15,"score_d":null,"score_e":null,"valid_max":55,"total":39,"f1":true,"f5":false} 
[2026-09-19 15:59:55] local.INFO: [B-13] 市場過小評価フラグ {"date":"2026-09-19","kaisuu":4,"basho_code":"06","day":5,"race":5,"num":9,"total_score":39,"score_a":12,"score_c":15,"valid_max":55,"undereval":false} 
[2026-09-19 15:59:55] local.DEBUG: [Block10] market_score {"num":10,"score_a":25,"score_b":10,"score_c":3,"score_d":null,"score_e":null,"valid_max":55,"total":55,"f1":true,"f5":false} 
[2026-09-19 15:59:55] local.INFO: [B-13] 市場過小評価フラグ {"date":"2026-09-19","kaisuu":4,"basho_code":"06","day":5,"race":5,"num":10,"total_score":55,"score_a":25,"score_c":3,"valid_max":55,"undereval":false} 
[2026-09-19 15:59:55] local.DEBUG: [Block10] market_score {"num":11,"score_a":0,"score_b":0,"score_c":0,"score_d":null,"score_e":null,"valid_max":55,"total":0,"f1":false,"f5":false} 
[2026-09-19 15:59:55] local.INFO: [B-13] 市場過小評価フラグ {"date":"2026-09-19","kaisuu":4,"basho_code":"06","day":5,"race":5,"num":11,"total_score":0,"score_a":0,"score_c":0,"valid_max":55,"undereval":false} 
[2026-09-19 15:59:55] local.DEBUG: [Block10] market_score {"num":12,"score_a":0,"score_b":0,"score_c":15,"score_d":null,"score_e":null,"valid_max":55,"total":22,"f1":false,"f5":false} 
[2026-09-19 15:59:55] local.INFO: [B-13] 市場過小評価フラグ {"date":"2026-09-19","kaisuu":4,"basho_code":"06","day":5,"race":5,"num":12,"total_score":22,"score_a":0,"score_c":15,"valid_max":55,"undereval":false} 
[2026-09-19 15:59:59] local.WARNING: [B-7] DeepSeek形式不正（再試行禁止）、1st AI単独継続 {"date":"2026-09-19","kaisuu":"4","basho":"06","day":"5","race":"5","text":"厳選穴レース|0
レース指標|波乱度: 4|下位進入度: 3|大穴進入度: 2
馬番：2、馬名：レインボーフライト、人気順: 2、6分前オッズ: 2.8、おすすめ度: 72、選出理由：能力適性:D（0点）。複勝1.1-2.0倍で最小最大の幅が狭く安定支持、単複とも流入ランク1位で継続流入、断層上側で複勝断層2位、推定確定2.7倍と補正係数0.9546で直前さらに人気集中、OPI1.57と過剰人気で"} 
[2026-09-19 15:59:59] local.ERROR: [Block14] ai_merge_result UPSERT failed {"err":"SQLSTATE[42S22]: Column not found: 1054 Unknown column 'updated_at' in 'field list' (SQL: INSERT INTO t_horse_odds_finder_ai_merge_result (date, kaisuu, basho, basho_code, day, race, race_name, merge_result) VALUES (2026-09-19, 4, 中山, 06, 5, 5, メイクデビュー中山, {\"upset_race\":0,\"gap_type\":\"E\",\"wave_level\":null,\"lower_entry\":null,\"big_gap_entry\":null,\"merged_horses\":[]}) ON DUPLICATE KEY UPDATE   merge_result = VALUES(merge_result),   race_name    = VALUES(race_name),   basho        = VALUES(basho),   updated_at   = CURRENT_TIMESTAMP)"} 
[2026-09-19 15:59:59] local.DEBUG: [Block11] ml_snapshot saved {"date":"2026-09-19","kaisuu":4,"basho_code":"06","day":5,"race":5,"gap_type":"E","merged_cnt":0} 
[2026-09-19 16:00:35] local.DEBUG: [Block10] market_score {"num":1,"score_a":0,"score_b":0,"score_c":0,"score_d":null,"score_e":0,"valid_max":65,"total":0,"f1":false,"f5":false} 
[2026-09-19 16:00:35] local.INFO: [B-13] 市場過小評価フラグ {"date":"2026-09-19","kaisuu":4,"basho_code":"06","day":5,"race":6,"num":1,"total_score":0,"score_a":0,"score_c":0,"valid_max":65,"undereval":false} 
[2026-09-19 16:00:35] local.DEBUG: [Block10] market_score {"num":2,"score_a":0,"score_b":0,"score_c":12,"score_d":null,"score_e":0,"valid_max":65,"total":15,"f1":false,"f5":false} 
[2026-09-19 16:00:35] local.INFO: [B-13] 市場過小評価フラグ {"date":"2026-09-19","kaisuu":4,"basho_code":"06","day":5,"race":6,"num":2,"total_score":15,"score_a":0,"score_c":12,"valid_max":65,"undereval":false} 
[2026-09-19 16:00:35] local.DEBUG: [Block10] market_score {"num":3,"score_a":25,"score_b":0,"score_c":15,"score_d":null,"score_e":6,"valid_max":65,"total":57,"f1":true,"f5":true} 
[2026-09-19 16:00:35] local.INFO: [B-13] 市場過小評価フラグ {"date":"2026-09-19","kaisuu":4,"basho_code":"06","day":5,"race":6,"num":3,"total_score":57,"score_a":25,"score_c":15,"valid_max":65,"undereval":true} 
[2026-09-19 16:00:35] local.DEBUG: [Block10] market_score {"num":4,"score_a":0,"score_b":5,"score_c":0,"score_d":null,"score_e":0,"valid_max":65,"total":6,"f1":false,"f5":false} 
[2026-09-19 16:00:35] local.INFO: [B-13] 市場過小評価フラグ {"date":"2026-09-19","kaisuu":4,"basho_code":"06","day":5,"race":6,"num":4,"total_score":6,"score_a":0,"score_c":0,"valid_max":65,"undereval":false} 
[2026-09-19 16:00:35] local.DEBUG: [Block10] market_score {"num":5,"score_a":25,"score_b":5,"score_c":0,"score_d":null,"score_e":6,"valid_max":65,"total":44,"f1":true,"f5":true} 
[2026-09-19 16:00:35] local.INFO: [B-13] 市場過小評価フラグ {"date":"2026-09-19","kaisuu":4,"basho_code":"06","day":5,"race":6,"num":5,"total_score":44,"score_a":25,"score_c":0,"valid_max":65,"undereval":false} 
[2026-09-19 16:00:35] local.DEBUG: [Block10] market_score {"num":6,"score_a":0,"score_b":0,"score_c":0,"score_d":null,"score_e":0,"valid_max":65,"total":0,"f1":false,"f5":false} 
[2026-09-19 16:00:35] local.INFO: [B-13] 市場過小評価フラグ {"date":"2026-09-19","kaisuu":4,"basho_code":"06","day":5,"race":6,"num":6,"total_score":0,"score_a":0,"score_c":0,"valid_max":65,"undereval":false} 
[2026-09-19 16:00:35] local.DEBUG: [Block10] market_score {"num":7,"score_a":0,"score_b":0,"score_c":7,"score_d":null,"score_e":0,"valid_max":65,"total":9,"f1":false,"f5":false} 
[2026-09-19 16:00:35] local.INFO: [B-13] 市場過小評価フラグ {"date":"2026-09-19","kaisuu":4,"basho_code":"06","day":5,"race":6,"num":7,"total_score":9,"score_a":0,"score_c":7,"valid_max":65,"undereval":false} 
[2026-09-19 16:00:35] local.DEBUG: [Block10] market_score {"num":8,"score_a":0,"score_b":0,"score_c":0,"score_d":null,"score_e":0,"valid_max":65,"total":0,"f1":false,"f5":false} 
[2026-09-19 16:00:35] local.INFO: [B-13] 市場過小評価フラグ {"date":"2026-09-19","kaisuu":4,"basho_code":"06","day":5,"race":6,"num":8,"total_score":0,"score_a":0,"score_c":0,"valid_max":65,"undereval":false} 
[2026-09-19 16:00:35] local.DEBUG: [Block10] market_score {"num":9,"score_a":12,"score_b":0,"score_c":7,"score_d":null,"score_e":6,"valid_max":65,"total":31,"f1":true,"f5":true} 
[2026-09-19 16:00:35] local.INFO: [B-13] 市場過小評価フラグ {"date":"2026-09-19","kaisuu":4,"basho_code":"06","day":5,"race":6,"num":9,"total_score":31,"score_a":12,"score_c":7,"valid_max":65,"undereval":false} 
[2026-09-19 16:00:35] local.DEBUG: [Block10] market_score {"num":10,"score_a":0,"score_b":0,"score_c":0,"score_d":null,"score_e":0,"valid_max":65,"total":0,"f1":false,"f5":false} 
[2026-09-19 16:00:35] local.INFO: [B-13] 市場過小評価フラグ {"date":"2026-09-19","kaisuu":4,"basho_code":"06","day":5,"race":6,"num":10,"total_score":0,"score_a":0,"score_c":0,"valid_max":65,"undereval":false} 
[2026-09-19 16:00:35] local.DEBUG: [Block10] market_score {"num":11,"score_a":0,"score_b":0,"score_c":7,"score_d":null,"score_e":0,"valid_max":65,"total":9,"f1":false,"f5":false} 
[2026-09-19 16:00:35] local.INFO: [B-13] 市場過小評価フラグ {"date":"2026-09-19","kaisuu":4,"basho_code":"06","day":5,"race":6,"num":11,"total_score":9,"score_a":0,"score_c":7,"valid_max":65,"undereval":false} 
[2026-09-19 16:00:35] local.DEBUG: [Block10] market_score {"num":12,"score_a":25,"score_b":0,"score_c":12,"score_d":null,"score_e":6,"valid_max":65,"total":53,"f1":true,"f5":true} 
[2026-09-19 16:00:35] local.INFO: [B-13] 市場過小評価フラグ {"date":"2026-09-19","kaisuu":4,"basho_code":"06","day":5,"race":6,"num":12,"total_score":53,"score_a":25,"score_c":12,"valid_max":65,"undereval":false} 
[2026-09-19 16:00:40] local.WARNING: [B-7] DeepSeek形式不正（再試行禁止）、1st AI単独継続 {"date":"2026-09-19","kaisuu":"4","basho":"06","day":"5","race":"6","text":"厳選穴レース|0
レース指標|波乱度: 2|下位進入度: 2|大穴進入度: 1
馬番：10、馬名：ユウライクスター、人気順: 1、6分前オッズ: 1.6、おすすめ度: 76、選出理由：能力適性:D（0点）。1〜2番人気間のみ単複共通で比率3.50の非常に強い断層が成立し断層上側の最上位に位置する。推定確定オッズ1.6倍で補正係数0.9758と直前も人気集中が継続。OPI1.63は過大評価圏だがOP"} 
[2026-09-19 16:00:40] local.ERROR: [Block14] ai_merge_result UPSERT failed {"err":"SQLSTATE[42S22]: Column not found: 1054 Unknown column 'updated_at' in 'field list' (SQL: INSERT INTO t_horse_odds_finder_ai_merge_result (date, kaisuu, basho, basho_code, day, race, race_name, merge_result) VALUES (2026-09-19, 4, 中山, 06, 5, 6, メイクデビュー中山, {\"upset_race\":0,\"gap_type\":\"B\",\"wave_level\":null,\"lower_entry\":null,\"big_gap_entry\":null,\"merged_horses\":[]}) ON DUPLICATE KEY UPDATE   merge_result = VALUES(merge_result),   race_name    = VALUES(race_name),   basho        = VALUES(basho),   updated_at   = CURRENT_TIMESTAMP)"} 
[2026-09-19 16:00:40] local.DEBUG: [Block11] ml_snapshot saved {"date":"2026-09-19","kaisuu":4,"basho_code":"06","day":5,"race":6,"gap_type":"B","merged_cnt":0} 
[2026-09-19 16:00:58] local.DEBUG: [Block10] market_score {"num":1,"score_a":0,"score_b":0,"score_c":0,"score_d":null,"score_e":null,"valid_max":55,"total":0,"f1":false,"f5":false} 
[2026-09-19 16:00:58] local.INFO: [B-13] 市場過小評価フラグ {"date":"2026-09-19","kaisuu":4,"basho_code":"06","day":5,"race":7,"num":1,"total_score":0,"score_a":0,"score_c":0,"valid_max":55,"undereval":false} 
[2026-09-19 16:00:58] local.DEBUG: [Block10] market_score {"num":2,"score_a":0,"score_b":10,"score_c":0,"score_d":null,"score_e":null,"valid_max":55,"total":15,"f1":false,"f5":false} 
[2026-09-19 16:00:58] local.INFO: [B-13] 市場過小評価フラグ {"date":"2026-09-19","kaisuu":4,"basho_code":"06","day":5,"race":7,"num":2,"total_score":15,"score_a":0,"score_c":0,"valid_max":55,"undereval":false} 
[2026-09-19 16:00:58] local.DEBUG: [Block10] market_score {"num":3,"score_a":0,"score_b":5,"score_c":0,"score_d":null,"score_e":null,"valid_max":55,"total":7,"f1":false,"f5":false} 
[2026-09-19 16:00:58] local.INFO: [B-13] 市場過小評価フラグ {"date":"2026-09-19","kaisuu":4,"basho_code":"06","day":5,"race":7,"num":3,"total_score":7,"score_a":0,"score_c":0,"valid_max":55,"undereval":false} 
[2026-09-19 16:00:58] local.DEBUG: [Block10] market_score {"num":4,"score_a":0,"score_b":0,"score_c":0,"score_d":null,"score_e":null,"valid_max":55,"total":0,"f1":false,"f5":false} 
[2026-09-19 16:00:58] local.INFO: [B-13] 市場過小評価フラグ {"date":"2026-09-19","kaisuu":4,"basho_code":"06","day":5,"race":7,"num":4,"total_score":0,"score_a":0,"score_c":0,"valid_max":55,"undereval":false} 
[2026-09-19 16:00:58] local.DEBUG: [Block10] market_score {"num":5,"score_a":0,"score_b":0,"score_c":0,"score_d":null,"score_e":null,"valid_max":55,"total":0,"f1":false,"f5":false} 
[2026-09-19 16:00:58] local.INFO: [B-13] 市場過小評価フラグ {"date":"2026-09-19","kaisuu":4,"basho_code":"06","day":5,"race":7,"num":5,"total_score":0,"score_a":0,"score_c":0,"valid_max":55,"undereval":false} 
[2026-09-19 16:00:58] local.DEBUG: [Block10] market_score {"num":6,"score_a":25,"score_b":0,"score_c":7,"score_d":null,"score_e":null,"valid_max":55,"total":47,"f1":true,"f5":false} 
[2026-09-19 16:00:58] local.INFO: [B-13] 市場過小評価フラグ {"date":"2026-09-19","kaisuu":4,"basho_code":"06","day":5,"race":7,"num":6,"total_score":47,"score_a":25,"score_c":7,"valid_max":55,"undereval":false} 
[2026-09-19 16:00:58] local.DEBUG: [Block10] market_score {"num":7,"score_a":0,"score_b":5,"score_c":0,"score_d":null,"score_e":null,"valid_max":55,"total":7,"f1":false,"f5":false} 
[2026-09-19 16:00:58] local.INFO: [B-13] 市場過小評価フラグ {"date":"2026-09-19","kaisuu":4,"basho_code":"06","day":5,"race":7,"num":7,"total_score":7,"score_a":0,"score_c":0,"valid_max":55,"undereval":false} 
[2026-09-19 16:00:58] local.DEBUG: [Block10] market_score {"num":8,"score_a":0,"score_b":0,"score_c":0,"score_d":null,"score_e":null,"valid_max":55,"total":0,"f1":false,"f5":false} 
[2026-09-19 16:00:58] local.INFO: [B-13] 市場過小評価フラグ {"date":"2026-09-19","kaisuu":4,"basho_code":"06","day":5,"race":7,"num":8,"total_score":0,"score_a":0,"score_c":0,"valid_max":55,"undereval":false} 
[2026-09-19 16:00:58] local.DEBUG: [Block10] market_score {"num":9,"score_a":0,"score_b":0,"score_c":0,"score_d":null,"score_e":null,"valid_max":55,"total":0,"f1":false,"f5":false} 
[2026-09-19 16:00:58] local.INFO: [B-13] 市場過小評価フラグ {"date":"2026-09-19","kaisuu":4,"basho_code":"06","day":5,"race":7,"num":9,"total_score":0,"score_a":0,"score_c":0,"valid_max":55,"undereval":false} 
[2026-09-19 16:00:58] local.DEBUG: [Block10] market_score {"num":10,"score_a":0,"score_b":0,"score_c":0,"score_d":null,"score_e":null,"valid_max":55,"total":0,"f1":false,"f5":false} 
[2026-09-19 16:00:58] local.INFO: [B-13] 市場過小評価フラグ {"date":"2026-09-19","kaisuu":4,"basho_code":"06","day":5,"race":7,"num":10,"total_score":0,"score_a":0,"score_c":0,"valid_max":55,"undereval":false} 
[2026-09-19 16:00:58] local.DEBUG: [Block10] market_score {"num":11,"score_a":0,"score_b":0,"score_c":0,"score_d":null,"score_e":null,"valid_max":55,"total":0,"f1":false,"f5":false} 
[2026-09-19 16:00:58] local.INFO: [B-13] 市場過小評価フラグ {"date":"2026-09-19","kaisuu":4,"basho_code":"06","day":5,"race":7,"num":11,"total_score":0,"score_a":0,"score_c":0,"valid_max":55,"undereval":false} 
[2026-09-19 16:00:58] local.DEBUG: [Block10] market_score {"num":12,"score_a":0,"score_b":0,"score_c":0,"score_d":null,"score_e":null,"valid_max":55,"total":0,"f1":false,"f5":false} 
[2026-09-19 16:00:58] local.INFO: [B-13] 市場過小評価フラグ {"date":"2026-09-19","kaisuu":4,"basho_code":"06","day":5,"race":7,"num":12,"total_score":0,"score_a":0,"score_c":0,"valid_max":55,"undereval":false} 
[2026-09-19 16:00:58] local.DEBUG: [Block10] market_score {"num":13,"score_a":0,"score_b":5,"score_c":0,"score_d":null,"score_e":null,"valid_max":55,"total":7,"f1":false,"f5":false} 
[2026-09-19 16:00:58] local.INFO: [B-13] 市場過小評価フラグ {"date":"2026-09-19","kaisuu":4,"basho_code":"06","day":5,"race":7,"num":13,"total_score":7,"score_a":0,"score_c":0,"valid_max":55,"undereval":false} 
[2026-09-19 16:00:58] local.DEBUG: [Block10] market_score {"num":14,"score_a":0,"score_b":0,"score_c":12,"score_d":null,"score_e":null,"valid_max":55,"total":17,"f1":false,"f5":false} 
[2026-09-19 16:00:58] local.INFO: [B-13] 市場過小評価フラグ {"date":"2026-09-19","kaisuu":4,"basho_code":"06","day":5,"race":7,"num":14,"total_score":17,"score_a":0,"score_c":12,"valid_max":55,"undereval":false} 
[2026-09-19 16:01:06] local.WARNING: [B-7] DeepSeek形式不正（再試行禁止）、1st AI単独継続 {"date":"2026-09-19","kaisuu":"4","basho":"06","day":"5","race":"7","text":"厳選穴レース|0
レース指標|波乱度: 4|下位進入度: 2|大穴進入度: 1
馬番：14、馬名：デールエルバハリ、人気順: 1、6分前オッズ: 3.4、おすすめ度: 79、選出理由：能力適性:B（76点）。単勝OPI0.76・複勝OPI0.76と市場が過去同人気より高オッズに留め置く妙味ゾーンで、推定確定3.3倍はさらに下落方向。複勝1.7-2.1倍と最小最大の幅が狭く支持が安定し、OPI帯別回"} 
[2026-09-19 16:01:06] local.ERROR: [Block14] ai_merge_result UPSERT failed {"err":"SQLSTATE[42S22]: Column not found: 1054 Unknown column 'updated_at' in 'field list' (SQL: INSERT INTO t_horse_odds_finder_ai_merge_result (date, kaisuu, basho, basho_code, day, race, race_name, merge_result) VALUES (2026-09-19, 4, 中山, 06, 5, 7, 3歳以上1勝クラス[指定], {\"upset_race\":0,\"gap_type\":\"D\",\"wave_level\":null,\"lower_entry\":null,\"big_gap_entry\":null,\"merged_horses\":[]}) ON DUPLICATE KEY UPDATE   merge_result = VALUES(merge_result),   race_name    = VALUES(race_name),   basho        = VALUES(basho),   updated_at   = CURRENT_TIMESTAMP)"} 
[2026-09-19 16:01:06] local.DEBUG: [Block11] ml_snapshot saved {"date":"2026-09-19","kaisuu":4,"basho_code":"06","day":5,"race":7,"gap_type":"D","merged_cnt":0} 
[2026-09-19 16:01:40] local.DEBUG: [Block10] market_score {"num":1,"score_a":0,"score_b":0,"score_c":0,"score_d":null,"score_e":0,"valid_max":65,"total":0,"f1":false,"f5":false} 
[2026-09-19 16:01:40] local.INFO: [B-13] 市場過小評価フラグ {"date":"2026-09-19","kaisuu":4,"basho_code":"06","day":5,"race":8,"num":1,"total_score":0,"score_a":0,"score_c":0,"valid_max":65,"undereval":false} 
[2026-09-19 16:01:40] local.DEBUG: [Block10] market_score {"num":2,"score_a":0,"score_b":5,"score_c":15,"score_d":null,"score_e":0,"valid_max":65,"total":25,"f1":false,"f5":false} 
[2026-09-19 16:01:40] local.INFO: [B-13] 市場過小評価フラグ {"date":"2026-09-19","kaisuu":4,"basho_code":"06","day":5,"race":8,"num":2,"total_score":25,"score_a":0,"score_c":15,"valid_max":65,"undereval":false} 
[2026-09-19 16:01:40] local.DEBUG: [Block10] market_score {"num":3,"score_a":0,"score_b":0,"score_c":3,"score_d":null,"score_e":0,"valid_max":65,"total":4,"f1":false,"f5":false} 
[2026-09-19 16:01:40] local.INFO: [B-13] 市場過小評価フラグ {"date":"2026-09-19","kaisuu":4,"basho_code":"06","day":5,"race":8,"num":3,"total_score":4,"score_a":0,"score_c":3,"valid_max":65,"undereval":false} 
[2026-09-19 16:01:40] local.DEBUG: [Block10] market_score {"num":4,"score_a":0,"score_b":0,"score_c":7,"score_d":null,"score_e":0,"valid_max":65,"total":9,"f1":false,"f5":false} 
[2026-09-19 16:01:40] local.INFO: [B-13] 市場過小評価フラグ {"date":"2026-09-19","kaisuu":4,"basho_code":"06","day":5,"race":8,"num":4,"total_score":9,"score_a":0,"score_c":7,"valid_max":65,"undereval":false} 
[2026-09-19 16:01:40] local.DEBUG: [Block10] market_score {"num":5,"score_a":0,"score_b":0,"score_c":3,"score_d":null,"score_e":0,"valid_max":65,"total":4,"f1":false,"f5":false} 
[2026-09-19 16:01:40] local.INFO: [B-13] 市場過小評価フラグ {"date":"2026-09-19","kaisuu":4,"basho_code":"06","day":5,"race":8,"num":5,"total_score":4,"score_a":0,"score_c":3,"valid_max":65,"undereval":false} 
[2026-09-19 16:01:40] local.DEBUG: [Block10] market_score {"num":6,"score_a":0,"score_b":0,"score_c":0,"score_d":null,"score_e":0,"valid_max":65,"total":0,"f1":false,"f5":false} 
[2026-09-19 16:01:40] local.INFO: [B-13] 市場過小評価フラグ {"date":"2026-09-19","kaisuu":4,"basho_code":"06","day":5,"race":8,"num":6,"total_score":0,"score_a":0,"score_c":0,"valid_max":65,"undereval":false} 
[2026-09-19 16:01:40] local.DEBUG: [Block10] market_score {"num":7,"score_a":0,"score_b":0,"score_c":7,"score_d":null,"score_e":0,"valid_max":65,"total":9,"f1":false,"f5":false} 
[2026-09-19 16:01:40] local.INFO: [B-13] 市場過小評価フラグ {"date":"2026-09-19","kaisuu":4,"basho_code":"06","day":5,"race":8,"num":7,"total_score":9,"score_a":0,"score_c":7,"valid_max":65,"undereval":false} 
[2026-09-19 16:01:40] local.DEBUG: [Block10] market_score {"num":8,"score_a":0,"score_b":0,"score_c":0,"score_d":null,"score_e":0,"valid_max":65,"total":0,"f1":false,"f5":false} 
[2026-09-19 16:01:40] local.INFO: [B-13] 市場過小評価フラグ {"date":"2026-09-19","kaisuu":4,"basho_code":"06","day":5,"race":8,"num":8,"total_score":0,"score_a":0,"score_c":0,"valid_max":65,"undereval":false} 
[2026-09-19 16:01:40] local.DEBUG: [Block10] market_score {"num":9,"score_a":25,"score_b":5,"score_c":3,"score_d":null,"score_e":6,"valid_max":65,"total":48,"f1":true,"f5":true} 
[2026-09-19 16:01:40] local.INFO: [B-13] 市場過小評価フラグ {"date":"2026-09-19","kaisuu":4,"basho_code":"06","day":5,"race":8,"num":9,"total_score":48,"score_a":25,"score_c":3,"valid_max":65,"undereval":false} 
[2026-09-19 16:01:40] local.DEBUG: [Block10] market_score {"num":10,"score_a":0,"score_b":0,"score_c":15,"score_d":null,"score_e":0,"valid_max":65,"total":18,"f1":false,"f5":false} 
[2026-09-19 16:01:40] local.INFO: [B-13] 市場過小評価フラグ {"date":"2026-09-19","kaisuu":4,"basho_code":"06","day":5,"race":8,"num":10,"total_score":18,"score_a":0,"score_c":15,"valid_max":65,"undereval":false} 
[2026-09-19 16:01:40] local.DEBUG: [Block10] market_score {"num":11,"score_a":0,"score_b":0,"score_c":15,"score_d":null,"score_e":0,"valid_max":65,"total":18,"f1":false,"f5":false} 
[2026-09-19 16:01:40] local.INFO: [B-13] 市場過小評価フラグ {"date":"2026-09-19","kaisuu":4,"basho_code":"06","day":5,"race":8,"num":11,"total_score":18,"score_a":0,"score_c":15,"valid_max":65,"undereval":false} 
[2026-09-19 16:01:40] local.DEBUG: [Block10] market_score {"num":12,"score_a":25,"score_b":10,"score_c":0,"score_d":null,"score_e":6,"valid_max":65,"total":50,"f1":true,"f5":true} 
[2026-09-19 16:01:40] local.INFO: [B-13] 市場過小評価フラグ {"date":"2026-09-19","kaisuu":4,"basho_code":"06","day":5,"race":8,"num":12,"total_score":50,"score_a":25,"score_c":0,"valid_max":65,"undereval":false} 
[2026-09-19 16:01:40] local.DEBUG: [Block10] market_score {"num":13,"score_a":0,"score_b":0,"score_c":3,"score_d":null,"score_e":0,"valid_max":65,"total":4,"f1":false,"f5":false} 
[2026-09-19 16:01:40] local.INFO: [B-13] 市場過小評価フラグ {"date":"2026-09-19","kaisuu":4,"basho_code":"06","day":5,"race":8,"num":13,"total_score":4,"score_a":0,"score_c":3,"valid_max":65,"undereval":false} 
[2026-09-19 16:01:40] local.DEBUG: [Block10] market_score {"num":14,"score_a":0,"score_b":0,"score_c":0,"score_d":null,"score_e":0,"valid_max":65,"total":0,"f1":false,"f5":false} 
[2026-09-19 16:01:40] local.INFO: [B-13] 市場過小評価フラグ {"date":"2026-09-19","kaisuu":4,"basho_code":"06","day":5,"race":8,"num":14,"total_score":0,"score_a":0,"score_c":0,"valid_max":65,"undereval":false} 
[2026-09-19 16:01:47] local.WARNING: [B-7] DeepSeek形式不正（再試行禁止）、1st AI単独継続 {"date":"2026-09-19","kaisuu":"4","basho":"06","day":"5","race":"8","text":"厳選穴レース|0
レース指標|波乱度: 3|下位進入度: 3|大穴進入度: 1
馬番：6、馬名：マタミカンサン、人気順: 1、6分前オッズ: 2.1、おすすめ度: 72、選出理由：能力適性:A（84点）。複勝1.2-1.5倍で最小最大の幅が狭く安定支持を継続。単勝流入1位グループ相当の3頭中2位で計測前から12.5%下落し資金流入が継続。断層最上位（1〜2番人気間比率2.24拡大中）に位置する中心"} 
[2026-09-19 16:01:47] local.ERROR: [Block14] ai_merge_result UPSERT failed {"err":"SQLSTATE[42S22]: Column not found: 1054 Unknown column 'updated_at' in 'field list' (SQL: INSERT INTO t_horse_odds_finder_ai_merge_result (date, kaisuu, basho, basho_code, day, race, race_name, merge_result) VALUES (2026-09-19, 4, 中山, 06, 5, 8, 3歳以上1勝クラス牝［指定］, {\"upset_race\":0,\"gap_type\":\"C\",\"wave_level\":null,\"lower_entry\":null,\"big_gap_entry\":null,\"merged_horses\":[]}) ON DUPLICATE KEY UPDATE   merge_result = VALUES(merge_result),   race_name    = VALUES(race_name),   basho        = VALUES(basho),   updated_at   = CURRENT_TIMESTAMP)"} 
[2026-09-19 16:01:47] local.DEBUG: [Block11] ml_snapshot saved {"date":"2026-09-19","kaisuu":4,"basho_code":"06","day":5,"race":8,"gap_type":"C","merged_cnt":0} 
[2026-09-19 16:02:24] local.DEBUG: [Block10] market_score {"num":1,"score_a":0,"score_b":0,"score_c":0,"score_d":null,"score_e":null,"valid_max":55,"total":0,"f1":false,"f5":false} 
[2026-09-19 16:02:24] local.INFO: [B-13] 市場過小評価フラグ {"date":"2026-09-19","kaisuu":4,"basho_code":"06","day":5,"race":9,"num":1,"total_score":0,"score_a":0,"score_c":0,"valid_max":55,"undereval":false} 
[2026-09-19 16:02:24] local.DEBUG: [Block10] market_score {"num":2,"score_a":0,"score_b":0,"score_c":3,"score_d":null,"score_e":null,"valid_max":55,"total":4,"f1":false,"f5":false} 
[2026-09-19 16:02:24] local.INFO: [B-13] 市場過小評価フラグ {"date":"2026-09-19","kaisuu":4,"basho_code":"06","day":5,"race":9,"num":2,"total_score":4,"score_a":0,"score_c":3,"valid_max":55,"undereval":false} 
[2026-09-19 16:02:24] local.DEBUG: [Block10] market_score {"num":3,"score_a":0,"score_b":0,"score_c":3,"score_d":null,"score_e":null,"valid_max":55,"total":4,"f1":false,"f5":false} 
[2026-09-19 16:02:24] local.INFO: [B-13] 市場過小評価フラグ {"date":"2026-09-19","kaisuu":4,"basho_code":"06","day":5,"race":9,"num":3,"total_score":4,"score_a":0,"score_c":3,"valid_max":55,"undereval":false} 
[2026-09-19 16:02:24] local.DEBUG: [Block10] market_score {"num":4,"score_a":12,"score_b":0,"score_c":0,"score_d":null,"score_e":null,"valid_max":55,"total":17,"f1":true,"f5":false} 
[2026-09-19 16:02:24] local.INFO: [B-13] 市場過小評価フラグ {"date":"2026-09-19","kaisuu":4,"basho_code":"06","day":5,"race":9,"num":4,"total_score":17,"score_a":12,"score_c":0,"valid_max":55,"undereval":false} 
[2026-09-19 16:02:24] local.DEBUG: [Block10] market_score {"num":5,"score_a":25,"score_b":0,"score_c":3,"score_d":null,"score_e":null,"valid_max":55,"total":41,"f1":true,"f5":false} 
[2026-09-19 16:02:24] local.INFO: [B-13] 市場過小評価フラグ {"date":"2026-09-19","kaisuu":4,"basho_code":"06","day":5,"race":9,"num":5,"total_score":41,"score_a":25,"score_c":3,"valid_max":55,"undereval":false} 
[2026-09-19 16:02:24] local.DEBUG: [Block10] market_score {"num":6,"score_a":0,"score_b":0,"score_c":0,"score_d":null,"score_e":null,"valid_max":55,"total":0,"f1":false,"f5":false} 
[2026-09-19 16:02:24] local.INFO: [B-13] 市場過小評価フラグ {"date":"2026-09-19","kaisuu":4,"basho_code":"06","day":5,"race":9,"num":6,"total_score":0,"score_a":0,"score_c":0,"valid_max":55,"undereval":false} 
[2026-09-19 16:02:24] local.DEBUG: [Block10] market_score {"num":7,"score_a":0,"score_b":0,"score_c":0,"score_d":null,"score_e":null,"valid_max":55,"total":0,"f1":false,"f5":false} 
[2026-09-19 16:02:24] local.INFO: [B-13] 市場過小評価フラグ {"date":"2026-09-19","kaisuu":4,"basho_code":"06","day":5,"race":9,"num":7,"total_score":0,"score_a":0,"score_c":0,"valid_max":55,"undereval":false} 
[2026-09-19 16:02:24] local.DEBUG: [Block10] market_score {"num":8,"score_a":0,"score_b":0,"score_c":0,"score_d":null,"score_e":null,"valid_max":55,"total":0,"f1":false,"f5":false} 
[2026-09-19 16:02:24] local.INFO: [B-13] 市場過小評価フラグ {"date":"2026-09-19","kaisuu":4,"basho_code":"06","day":5,"race":9,"num":8,"total_score":0,"score_a":0,"score_c":0,"valid_max":55,"undereval":false} 
[2026-09-19 16:02:24] local.DEBUG: [Block10] market_score {"num":9,"score_a":0,"score_b":0,"score_c":0,"score_d":null,"score_e":null,"valid_max":55,"total":0,"f1":false,"f5":false} 
[2026-09-19 16:02:24] local.INFO: [B-13] 市場過小評価フラグ {"date":"2026-09-19","kaisuu":4,"basho_code":"06","day":5,"race":9,"num":9,"total_score":0,"score_a":0,"score_c":0,"valid_max":55,"undereval":false} 
[2026-09-19 16:02:29] local.WARNING: [B-7] DeepSeek形式不正（再試行禁止）、1st AI単独継続 {"date":"2026-09-19","kaisuu":"4","basho":"06","day":"5","race":"9","text":"厳選穴レース|0
レース指標|波乱度: 3|下位進入度: 3|大穴進入度: 2
馬番：6、馬名：ジオパークカツキ、人気順: 2、6分前オッズ: 3.5、おすすめ度: 74、選出理由：能力適性:A（80点）。新馬戦を1番人気1着・上がり34.1の好内容で突破し基礎能力・適性とも高評価。複勝1.3-1.8倍の狭い幅で支持安定し複勝流入ランク1位集団を維持。推定確定3.3倍へ下落補正で直前も人気集中傾向"} 
[2026-09-19 16:02:29] local.ERROR: [Block14] ai_merge_result UPSERT failed {"err":"SQLSTATE[42S22]: Column not found: 1054 Unknown column 'updated_at' in 'field list' (SQL: INSERT INTO t_horse_odds_finder_ai_merge_result (date, kaisuu, basho, basho_code, day, race, race_name, merge_result) VALUES (2026-09-19, 4, 中山, 06, 5, 9, カンナステークス, {\"upset_race\":0,\"gap_type\":\"D\",\"wave_level\":null,\"lower_entry\":null,\"big_gap_entry\":null,\"merged_horses\":[]}) ON DUPLICATE KEY UPDATE   merge_result = VALUES(merge_result),   race_name    = VALUES(race_name),   basho        = VALUES(basho),   updated_at   = CURRENT_TIMESTAMP)"} 
[2026-09-19 16:02:29] local.DEBUG: [Block11] ml_snapshot saved {"date":"2026-09-19","kaisuu":4,"basho_code":"06","day":5,"race":9,"gap_type":"D","merged_cnt":0} 
[2026-09-19 16:03:06] local.DEBUG: [Block10] market_score {"num":1,"score_a":25,"score_b":0,"score_c":3,"score_d":null,"score_e":null,"valid_max":55,"total":41,"f1":true,"f5":false} 
[2026-09-19 16:03:06] local.INFO: [B-13] 市場過小評価フラグ {"date":"2026-09-19","kaisuu":4,"basho_code":"06","day":5,"race":10,"num":1,"total_score":41,"score_a":25,"score_c":3,"valid_max":55,"undereval":false} 
[2026-09-19 16:03:06] local.DEBUG: [Block10] market_score {"num":2,"score_a":0,"score_b":0,"score_c":7,"score_d":null,"score_e":null,"valid_max":55,"total":10,"f1":false,"f5":false} 
[2026-09-19 16:03:06] local.INFO: [B-13] 市場過小評価フラグ {"date":"2026-09-19","kaisuu":4,"basho_code":"06","day":5,"race":10,"num":2,"total_score":10,"score_a":0,"score_c":7,"valid_max":55,"undereval":false} 
[2026-09-19 16:03:06] local.DEBUG: [Block10] market_score {"num":3,"score_a":0,"score_b":5,"score_c":0,"score_d":null,"score_e":null,"valid_max":55,"total":7,"f1":false,"f5":false} 
[2026-09-19 16:03:06] local.INFO: [B-13] 市場過小評価フラグ {"date":"2026-09-19","kaisuu":4,"basho_code":"06","day":5,"race":10,"num":3,"total_score":7,"score_a":0,"score_c":0,"valid_max":55,"undereval":false} 
[2026-09-19 16:03:06] local.DEBUG: [Block10] market_score {"num":4,"score_a":0,"score_b":0,"score_c":7,"score_d":null,"score_e":null,"valid_max":55,"total":10,"f1":false,"f5":false} 
[2026-09-19 16:03:06] local.INFO: [B-13] 市場過小評価フラグ {"date":"2026-09-19","kaisuu":4,"basho_code":"06","day":5,"race":10,"num":4,"total_score":10,"score_a":0,"score_c":7,"valid_max":55,"undereval":false} 
[2026-09-19 16:03:06] local.DEBUG: [Block10] market_score {"num":5,"score_a":0,"score_b":0,"score_c":12,"score_d":null,"score_e":null,"valid_max":55,"total":17,"f1":false,"f5":false} 
[2026-09-19 16:03:06] local.INFO: [B-13] 市場過小評価フラグ {"date":"2026-09-19","kaisuu":4,"basho_code":"06","day":5,"race":10,"num":5,"total_score":17,"score_a":0,"score_c":12,"valid_max":55,"undereval":false} 
[2026-09-19 16:03:06] local.DEBUG: [Block10] market_score {"num":6,"score_a":0,"score_b":0,"score_c":3,"score_d":null,"score_e":null,"valid_max":55,"total":4,"f1":false,"f5":false} 
[2026-09-19 16:03:06] local.INFO: [B-13] 市場過小評価フラグ {"date":"2026-09-19","kaisuu":4,"basho_code":"06","day":5,"race":10,"num":6,"total_score":4,"score_a":0,"score_c":3,"valid_max":55,"undereval":false} 
[2026-09-19 16:03:06] local.DEBUG: [Block10] market_score {"num":7,"score_a":0,"score_b":0,"score_c":3,"score_d":null,"score_e":null,"valid_max":55,"total":4,"f1":false,"f5":false} 
[2026-09-19 16:03:06] local.INFO: [B-13] 市場過小評価フラグ {"date":"2026-09-19","kaisuu":4,"basho_code":"06","day":5,"race":10,"num":7,"total_score":4,"score_a":0,"score_c":3,"valid_max":55,"undereval":false} 
[2026-09-19 16:03:06] local.DEBUG: [Block10] market_score {"num":8,"score_a":0,"score_b":0,"score_c":0,"score_d":null,"score_e":null,"valid_max":55,"total":0,"f1":false,"f5":false} 
[2026-09-19 16:03:06] local.INFO: [B-13] 市場過小評価フラグ {"date":"2026-09-19","kaisuu":4,"basho_code":"06","day":5,"race":10,"num":8,"total_score":0,"score_a":0,"score_c":0,"valid_max":55,"undereval":false} 
[2026-09-19 16:03:06] local.DEBUG: [Block10] market_score {"num":9,"score_a":0,"score_b":0,"score_c":0,"score_d":null,"score_e":null,"valid_max":55,"total":0,"f1":false,"f5":false} 
[2026-09-19 16:03:06] local.INFO: [B-13] 市場過小評価フラグ {"date":"2026-09-19","kaisuu":4,"basho_code":"06","day":5,"race":10,"num":9,"total_score":0,"score_a":0,"score_c":0,"valid_max":55,"undereval":false} 
[2026-09-19 16:03:06] local.DEBUG: [Block10] market_score {"num":10,"score_a":0,"score_b":5,"score_c":0,"score_d":null,"score_e":null,"valid_max":55,"total":7,"f1":false,"f5":false} 
[2026-09-19 16:03:06] local.INFO: [B-13] 市場過小評価フラグ {"date":"2026-09-19","kaisuu":4,"basho_code":"06","day":5,"race":10,"num":10,"total_score":7,"score_a":0,"score_c":0,"valid_max":55,"undereval":false} 
[2026-09-19 16:03:06] local.DEBUG: [Block10] market_score {"num":11,"score_a":0,"score_b":5,"score_c":3,"score_d":null,"score_e":null,"valid_max":55,"total":12,"f1":false,"f5":false} 
[2026-09-19 16:03:06] local.INFO: [B-13] 市場過小評価フラグ {"date":"2026-09-19","kaisuu":4,"basho_code":"06","day":5,"race":10,"num":11,"total_score":12,"score_a":0,"score_c":3,"valid_max":55,"undereval":false} 
[2026-09-19 16:03:06] local.DEBUG: [Block10] market_score {"num":12,"score_a":0,"score_b":5,"score_c":0,"score_d":null,"score_e":null,"valid_max":55,"total":7,"f1":false,"f5":false} 
[2026-09-19 16:03:06] local.INFO: [B-13] 市場過小評価フラグ {"date":"2026-09-19","kaisuu":4,"basho_code":"06","day":5,"race":10,"num":12,"total_score":7,"score_a":0,"score_c":0,"valid_max":55,"undereval":false} 
[2026-09-19 16:03:11] local.WARNING: [B-7] DeepSeek形式不正（再試行禁止）、1st AI単独継続 {"date":"2026-09-19","kaisuu":"4","basho":"06","day":"5","race":"10","text":"厳選穴レース|1
レース指標|波乱度: 4|下位進入度: 3|大穴進入度: 2
馬番：2、馬名：トリニティ、人気順: 2、6分前オッズ: 5.1、おすすめ度: 76、選出理由：能力適性:B（74点）。複勝は1.7-2.7倍で単複比3.0倍と安定、単勝流入ランク3位も複勝3位。OPI0.86・予測補正OPI0.90で市場評価は低め、過去回収率81.0%・OPI帯78.4%・フェーズ74.5%と高水準"} 
[2026-09-19 16:03:11] local.ERROR: [Block14] ai_merge_result UPSERT failed {"err":"SQLSTATE[42S22]: Column not found: 1054 Unknown column 'updated_at' in 'field list' (SQL: INSERT INTO t_horse_odds_finder_ai_merge_result (date, kaisuu, basho, basho_code, day, race, race_name, merge_result) VALUES (2026-09-19, 4, 中山, 06, 5, 10, 九十九里特別, {\"upset_race\":0,\"gap_type\":\"E\",\"wave_level\":null,\"lower_entry\":null,\"big_gap_entry\":null,\"merged_horses\":[]}) ON DUPLICATE KEY UPDATE   merge_result = VALUES(merge_result),   race_name    = VALUES(race_name),   basho        = VALUES(basho),   updated_at   = CURRENT_TIMESTAMP)"} 
[2026-09-19 16:03:11] local.DEBUG: [Block11] ml_snapshot saved {"date":"2026-09-19","kaisuu":4,"basho_code":"06","day":5,"race":10,"gap_type":"E","merged_cnt":0} 
[2026-09-19 16:03:25] local.DEBUG: [Block10] market_score {"num":1,"score_a":0,"score_b":0,"score_c":0,"score_d":null,"score_e":null,"valid_max":55,"total":0,"f1":false,"f5":false} 
[2026-09-19 16:03:25] local.INFO: [B-13] 市場過小評価フラグ {"date":"2026-09-19","kaisuu":4,"basho_code":"06","day":5,"race":11,"num":1,"total_score":0,"score_a":0,"score_c":0,"valid_max":55,"undereval":false} 
[2026-09-19 16:03:25] local.DEBUG: [Block10] market_score {"num":2,"score_a":0,"score_b":0,"score_c":0,"score_d":null,"score_e":null,"valid_max":55,"total":0,"f1":false,"f5":false} 
[2026-09-19 16:03:25] local.INFO: [B-13] 市場過小評価フラグ {"date":"2026-09-19","kaisuu":4,"basho_code":"06","day":5,"race":11,"num":2,"total_score":0,"score_a":0,"score_c":0,"valid_max":55,"undereval":false} 
[2026-09-19 16:03:25] local.DEBUG: [Block10] market_score {"num":3,"score_a":0,"score_b":0,"score_c":3,"score_d":null,"score_e":null,"valid_max":55,"total":4,"f1":false,"f5":false} 
[2026-09-19 16:03:25] local.INFO: [B-13] 市場過小評価フラグ {"date":"2026-09-19","kaisuu":4,"basho_code":"06","day":5,"race":11,"num":3,"total_score":4,"score_a":0,"score_c":3,"valid_max":55,"undereval":false} 
[2026-09-19 16:03:25] local.DEBUG: [Block10] market_score {"num":4,"score_a":0,"score_b":0,"score_c":0,"score_d":null,"score_e":null,"valid_max":55,"total":0,"f1":false,"f5":false} 
[2026-09-19 16:03:25] local.INFO: [B-13] 市場過小評価フラグ {"date":"2026-09-19","kaisuu":4,"basho_code":"06","day":5,"race":11,"num":4,"total_score":0,"score_a":0,"score_c":0,"valid_max":55,"undereval":false} 
[2026-09-19 16:03:25] local.DEBUG: [Block10] market_score {"num":5,"score_a":0,"score_b":5,"score_c":0,"score_d":null,"score_e":null,"valid_max":55,"total":7,"f1":false,"f5":false} 
[2026-09-19 16:03:25] local.INFO: [B-13] 市場過小評価フラグ {"date":"2026-09-19","kaisuu":4,"basho_code":"06","day":5,"race":11,"num":5,"total_score":7,"score_a":0,"score_c":0,"valid_max":55,"undereval":false} 
[2026-09-19 16:03:25] local.DEBUG: [Block10] market_score {"num":6,"score_a":0,"score_b":0,"score_c":0,"score_d":null,"score_e":null,"valid_max":55,"total":0,"f1":false,"f5":false} 
[2026-09-19 16:03:25] local.INFO: [B-13] 市場過小評価フラグ {"date":"2026-09-19","kaisuu":4,"basho_code":"06","day":5,"race":11,"num":6,"total_score":0,"score_a":0,"score_c":0,"valid_max":55,"undereval":false} 
[2026-09-19 16:03:25] local.DEBUG: [Block10] market_score {"num":7,"score_a":25,"score_b":5,"score_c":0,"score_d":null,"score_e":null,"valid_max":55,"total":44,"f1":true,"f5":false} 
[2026-09-19 16:03:25] local.INFO: [B-13] 市場過小評価フラグ {"date":"2026-09-19","kaisuu":4,"basho_code":"06","day":5,"race":11,"num":7,"total_score":44,"score_a":25,"score_c":0,"valid_max":55,"undereval":false} 
[2026-09-19 16:03:25] local.DEBUG: [Block10] market_score {"num":8,"score_a":0,"score_b":0,"score_c":0,"score_d":null,"score_e":null,"valid_max":55,"total":0,"f1":false,"f5":false} 
[2026-09-19 16:03:25] local.INFO: [B-13] 市場過小評価フラグ {"date":"2026-09-19","kaisuu":4,"basho_code":"06","day":5,"race":11,"num":8,"total_score":0,"score_a":0,"score_c":0,"valid_max":55,"undereval":false} 
[2026-09-19 16:03:25] local.DEBUG: [Block10] market_score {"num":9,"score_a":12,"score_b":0,"score_c":12,"score_d":null,"score_e":null,"valid_max":55,"total":35,"f1":true,"f5":false} 
[2026-09-19 16:03:25] local.INFO: [B-13] 市場過小評価フラグ {"date":"2026-09-19","kaisuu":4,"basho_code":"06","day":5,"race":11,"num":9,"total_score":35,"score_a":12,"score_c":12,"valid_max":55,"undereval":false} 
[2026-09-19 16:03:25] local.DEBUG: [Block10] market_score {"num":10,"score_a":0,"score_b":0,"score_c":0,"score_d":null,"score_e":null,"valid_max":55,"total":0,"f1":false,"f5":false} 
[2026-09-19 16:03:25] local.INFO: [B-13] 市場過小評価フラグ {"date":"2026-09-19","kaisuu":4,"basho_code":"06","day":5,"race":11,"num":10,"total_score":0,"score_a":0,"score_c":0,"valid_max":55,"undereval":false} 
[2026-09-19 16:03:25] local.DEBUG: [Block10] market_score {"num":11,"score_a":0,"score_b":0,"score_c":0,"score_d":null,"score_e":null,"valid_max":55,"total":0,"f1":false,"f5":false} 
[2026-09-19 16:03:25] local.INFO: [B-13] 市場過小評価フラグ {"date":"2026-09-19","kaisuu":4,"basho_code":"06","day":5,"race":11,"num":11,"total_score":0,"score_a":0,"score_c":0,"valid_max":55,"undereval":false} 
[2026-09-19 16:03:25] local.DEBUG: [Block10] market_score {"num":12,"score_a":0,"score_b":5,"score_c":0,"score_d":null,"score_e":null,"valid_max":55,"total":7,"f1":false,"f5":false} 
[2026-09-19 16:03:25] local.INFO: [B-13] 市場過小評価フラグ {"date":"2026-09-19","kaisuu":4,"basho_code":"06","day":5,"race":11,"num":12,"total_score":7,"score_a":0,"score_c":0,"valid_max":55,"undereval":false} 
[2026-09-19 16:03:25] local.DEBUG: [Block10] market_score {"num":13,"score_a":0,"score_b":0,"score_c":7,"score_d":null,"score_e":null,"valid_max":55,"total":10,"f1":false,"f5":false} 
[2026-09-19 16:03:25] local.INFO: [B-13] 市場過小評価フラグ {"date":"2026-09-19","kaisuu":4,"basho_code":"06","day":5,"race":11,"num":13,"total_score":10,"score_a":0,"score_c":7,"valid_max":55,"undereval":false} 
[2026-09-19 16:03:25] local.DEBUG: [Block10] market_score {"num":14,"score_a":0,"score_b":5,"score_c":0,"score_d":null,"score_e":null,"valid_max":55,"total":7,"f1":false,"f5":false} 
[2026-09-19 16:03:25] local.INFO: [B-13] 市場過小評価フラグ {"date":"2026-09-19","kaisuu":4,"basho_code":"06","day":5,"race":11,"num":14,"total_score":7,"score_a":0,"score_c":0,"valid_max":55,"undereval":false} 
[2026-09-19 16:03:34] local.WARNING: [B-7] DeepSeek形式不正（再試行禁止）、1st AI単独継続 {"date":"2026-09-19","kaisuu":"4","basho":"06","day":"5","race":"11","text":"厳選穴レース|0
レース指標|波乱度: 4|下位進入度: 3|大穴進入度: 2
馬番：7、馬名：マーズオデッセイ、人気順: 2、6分前オッズ: 3.8、おすすめ度: 84、選出理由：能力適性:A（88点）。単勝・複勝ともにグループ1位の流入ランクで、6分前にかけて単勝15.6%・複勝13.3%と断続的に資金が集中。推定確定オッズ3.6倍と補正係数0.9546で直前もさらに人気が加速する傾向。OPI"} 
[2026-09-19 16:03:34] local.ERROR: [Block14] ai_merge_result UPSERT failed {"err":"SQLSTATE[42S22]: Column not found: 1054 Unknown column 'updated_at' in 'field list' (SQL: INSERT INTO t_horse_odds_finder_ai_merge_result (date, kaisuu, basho, basho_code, day, race, race_name, merge_result) VALUES (2026-09-19, 4, 中山, 06, 5, 11, ながつきステークス, {\"upset_race\":0,\"gap_type\":\"D\",\"wave_level\":null,\"lower_entry\":null,\"big_gap_entry\":null,\"merged_horses\":[]}) ON DUPLICATE KEY UPDATE   merge_result = VALUES(merge_result),   race_name    = VALUES(race_name),   basho        = VALUES(basho),   updated_at   = CURRENT_TIMESTAMP)"} 
[2026-09-19 16:03:34] local.DEBUG: [Block11] ml_snapshot saved {"date":"2026-09-19","kaisuu":4,"basho_code":"06","day":5,"race":11,"gap_type":"D","merged_cnt":0} 
[2026-09-19 16:05:39] local.DEBUG: [Block10] market_score {"num":1,"score_a":0,"score_b":0,"score_c":7,"score_d":null,"score_e":null,"valid_max":55,"total":10,"f1":false,"f5":false} 
[2026-09-19 16:05:39] local.INFO: [B-13] 市場過小評価フラグ {"date":"2026-09-19","kaisuu":4,"basho_code":"09","day":5,"race":5,"num":1,"total_score":10,"score_a":0,"score_c":7,"valid_max":55,"undereval":false} 
[2026-09-19 16:05:39] local.DEBUG: [Block10] market_score {"num":2,"score_a":0,"score_b":0,"score_c":15,"score_d":null,"score_e":null,"valid_max":55,"total":22,"f1":false,"f5":false} 
[2026-09-19 16:05:39] local.INFO: [B-13] 市場過小評価フラグ {"date":"2026-09-19","kaisuu":4,"basho_code":"09","day":5,"race":5,"num":2,"total_score":22,"score_a":0,"score_c":15,"valid_max":55,"undereval":false} 
[2026-09-19 16:05:39] local.DEBUG: [Block10] market_score {"num":3,"score_a":12,"score_b":0,"score_c":15,"score_d":null,"score_e":null,"valid_max":55,"total":39,"f1":true,"f5":false} 
[2026-09-19 16:05:39] local.INFO: [B-13] 市場過小評価フラグ {"date":"2026-09-19","kaisuu":4,"basho_code":"09","day":5,"race":5,"num":3,"total_score":39,"score_a":12,"score_c":15,"valid_max":55,"undereval":false} 
[2026-09-19 16:05:39] local.DEBUG: [Block10] market_score {"num":4,"score_a":0,"score_b":0,"score_c":15,"score_d":null,"score_e":null,"valid_max":55,"total":22,"f1":false,"f5":false} 
[2026-09-19 16:05:39] local.INFO: [B-13] 市場過小評価フラグ {"date":"2026-09-19","kaisuu":4,"basho_code":"09","day":5,"race":5,"num":4,"total_score":22,"score_a":0,"score_c":15,"valid_max":55,"undereval":false} 
[2026-09-19 16:05:39] local.DEBUG: [Block10] market_score {"num":5,"score_a":0,"score_b":5,"score_c":12,"score_d":null,"score_e":null,"valid_max":55,"total":25,"f1":false,"f5":false} 
[2026-09-19 16:05:39] local.INFO: [B-13] 市場過小評価フラグ {"date":"2026-09-19","kaisuu":4,"basho_code":"09","day":5,"race":5,"num":5,"total_score":25,"score_a":0,"score_c":12,"valid_max":55,"undereval":false} 
[2026-09-19 16:05:39] local.DEBUG: [Block10] market_score {"num":6,"score_a":0,"score_b":0,"score_c":3,"score_d":null,"score_e":null,"valid_max":55,"total":4,"f1":false,"f5":false} 
[2026-09-19 16:05:39] local.INFO: [B-13] 市場過小評価フラグ {"date":"2026-09-19","kaisuu":4,"basho_code":"09","day":5,"race":5,"num":6,"total_score":4,"score_a":0,"score_c":3,"valid_max":55,"undereval":false} 
[2026-09-19 16:05:39] local.DEBUG: [Block10] market_score {"num":7,"score_a":0,"score_b":0,"score_c":15,"score_d":null,"score_e":null,"valid_max":55,"total":22,"f1":false,"f5":false} 
[2026-09-19 16:05:39] local.INFO: [B-13] 市場過小評価フラグ {"date":"2026-09-19","kaisuu":4,"basho_code":"09","day":5,"race":5,"num":7,"total_score":22,"score_a":0,"score_c":15,"valid_max":55,"undereval":false} 
[2026-09-19 16:05:39] local.DEBUG: [Block10] market_score {"num":8,"score_a":0,"score_b":0,"score_c":0,"score_d":null,"score_e":null,"valid_max":55,"total":0,"f1":false,"f5":false} 
[2026-09-19 16:05:39] local.INFO: [B-13] 市場過小評価フラグ {"date":"2026-09-19","kaisuu":4,"basho_code":"09","day":5,"race":5,"num":8,"total_score":0,"score_a":0,"score_c":0,"valid_max":55,"undereval":false} 
[2026-09-19 16:05:39] local.DEBUG: [Block10] market_score {"num":9,"score_a":0,"score_b":0,"score_c":7,"score_d":null,"score_e":null,"valid_max":55,"total":10,"f1":false,"f5":false} 
[2026-09-19 16:05:39] local.INFO: [B-13] 市場過小評価フラグ {"date":"2026-09-19","kaisuu":4,"basho_code":"09","day":5,"race":5,"num":9,"total_score":10,"score_a":0,"score_c":7,"valid_max":55,"undereval":false} 
[2026-09-19 16:05:39] local.DEBUG: [Block10] market_score {"num":10,"score_a":0,"score_b":0,"score_c":15,"score_d":null,"score_e":null,"valid_max":55,"total":22,"f1":false,"f5":false} 
[2026-09-19 16:05:39] local.INFO: [B-13] 市場過小評価フラグ {"date":"2026-09-19","kaisuu":4,"basho_code":"09","day":5,"race":5,"num":10,"total_score":22,"score_a":0,"score_c":15,"valid_max":55,"undereval":false} 
[2026-09-19 16:05:45] local.WARNING: [B-7] DeepSeek形式不正（再試行禁止）、1st AI単独継続 {"date":"2026-09-19","kaisuu":"4","basho":"09","day":"5","race":"5","text":"厳選穴レース|0
レース指標|波乱度: 4|下位進入度: 3|大穴進入度: 1
馬番：8、馬名：インパルスドライブ、人気順: 1、6分前オッズ: 1.4、おすすめ度: 78、選出理由：能力適性:D（0点）。全時点で単勝1.4倍・複勝1.1倍が完全に固定され、1〜2番人気間の断層が21分前から6分前まで★4.64〜4.86で安定維持。単勝OPI1.86と過剰人気ながらOPI1.50以上×1〜3人気の"} 
[2026-09-19 16:05:45] local.ERROR: [Block14] ai_merge_result UPSERT failed {"err":"SQLSTATE[42S22]: Column not found: 1054 Unknown column 'updated_at' in 'field list' (SQL: INSERT INTO t_horse_odds_finder_ai_merge_result (date, kaisuu, basho, basho_code, day, race, race_name, merge_result) VALUES (2026-09-19, 4, 阪神, 09, 5, 5, メイクデビュー阪神, {\"upset_race\":0,\"gap_type\":\"E\",\"wave_level\":null,\"lower_entry\":null,\"big_gap_entry\":null,\"merged_horses\":[]}) ON DUPLICATE KEY UPDATE   merge_result = VALUES(merge_result),   race_name    = VALUES(race_name),   basho        = VALUES(basho),   updated_at   = CURRENT_TIMESTAMP)"} 
[2026-09-19 16:05:45] local.DEBUG: [Block11] ml_snapshot saved {"date":"2026-09-19","kaisuu":4,"basho_code":"09","day":5,"race":5,"gap_type":"E","merged_cnt":0} 
[2026-09-19 16:06:13] local.DEBUG: [Block10] market_score {"num":1,"score_a":0,"score_b":0,"score_c":3,"score_d":null,"score_e":0,"valid_max":65,"total":4,"f1":false,"f5":false} 
[2026-09-19 16:06:13] local.INFO: [B-13] 市場過小評価フラグ {"date":"2026-09-19","kaisuu":4,"basho_code":"09","day":5,"race":6,"num":1,"total_score":4,"score_a":0,"score_c":3,"valid_max":65,"undereval":false} 
[2026-09-19 16:06:13] local.DEBUG: [Block10] market_score {"num":2,"score_a":0,"score_b":0,"score_c":3,"score_d":null,"score_e":0,"valid_max":65,"total":4,"f1":false,"f5":false} 
[2026-09-19 16:06:13] local.INFO: [B-13] 市場過小評価フラグ {"date":"2026-09-19","kaisuu":4,"basho_code":"09","day":5,"race":6,"num":2,"total_score":4,"score_a":0,"score_c":3,"valid_max":65,"undereval":false} 
[2026-09-19 16:06:13] local.DEBUG: [Block10] market_score {"num":3,"score_a":0,"score_b":5,"score_c":3,"score_d":null,"score_e":0,"valid_max":65,"total":10,"f1":false,"f5":false} 
[2026-09-19 16:06:13] local.INFO: [B-13] 市場過小評価フラグ {"date":"2026-09-19","kaisuu":4,"basho_code":"09","day":5,"race":6,"num":3,"total_score":10,"score_a":0,"score_c":3,"valid_max":65,"undereval":false} 
[2026-09-19 16:06:13] local.DEBUG: [Block10] market_score {"num":4,"score_a":0,"score_b":0,"score_c":0,"score_d":null,"score_e":0,"valid_max":65,"total":0,"f1":false,"f5":false} 
[2026-09-19 16:06:13] local.INFO: [B-13] 市場過小評価フラグ {"date":"2026-09-19","kaisuu":4,"basho_code":"09","day":5,"race":6,"num":4,"total_score":0,"score_a":0,"score_c":0,"valid_max":65,"undereval":false} 
[2026-09-19 16:06:13] local.DEBUG: [Block10] market_score {"num":5,"score_a":12,"score_b":10,"score_c":0,"score_d":null,"score_e":0,"valid_max":65,"total":27,"f1":true,"f5":false} 
[2026-09-19 16:06:13] local.INFO: [B-13] 市場過小評価フラグ {"date":"2026-09-19","kaisuu":4,"basho_code":"09","day":5,"race":6,"num":5,"total_score":27,"score_a":12,"score_c":0,"valid_max":65,"undereval":false} 
[2026-09-19 16:06:13] local.DEBUG: [Block10] market_score {"num":6,"score_a":0,"score_b":0,"score_c":0,"score_d":null,"score_e":0,"valid_max":65,"total":0,"f1":false,"f5":false} 
[2026-09-19 16:06:13] local.INFO: [B-13] 市場過小評価フラグ {"date":"2026-09-19","kaisuu":4,"basho_code":"09","day":5,"race":6,"num":6,"total_score":0,"score_a":0,"score_c":0,"valid_max":65,"undereval":false} 
[2026-09-19 16:06:13] local.DEBUG: [Block10] market_score {"num":7,"score_a":0,"score_b":0,"score_c":3,"score_d":null,"score_e":0,"valid_max":65,"total":4,"f1":false,"f5":false} 
[2026-09-19 16:06:13] local.INFO: [B-13] 市場過小評価フラグ {"date":"2026-09-19","kaisuu":4,"basho_code":"09","day":5,"race":6,"num":7,"total_score":4,"score_a":0,"score_c":3,"valid_max":65,"undereval":false} 
[2026-09-19 16:06:13] local.DEBUG: [Block10] market_score {"num":8,"score_a":0,"score_b":0,"score_c":0,"score_d":null,"score_e":0,"valid_max":65,"total":0,"f1":false,"f5":false} 
[2026-09-19 16:06:13] local.INFO: [B-13] 市場過小評価フラグ {"date":"2026-09-19","kaisuu":4,"basho_code":"09","day":5,"race":6,"num":8,"total_score":0,"score_a":0,"score_c":0,"valid_max":65,"undereval":false} 
[2026-09-19 16:06:13] local.DEBUG: [Block10] market_score {"num":9,"score_a":0,"score_b":0,"score_c":7,"score_d":null,"score_e":0,"valid_max":65,"total":9,"f1":false,"f5":false} 
[2026-09-19 16:06:13] local.INFO: [B-13] 市場過小評価フラグ {"date":"2026-09-19","kaisuu":4,"basho_code":"09","day":5,"race":6,"num":9,"total_score":9,"score_a":0,"score_c":7,"valid_max":65,"undereval":false} 
[2026-09-19 16:06:13] local.DEBUG: [Block10] market_score {"num":10,"score_a":0,"score_b":0,"score_c":7,"score_d":null,"score_e":0,"valid_max":65,"total":9,"f1":false,"f5":false} 
[2026-09-19 16:06:13] local.INFO: [B-13] 市場過小評価フラグ {"date":"2026-09-19","kaisuu":4,"basho_code":"09","day":5,"race":6,"num":10,"total_score":9,"score_a":0,"score_c":7,"valid_max":65,"undereval":false} 
[2026-09-19 16:06:13] local.DEBUG: [Block10] market_score {"num":11,"score_a":0,"score_b":0,"score_c":0,"score_d":null,"score_e":0,"valid_max":65,"total":0,"f1":false,"f5":false} 
[2026-09-19 16:06:13] local.INFO: [B-13] 市場過小評価フラグ {"date":"2026-09-19","kaisuu":4,"basho_code":"09","day":5,"race":6,"num":11,"total_score":0,"score_a":0,"score_c":0,"valid_max":65,"undereval":false} 
[2026-09-19 16:06:18] local.WARNING: [B-7] DeepSeek形式不正（再試行禁止）、1st AI単独継続 {"date":"2026-09-19","kaisuu":"4","basho":"09","day":"5","race":"6","text":"厳選穴レース|0
レース指標|波乱度: 3|下位進入度: 2|大穴進入度: 1
馬番：3、馬名：ジオフィージブル、人気順: 2、6分前オッズ: 4.7、おすすめ度: 74、選出理由：能力適性:D（0点）。2番人気ながら6分前にかけて単勝5.5→4.7倍と下落し単勝断層の上側に位置、複勝も1.6-2.2→1.5-1.9倍と安定推移。フェーズパターン別回収率（前半上昇・後半下落×1〜3人気）は101."} 
[2026-09-19 16:06:18] local.ERROR: [Block14] ai_merge_result UPSERT failed {"err":"SQLSTATE[42S22]: Column not found: 1054 Unknown column 'updated_at' in 'field list' (SQL: INSERT INTO t_horse_odds_finder_ai_merge_result (date, kaisuu, basho, basho_code, day, race, race_name, merge_result) VALUES (2026-09-19, 4, 阪神, 09, 5, 6, メイクデビュー阪神, {\"upset_race\":0,\"gap_type\":\"C\",\"wave_level\":null,\"lower_entry\":null,\"big_gap_entry\":null,\"merged_horses\":[]}) ON DUPLICATE KEY UPDATE   merge_result = VALUES(merge_result),   race_name    = VALUES(race_name),   basho        = VALUES(basho),   updated_at   = CURRENT_TIMESTAMP)"} 
[2026-09-19 16:06:18] local.DEBUG: [Block11] ml_snapshot saved {"date":"2026-09-19","kaisuu":4,"basho_code":"09","day":5,"race":6,"gap_type":"C","merged_cnt":0} 
[2026-09-19 16:06:49] local.DEBUG: [Block10] market_score {"num":1,"score_a":0,"score_b":0,"score_c":0,"score_d":null,"score_e":null,"valid_max":55,"total":0,"f1":false,"f5":false} 
[2026-09-19 16:06:49] local.INFO: [B-13] 市場過小評価フラグ {"date":"2026-09-19","kaisuu":4,"basho_code":"09","day":5,"race":7,"num":1,"total_score":0,"score_a":0,"score_c":0,"valid_max":55,"undereval":false} 
[2026-09-19 16:06:49] local.DEBUG: [Block10] market_score {"num":2,"score_a":0,"score_b":0,"score_c":15,"score_d":null,"score_e":null,"valid_max":55,"total":22,"f1":false,"f5":false} 
[2026-09-19 16:06:49] local.INFO: [B-13] 市場過小評価フラグ {"date":"2026-09-19","kaisuu":4,"basho_code":"09","day":5,"race":7,"num":2,"total_score":22,"score_a":0,"score_c":15,"valid_max":55,"undereval":false} 
[2026-09-19 16:06:49] local.DEBUG: [Block10] market_score {"num":3,"score_a":0,"score_b":10,"score_c":0,"score_d":null,"score_e":null,"valid_max":55,"total":15,"f1":false,"f5":false} 
[2026-09-19 16:06:49] local.INFO: [B-13] 市場過小評価フラグ {"date":"2026-09-19","kaisuu":4,"basho_code":"09","day":5,"race":7,"num":3,"total_score":15,"score_a":0,"score_c":0,"valid_max":55,"undereval":false} 
[2026-09-19 16:06:49] local.DEBUG: [Block10] market_score {"num":4,"score_a":25,"score_b":0,"score_c":0,"score_d":null,"score_e":null,"valid_max":55,"total":36,"f1":true,"f5":false} 
[2026-09-19 16:06:49] local.INFO: [B-13] 市場過小評価フラグ {"date":"2026-09-19","kaisuu":4,"basho_code":"09","day":5,"race":7,"num":4,"total_score":36,"score_a":25,"score_c":0,"valid_max":55,"undereval":false} 
[2026-09-19 16:06:49] local.DEBUG: [Block10] market_score {"num":5,"score_a":0,"score_b":0,"score_c":0,"score_d":null,"score_e":null,"valid_max":55,"total":0,"f1":false,"f5":false} 
[2026-09-19 16:06:49] local.INFO: [B-13] 市場過小評価フラグ {"date":"2026-09-19","kaisuu":4,"basho_code":"09","day":5,"race":7,"num":5,"total_score":0,"score_a":0,"score_c":0,"valid_max":55,"undereval":false} 
[2026-09-19 16:06:49] local.DEBUG: [Block10] market_score {"num":6,"score_a":0,"score_b":0,"score_c":0,"score_d":null,"score_e":null,"valid_max":55,"total":0,"f1":false,"f5":false} 
[2026-09-19 16:06:49] local.INFO: [B-13] 市場過小評価フラグ {"date":"2026-09-19","kaisuu":4,"basho_code":"09","day":5,"race":7,"num":6,"total_score":0,"score_a":0,"score_c":0,"valid_max":55,"undereval":false} 
[2026-09-19 16:06:49] local.DEBUG: [Block10] market_score {"num":7,"score_a":0,"score_b":10,"score_c":0,"score_d":null,"score_e":null,"valid_max":55,"total":15,"f1":false,"f5":false} 
[2026-09-19 16:06:49] local.INFO: [B-13] 市場過小評価フラグ {"date":"2026-09-19","kaisuu":4,"basho_code":"09","day":5,"race":7,"num":7,"total_score":15,"score_a":0,"score_c":0,"valid_max":55,"undereval":false} 
[2026-09-19 16:06:49] local.DEBUG: [Block10] market_score {"num":8,"score_a":0,"score_b":5,"score_c":0,"score_d":null,"score_e":null,"valid_max":55,"total":7,"f1":false,"f5":false} 
[2026-09-19 16:06:49] local.INFO: [B-13] 市場過小評価フラグ {"date":"2026-09-19","kaisuu":4,"basho_code":"09","day":5,"race":7,"num":8,"total_score":7,"score_a":0,"score_c":0,"valid_max":55,"undereval":false} 
[2026-09-19 16:06:49] local.DEBUG: [Block10] market_score {"num":9,"score_a":25,"score_b":0,"score_c":3,"score_d":null,"score_e":null,"valid_max":55,"total":41,"f1":true,"f5":false} 
[2026-09-19 16:06:49] local.INFO: [B-13] 市場過小評価フラグ {"date":"2026-09-19","kaisuu":4,"basho_code":"09","day":5,"race":7,"num":9,"total_score":41,"score_a":25,"score_c":3,"valid_max":55,"undereval":false} 
[2026-09-19 16:06:49] local.DEBUG: [Block10] market_score {"num":10,"score_a":0,"score_b":0,"score_c":0,"score_d":null,"score_e":null,"valid_max":55,"total":0,"f1":false,"f5":false} 
[2026-09-19 16:06:49] local.INFO: [B-13] 市場過小評価フラグ {"date":"2026-09-19","kaisuu":4,"basho_code":"09","day":5,"race":7,"num":10,"total_score":0,"score_a":0,"score_c":0,"valid_max":55,"undereval":false} 
[2026-09-19 16:06:49] local.DEBUG: [Block10] market_score {"num":11,"score_a":25,"score_b":0,"score_c":0,"score_d":null,"score_e":null,"valid_max":55,"total":36,"f1":true,"f5":false} 
[2026-09-19 16:06:49] local.INFO: [B-13] 市場過小評価フラグ {"date":"2026-09-19","kaisuu":4,"basho_code":"09","day":5,"race":7,"num":11,"total_score":36,"score_a":25,"score_c":0,"valid_max":55,"undereval":false} 
[2026-09-19 16:06:49] local.DEBUG: [Block10] market_score {"num":12,"score_a":0,"score_b":0,"score_c":0,"score_d":null,"score_e":null,"valid_max":55,"total":0,"f1":false,"f5":false} 
[2026-09-19 16:06:49] local.INFO: [B-13] 市場過小評価フラグ {"date":"2026-09-19","kaisuu":4,"basho_code":"09","day":5,"race":7,"num":12,"total_score":0,"score_a":0,"score_c":0,"valid_max":55,"undereval":false} 
[2026-09-19 16:06:56] local.WARNING: [B-7] DeepSeek形式不正（再試行禁止）、1st AI単独継続 {"date":"2026-09-19","kaisuu":"4","basho":"09","day":"5","race":"7","text":"厳選穴レース|0
レース指標|波乱度: 3|下位進入度: 3|大穴進入度: 1
馬番：2、馬名：アロマフェリス、人気順: 1、6分前オッズ: 3.8、おすすめ度: 82、選出理由：能力適性:A（80点）。複勝1.5-1.9倍で変動なしの安定支持、単複比2.5倍で複勝支持が厚く、複勝OPI0.87と平均並みで妙味を確保。フェーズパターン別回収率（前半上昇・後半下落）101.5%・サンプル129件、O"} 
[2026-09-19 16:06:56] local.ERROR: [Block14] ai_merge_result UPSERT failed {"err":"SQLSTATE[42S22]: Column not found: 1054 Unknown column 'updated_at' in 'field list' (SQL: INSERT INTO t_horse_odds_finder_ai_merge_result (date, kaisuu, basho, basho_code, day, race, race_name, merge_result) VALUES (2026-09-19, 4, 阪神, 09, 5, 7, 3歳以上1勝クラス[指定], {\"upset_race\":0,\"gap_type\":\"E\",\"wave_level\":null,\"lower_entry\":null,\"big_gap_entry\":null,\"merged_horses\":[]}) ON DUPLICATE KEY UPDATE   merge_result = VALUES(merge_result),   race_name    = VALUES(race_name),   basho        = VALUES(basho),   updated_at   = CURRENT_TIMESTAMP)"} 
[2026-09-19 16:06:56] local.DEBUG: [Block11] ml_snapshot saved {"date":"2026-09-19","kaisuu":4,"basho_code":"09","day":5,"race":7,"gap_type":"E","merged_cnt":0} 
[2026-09-19 16:07:13] local.DEBUG: [Block10] market_score {"num":1,"score_a":0,"score_b":0,"score_c":3,"score_d":null,"score_e":0,"valid_max":65,"total":4,"f1":false,"f5":false} 
[2026-09-19 16:07:13] local.INFO: [B-13] 市場過小評価フラグ {"date":"2026-09-19","kaisuu":4,"basho_code":"09","day":5,"race":8,"num":1,"total_score":4,"score_a":0,"score_c":3,"valid_max":65,"undereval":false} 
[2026-09-19 16:07:13] local.DEBUG: [Block10] market_score {"num":2,"score_a":0,"score_b":0,"score_c":0,"score_d":null,"score_e":0,"valid_max":65,"total":0,"f1":false,"f5":false} 
[2026-09-19 16:07:13] local.INFO: [B-13] 市場過小評価フラグ {"date":"2026-09-19","kaisuu":4,"basho_code":"09","day":5,"race":8,"num":2,"total_score":0,"score_a":0,"score_c":0,"valid_max":65,"undereval":false} 
[2026-09-19 16:07:13] local.DEBUG: [Block10] market_score {"num":3,"score_a":0,"score_b":0,"score_c":15,"score_d":null,"score_e":0,"valid_max":65,"total":18,"f1":false,"f5":false} 
[2026-09-19 16:07:13] local.INFO: [B-13] 市場過小評価フラグ {"date":"2026-09-19","kaisuu":4,"basho_code":"09","day":5,"race":8,"num":3,"total_score":18,"score_a":0,"score_c":15,"valid_max":65,"undereval":false} 
[2026-09-19 16:07:13] local.DEBUG: [Block10] market_score {"num":4,"score_a":0,"score_b":0,"score_c":15,"score_d":null,"score_e":0,"valid_max":65,"total":18,"f1":false,"f5":false} 
[2026-09-19 16:07:13] local.INFO: [B-13] 市場過小評価フラグ {"date":"2026-09-19","kaisuu":4,"basho_code":"09","day":5,"race":8,"num":4,"total_score":18,"score_a":0,"score_c":15,"valid_max":65,"undereval":false} 
[2026-09-19 16:07:13] local.DEBUG: [Block10] market_score {"num":5,"score_a":12,"score_b":5,"score_c":3,"score_d":null,"score_e":6,"valid_max":65,"total":32,"f1":true,"f5":true} 
[2026-09-19 16:07:13] local.INFO: [B-13] 市場過小評価フラグ {"date":"2026-09-19","kaisuu":4,"basho_code":"09","day":5,"race":8,"num":5,"total_score":32,"score_a":12,"score_c":3,"valid_max":65,"undereval":false} 
[2026-09-19 16:07:13] local.DEBUG: [Block10] market_score {"num":6,"score_a":0,"score_b":0,"score_c":15,"score_d":null,"score_e":0,"valid_max":65,"total":18,"f1":false,"f5":false} 
[2026-09-19 16:07:13] local.INFO: [B-13] 市場過小評価フラグ {"date":"2026-09-19","kaisuu":4,"basho_code":"09","day":5,"race":8,"num":6,"total_score":18,"score_a":0,"score_c":15,"valid_max":65,"undereval":false} 
[2026-09-19 16:07:19] local.WARNING: [B-7] DeepSeek形式不正（再試行禁止）、1st AI単独継続 {"date":"2026-09-19","kaisuu":"4","basho":"09","day":"5","race":"8","text":"厳選穴レース|0
レース指標|波乱度: 3|下位進入度: 3|大穴進入度: 2
馬番：2、馬名：ジーティーサクラ、人気順: 1、6分前オッズ: 1.2、おすすめ度: 74、選出理由：能力適性:B（76点）。新馬戦を3-3の好位から上がり3F32.4で差し切り、阪神芝1600mの実績は本物。複勝最小1.1倍で複勝支持は最も安定、単勝1〜2番人気間の断層は5.25倍と非常に強く断層上側の最上位に位置す"} 
[2026-09-19 16:07:19] local.ERROR: [Block14] ai_merge_result UPSERT failed {"err":"SQLSTATE[42S22]: Column not found: 1054 Unknown column 'updated_at' in 'field list' (SQL: INSERT INTO t_horse_odds_finder_ai_merge_result (date, kaisuu, basho, basho_code, day, race, race_name, merge_result) VALUES (2026-09-19, 4, 阪神, 09, 5, 8, 野路菊ステークス, {\"upset_race\":0,\"gap_type\":\"A\",\"wave_level\":null,\"lower_entry\":null,\"big_gap_entry\":null,\"merged_horses\":[]}) ON DUPLICATE KEY UPDATE   merge_result = VALUES(merge_result),   race_name    = VALUES(race_name),   basho        = VALUES(basho),   updated_at   = CURRENT_TIMESTAMP)"} 
[2026-09-19 16:07:19] local.DEBUG: [Block11] ml_snapshot saved {"date":"2026-09-19","kaisuu":4,"basho_code":"09","day":5,"race":8,"gap_type":"A","merged_cnt":0} 
[2026-09-19 16:07:31] local.DEBUG: [Block10] market_score {"num":1,"score_a":0,"score_b":15,"score_c":0,"score_d":null,"score_e":null,"valid_max":55,"total":22,"f1":false,"f5":false} 
[2026-09-19 16:07:31] local.INFO: [B-13] 市場過小評価フラグ {"date":"2026-09-19","kaisuu":4,"basho_code":"09","day":5,"race":9,"num":1,"total_score":22,"score_a":0,"score_c":0,"valid_max":55,"undereval":false} 
[2026-09-19 16:07:31] local.DEBUG: [Block10] market_score {"num":2,"score_a":0,"score_b":10,"score_c":0,"score_d":null,"score_e":null,"valid_max":55,"total":15,"f1":false,"f5":false} 
[2026-09-19 16:07:31] local.INFO: [B-13] 市場過小評価フラグ {"date":"2026-09-19","kaisuu":4,"basho_code":"09","day":5,"race":9,"num":2,"total_score":15,"score_a":0,"score_c":0,"valid_max":55,"undereval":false} 
[2026-09-19 16:07:31] local.DEBUG: [Block10] market_score {"num":3,"score_a":0,"score_b":0,"score_c":3,"score_d":null,"score_e":null,"valid_max":55,"total":4,"f1":false,"f5":false} 
[2026-09-19 16:07:31] local.INFO: [B-13] 市場過小評価フラグ {"date":"2026-09-19","kaisuu":4,"basho_code":"09","day":5,"race":9,"num":3,"total_score":4,"score_a":0,"score_c":3,"valid_max":55,"undereval":false} 
[2026-09-19 16:07:31] local.DEBUG: [Block10] market_score {"num":4,"score_a":25,"score_b":0,"score_c":12,"score_d":null,"score_e":null,"valid_max":55,"total":54,"f1":true,"f5":false} 
[2026-09-19 16:07:31] local.INFO: [B-13] 市場過小評価フラグ {"date":"2026-09-19","kaisuu":4,"basho_code":"09","day":5,"race":9,"num":4,"total_score":54,"score_a":25,"score_c":12,"valid_max":55,"undereval":false} 
[2026-09-19 16:07:31] local.DEBUG: [Block10] market_score {"num":5,"score_a":25,"score_b":0,"score_c":3,"score_d":null,"score_e":null,"valid_max":55,"total":41,"f1":true,"f5":false} 
[2026-09-19 16:07:31] local.INFO: [B-13] 市場過小評価フラグ {"date":"2026-09-19","kaisuu":4,"basho_code":"09","day":5,"race":9,"num":5,"total_score":41,"score_a":25,"score_c":3,"valid_max":55,"undereval":false} 
[2026-09-19 16:07:31] local.DEBUG: [Block10] market_score {"num":6,"score_a":0,"score_b":0,"score_c":0,"score_d":null,"score_e":null,"valid_max":55,"total":0,"f1":false,"f5":false} 
[2026-09-19 16:07:31] local.INFO: [B-13] 市場過小評価フラグ {"date":"2026-09-19","kaisuu":4,"basho_code":"09","day":5,"race":9,"num":6,"total_score":0,"score_a":0,"score_c":0,"valid_max":55,"undereval":false} 
[2026-09-19 16:07:31] local.DEBUG: [Block10] market_score {"num":7,"score_a":0,"score_b":0,"score_c":0,"score_d":null,"score_e":null,"valid_max":55,"total":0,"f1":false,"f5":false} 
[2026-09-19 16:07:31] local.INFO: [B-13] 市場過小評価フラグ {"date":"2026-09-19","kaisuu":4,"basho_code":"09","day":5,"race":9,"num":7,"total_score":0,"score_a":0,"score_c":0,"valid_max":55,"undereval":false} 
[2026-09-19 16:07:31] local.DEBUG: [Block10] market_score {"num":8,"score_a":0,"score_b":0,"score_c":0,"score_d":null,"score_e":null,"valid_max":55,"total":0,"f1":false,"f5":false} 
[2026-09-19 16:07:31] local.INFO: [B-13] 市場過小評価フラグ {"date":"2026-09-19","kaisuu":4,"basho_code":"09","day":5,"race":9,"num":8,"total_score":0,"score_a":0,"score_c":0,"valid_max":55,"undereval":false} 
[2026-09-19 16:07:31] local.DEBUG: [Block10] market_score {"num":9,"score_a":0,"score_b":0,"score_c":0,"score_d":null,"score_e":null,"valid_max":55,"total":0,"f1":false,"f5":false} 
[2026-09-19 16:07:31] local.INFO: [B-13] 市場過小評価フラグ {"date":"2026-09-19","kaisuu":4,"basho_code":"09","day":5,"race":9,"num":9,"total_score":0,"score_a":0,"score_c":0,"valid_max":55,"undereval":false} 
[2026-09-19 16:07:31] local.DEBUG: [Block10] market_score {"num":10,"score_a":0,"score_b":0,"score_c":3,"score_d":null,"score_e":null,"valid_max":55,"total":4,"f1":false,"f5":false} 
[2026-09-19 16:07:31] local.INFO: [B-13] 市場過小評価フラグ {"date":"2026-09-19","kaisuu":4,"basho_code":"09","day":5,"race":9,"num":10,"total_score":4,"score_a":0,"score_c":3,"valid_max":55,"undereval":false} 
[2026-09-19 16:07:31] local.DEBUG: [Block10] market_score {"num":11,"score_a":0,"score_b":0,"score_c":0,"score_d":null,"score_e":null,"valid_max":55,"total":0,"f1":false,"f5":false} 
[2026-09-19 16:07:31] local.INFO: [B-13] 市場過小評価フラグ {"date":"2026-09-19","kaisuu":4,"basho_code":"09","day":5,"race":9,"num":11,"total_score":0,"score_a":0,"score_c":0,"valid_max":55,"undereval":false} 
[2026-09-19 16:07:31] local.DEBUG: [Block10] market_score {"num":12,"score_a":0,"score_b":5,"score_c":0,"score_d":null,"score_e":null,"valid_max":55,"total":7,"f1":false,"f5":false} 
[2026-09-19 16:07:31] local.INFO: [B-13] 市場過小評価フラグ {"date":"2026-09-19","kaisuu":4,"basho_code":"09","day":5,"race":9,"num":12,"total_score":7,"score_a":0,"score_c":0,"valid_max":55,"undereval":false} 
[2026-09-19 16:07:31] local.DEBUG: [Block10] market_score {"num":13,"score_a":0,"score_b":0,"score_c":3,"score_d":null,"score_e":null,"valid_max":55,"total":4,"f1":false,"f5":false} 
[2026-09-19 16:07:31] local.INFO: [B-13] 市場過小評価フラグ {"date":"2026-09-19","kaisuu":4,"basho_code":"09","day":5,"race":9,"num":13,"total_score":4,"score_a":0,"score_c":3,"valid_max":55,"undereval":false} 
[2026-09-19 16:07:31] local.DEBUG: [Block10] market_score {"num":14,"score_a":0,"score_b":0,"score_c":0,"score_d":null,"score_e":null,"valid_max":55,"total":0,"f1":false,"f5":false} 
[2026-09-19 16:07:31] local.INFO: [B-13] 市場過小評価フラグ {"date":"2026-09-19","kaisuu":4,"basho_code":"09","day":5,"race":9,"num":14,"total_score":0,"score_a":0,"score_c":0,"valid_max":55,"undereval":false} 
[2026-09-19 16:07:38] local.WARNING: [B-7] DeepSeek形式不正（再試行禁止）、1st AI単独継続 {"date":"2026-09-19","kaisuu":"4","basho":"09","day":"5","race":"9","text":"厳選穴レース|0
レース指標|波乱度: 4|下位進入度: 2|大穴進入度: 1
馬番：14、馬名：シュネルアンジュ、人気順: 1、6分前オッズ: 2.2、おすすめ度: 76、選出理由：能力適性:A（82点）。単勝が計測前2.7倍から6分前2.2倍へ下落し単勝流入ランク1位、推定確定2.1倍で直前も集中継続。複勝最小1.1倍と安定、OPI1.18で1番人気の信頼度は最上位。過去回収率75.6%・フェ"} 
[2026-09-19 16:07:38] local.ERROR: [Block14] ai_merge_result UPSERT failed {"err":"SQLSTATE[42S22]: Column not found: 1054 Unknown column 'updated_at' in 'field list' (SQL: INSERT INTO t_horse_odds_finder_ai_merge_result (date, kaisuu, basho, basho_code, day, race, race_name, merge_result) VALUES (2026-09-19, 4, 阪神, 09, 5, 9, 3歳以上1勝クラス牝［指定］, {\"upset_race\":0,\"gap_type\":\"E\",\"wave_level\":null,\"lower_entry\":null,\"big_gap_entry\":null,\"merged_horses\":[]}) ON DUPLICATE KEY UPDATE   merge_result = VALUES(merge_result),   race_name    = VALUES(race_name),   basho        = VALUES(basho),   updated_at   = CURRENT_TIMESTAMP)"} 
[2026-09-19 16:07:38] local.DEBUG: [Block11] ml_snapshot saved {"date":"2026-09-19","kaisuu":4,"basho_code":"09","day":5,"race":9,"gap_type":"E","merged_cnt":0} 
[2026-09-19 16:08:00] local.DEBUG: [Block10] market_score {"num":1,"score_a":0,"score_b":0,"score_c":3,"score_d":null,"score_e":null,"valid_max":55,"total":4,"f1":false,"f5":false} 
[2026-09-19 16:08:00] local.INFO: [B-13] 市場過小評価フラグ {"date":"2026-09-19","kaisuu":4,"basho_code":"09","day":5,"race":10,"num":1,"total_score":4,"score_a":0,"score_c":3,"valid_max":55,"undereval":false} 
[2026-09-19 16:08:00] local.DEBUG: [Block10] market_score {"num":2,"score_a":0,"score_b":0,"score_c":0,"score_d":null,"score_e":null,"valid_max":55,"total":0,"f1":false,"f5":false} 
[2026-09-19 16:08:00] local.INFO: [B-13] 市場過小評価フラグ {"date":"2026-09-19","kaisuu":4,"basho_code":"09","day":5,"race":10,"num":2,"total_score":0,"score_a":0,"score_c":0,"valid_max":55,"undereval":false} 
[2026-09-19 16:08:00] local.DEBUG: [Block10] market_score {"num":3,"score_a":0,"score_b":0,"score_c":0,"score_d":null,"score_e":null,"valid_max":55,"total":0,"f1":false,"f5":false} 
[2026-09-19 16:08:00] local.INFO: [B-13] 市場過小評価フラグ {"date":"2026-09-19","kaisuu":4,"basho_code":"09","day":5,"race":10,"num":3,"total_score":0,"score_a":0,"score_c":0,"valid_max":55,"undereval":false} 
[2026-09-19 16:08:00] local.DEBUG: [Block10] market_score {"num":4,"score_a":12,"score_b":0,"score_c":7,"score_d":null,"score_e":null,"valid_max":55,"total":28,"f1":true,"f5":false} 
[2026-09-19 16:08:00] local.INFO: [B-13] 市場過小評価フラグ {"date":"2026-09-19","kaisuu":4,"basho_code":"09","day":5,"race":10,"num":4,"total_score":28,"score_a":12,"score_c":7,"valid_max":55,"undereval":false} 
[2026-09-19 16:08:00] local.DEBUG: [Block10] market_score {"num":5,"score_a":0,"score_b":0,"score_c":3,"score_d":null,"score_e":null,"valid_max":55,"total":4,"f1":false,"f5":false} 
[2026-09-19 16:08:00] local.INFO: [B-13] 市場過小評価フラグ {"date":"2026-09-19","kaisuu":4,"basho_code":"09","day":5,"race":10,"num":5,"total_score":4,"score_a":0,"score_c":3,"valid_max":55,"undereval":false} 
[2026-09-19 16:08:00] local.DEBUG: [Block10] market_score {"num":6,"score_a":25,"score_b":0,"score_c":0,"score_d":null,"score_e":null,"valid_max":55,"total":36,"f1":true,"f5":false} 
[2026-09-19 16:08:00] local.INFO: [B-13] 市場過小評価フラグ {"date":"2026-09-19","kaisuu":4,"basho_code":"09","day":5,"race":10,"num":6,"total_score":36,"score_a":25,"score_c":0,"valid_max":55,"undereval":false} 
[2026-09-19 16:08:00] local.DEBUG: [Block10] market_score {"num":7,"score_a":12,"score_b":10,"score_c":0,"score_d":null,"score_e":null,"valid_max":55,"total":32,"f1":true,"f5":false} 
[2026-09-19 16:08:00] local.INFO: [B-13] 市場過小評価フラグ {"date":"2026-09-19","kaisuu":4,"basho_code":"09","day":5,"race":10,"num":7,"total_score":32,"score_a":12,"score_c":0,"valid_max":55,"undereval":false} 
[2026-09-19 16:08:00] local.DEBUG: [Block10] market_score {"num":8,"score_a":0,"score_b":0,"score_c":0,"score_d":null,"score_e":null,"valid_max":55,"total":0,"f1":false,"f5":false} 
[2026-09-19 16:08:00] local.INFO: [B-13] 市場過小評価フラグ {"date":"2026-09-19","kaisuu":4,"basho_code":"09","day":5,"race":10,"num":8,"total_score":0,"score_a":0,"score_c":0,"valid_max":55,"undereval":false} 
[2026-09-19 16:08:00] local.DEBUG: [Block10] market_score {"num":9,"score_a":0,"score_b":0,"score_c":3,"score_d":null,"score_e":null,"valid_max":55,"total":4,"f1":false,"f5":false} 
[2026-09-19 16:08:00] local.INFO: [B-13] 市場過小評価フラグ {"date":"2026-09-19","kaisuu":4,"basho_code":"09","day":5,"race":10,"num":9,"total_score":4,"score_a":0,"score_c":3,"valid_max":55,"undereval":false} 
[2026-09-19 16:08:00] local.DEBUG: [Block10] market_score {"num":10,"score_a":0,"score_b":0,"score_c":0,"score_d":null,"score_e":null,"valid_max":55,"total":0,"f1":false,"f5":false} 
[2026-09-19 16:08:00] local.INFO: [B-13] 市場過小評価フラグ {"date":"2026-09-19","kaisuu":4,"basho_code":"09","day":5,"race":10,"num":10,"total_score":0,"score_a":0,"score_c":0,"valid_max":55,"undereval":false} 
[2026-09-19 16:08:00] local.DEBUG: [Block10] market_score {"num":11,"score_a":0,"score_b":0,"score_c":3,"score_d":null,"score_e":null,"valid_max":55,"total":4,"f1":false,"f5":false} 
[2026-09-19 16:08:00] local.INFO: [B-13] 市場過小評価フラグ {"date":"2026-09-19","kaisuu":4,"basho_code":"09","day":5,"race":10,"num":11,"total_score":4,"score_a":0,"score_c":3,"valid_max":55,"undereval":false} 
[2026-09-19 16:08:00] local.DEBUG: [Block10] market_score {"num":12,"score_a":0,"score_b":0,"score_c":7,"score_d":null,"score_e":null,"valid_max":55,"total":10,"f1":false,"f5":false} 
[2026-09-19 16:08:00] local.INFO: [B-13] 市場過小評価フラグ {"date":"2026-09-19","kaisuu":4,"basho_code":"09","day":5,"race":10,"num":12,"total_score":10,"score_a":0,"score_c":7,"valid_max":55,"undereval":false} 
[2026-09-19 16:08:00] local.DEBUG: [Block10] market_score {"num":13,"score_a":0,"score_b":0,"score_c":0,"score_d":null,"score_e":null,"valid_max":55,"total":0,"f1":false,"f5":false} 
[2026-09-19 16:08:00] local.INFO: [B-13] 市場過小評価フラグ {"date":"2026-09-19","kaisuu":4,"basho_code":"09","day":5,"race":10,"num":13,"total_score":0,"score_a":0,"score_c":0,"valid_max":55,"undereval":false} 
[2026-09-19 16:08:00] local.DEBUG: [Block10] market_score {"num":14,"score_a":0,"score_b":0,"score_c":7,"score_d":null,"score_e":null,"valid_max":55,"total":10,"f1":false,"f5":false} 
[2026-09-19 16:08:00] local.INFO: [B-13] 市場過小評価フラグ {"date":"2026-09-19","kaisuu":4,"basho_code":"09","day":5,"race":10,"num":14,"total_score":10,"score_a":0,"score_c":7,"valid_max":55,"undereval":false} 
[2026-09-19 16:08:00] local.DEBUG: [Block10] market_score {"num":15,"score_a":0,"score_b":0,"score_c":3,"score_d":null,"score_e":null,"valid_max":55,"total":4,"f1":false,"f5":false} 
[2026-09-19 16:08:00] local.INFO: [B-13] 市場過小評価フラグ {"date":"2026-09-19","kaisuu":4,"basho_code":"09","day":5,"race":10,"num":15,"total_score":4,"score_a":0,"score_c":3,"valid_max":55,"undereval":false} 
[2026-09-19 16:08:07] local.WARNING: [B-7] DeepSeek形式不正（再試行禁止）、1st AI単独継続 {"date":"2026-09-19","kaisuu":"4","basho":"09","day":"5","race":"10","text":"厳選穴レース|0
レース指標|波乱度: 4|下位進入度: 2|大穴進入度: 1
馬番：6、馬名：リヴァイ、人気順: 1、6分前オッズ: 2.3、おすすめ度: 78、選出理由：能力適性:B（76点）。1〜2番人気間に単勝断層が拡大中（1.33→2.22）で断層上側に位置し、単・複とも複数時点で資金流入が継続。推定確定2.2倍でさらに人気集中方向の補正。1番人気の類似統計5着以内率77.4%と軸信頼度"} 
[2026-09-19 16:08:07] local.ERROR: [Block14] ai_merge_result UPSERT failed {"err":"SQLSTATE[42S22]: Column not found: 1054 Unknown column 'updated_at' in 'field list' (SQL: INSERT INTO t_horse_odds_finder_ai_merge_result (date, kaisuu, basho, basho_code, day, race, race_name, merge_result) VALUES (2026-09-19, 4, 阪神, 09, 5, 10, 北摂特別, {\"upset_race\":0,\"gap_type\":\"E\",\"wave_level\":null,\"lower_entry\":null,\"big_gap_entry\":null,\"merged_horses\":[]}) ON DUPLICATE KEY UPDATE   merge_result = VALUES(merge_result),   race_name    = VALUES(race_name),   basho        = VALUES(basho),   updated_at   = CURRENT_TIMESTAMP)"} 
[2026-09-19 16:08:07] local.DEBUG: [Block11] ml_snapshot saved {"date":"2026-09-19","kaisuu":4,"basho_code":"09","day":5,"race":10,"gap_type":"E","merged_cnt":0} 
[2026-09-19 16:12:11] local.DEBUG: [Block10] market_score {"num":1,"score_a":0,"score_b":0,"score_c":0,"score_d":null,"score_e":null,"valid_max":55,"total":0,"f1":false,"f5":false} 
[2026-09-19 16:12:11] local.INFO: [B-13] 市場過小評価フラグ {"date":"2026-09-19","kaisuu":4,"basho_code":"09","day":5,"race":11,"num":1,"total_score":0,"score_a":0,"score_c":0,"valid_max":55,"undereval":false} 
[2026-09-19 16:12:11] local.DEBUG: [Block10] market_score {"num":2,"score_a":0,"score_b":5,"score_c":0,"score_d":null,"score_e":null,"valid_max":55,"total":7,"f1":false,"f5":false} 
[2026-09-19 16:12:11] local.INFO: [B-13] 市場過小評価フラグ {"date":"2026-09-19","kaisuu":4,"basho_code":"09","day":5,"race":11,"num":2,"total_score":7,"score_a":0,"score_c":0,"valid_max":55,"undereval":false} 
[2026-09-19 16:12:11] local.DEBUG: [Block10] market_score {"num":3,"score_a":0,"score_b":0,"score_c":0,"score_d":null,"score_e":null,"valid_max":55,"total":0,"f1":false,"f5":false} 
[2026-09-19 16:12:11] local.INFO: [B-13] 市場過小評価フラグ {"date":"2026-09-19","kaisuu":4,"basho_code":"09","day":5,"race":11,"num":3,"total_score":0,"score_a":0,"score_c":0,"valid_max":55,"undereval":false} 
[2026-09-19 16:12:11] local.DEBUG: [Block10] market_score {"num":4,"score_a":0,"score_b":5,"score_c":0,"score_d":null,"score_e":null,"valid_max":55,"total":7,"f1":false,"f5":false} 
[2026-09-19 16:12:11] local.INFO: [B-13] 市場過小評価フラグ {"date":"2026-09-19","kaisuu":4,"basho_code":"09","day":5,"race":11,"num":4,"total_score":7,"score_a":0,"score_c":0,"valid_max":55,"undereval":false} 
[2026-09-19 16:12:11] local.DEBUG: [Block10] market_score {"num":5,"score_a":0,"score_b":0,"score_c":0,"score_d":null,"score_e":null,"valid_max":55,"total":0,"f1":false,"f5":false} 
[2026-09-19 16:12:11] local.INFO: [B-13] 市場過小評価フラグ {"date":"2026-09-19","kaisuu":4,"basho_code":"09","day":5,"race":11,"num":5,"total_score":0,"score_a":0,"score_c":0,"valid_max":55,"undereval":false} 
[2026-09-19 16:12:11] local.DEBUG: [Block10] market_score {"num":6,"score_a":0,"score_b":0,"score_c":3,"score_d":null,"score_e":null,"valid_max":55,"total":4,"f1":false,"f5":false} 
[2026-09-19 16:12:11] local.INFO: [B-13] 市場過小評価フラグ {"date":"2026-09-19","kaisuu":4,"basho_code":"09","day":5,"race":11,"num":6,"total_score":4,"score_a":0,"score_c":3,"valid_max":55,"undereval":false} 
[2026-09-19 16:12:11] local.DEBUG: [Block10] market_score {"num":7,"score_a":12,"score_b":5,"score_c":0,"score_d":null,"score_e":null,"valid_max":55,"total":25,"f1":true,"f5":false} 
[2026-09-19 16:12:11] local.INFO: [B-13] 市場過小評価フラグ {"date":"2026-09-19","kaisuu":4,"basho_code":"09","day":5,"race":11,"num":7,"total_score":25,"score_a":12,"score_c":0,"valid_max":55,"undereval":false} 
[2026-09-19 16:12:11] local.DEBUG: [Block10] market_score {"num":8,"score_a":12,"score_b":0,"score_c":0,"score_d":null,"score_e":null,"valid_max":55,"total":17,"f1":true,"f5":false} 
[2026-09-19 16:12:11] local.INFO: [B-13] 市場過小評価フラグ {"date":"2026-09-19","kaisuu":4,"basho_code":"09","day":5,"race":11,"num":8,"total_score":17,"score_a":12,"score_c":0,"valid_max":55,"undereval":false} 
[2026-09-19 16:12:11] local.DEBUG: [Block10] market_score {"num":9,"score_a":0,"score_b":0,"score_c":7,"score_d":null,"score_e":null,"valid_max":55,"total":10,"f1":false,"f5":false} 
[2026-09-19 16:12:11] local.INFO: [B-13] 市場過小評価フラグ {"date":"2026-09-19","kaisuu":4,"basho_code":"09","day":5,"race":11,"num":9,"total_score":10,"score_a":0,"score_c":7,"valid_max":55,"undereval":false} 
[2026-09-19 16:12:11] local.DEBUG: [Block10] market_score {"num":10,"score_a":0,"score_b":0,"score_c":0,"score_d":null,"score_e":null,"valid_max":55,"total":0,"f1":false,"f5":false} 
[2026-09-19 16:12:11] local.INFO: [B-13] 市場過小評価フラグ {"date":"2026-09-19","kaisuu":4,"basho_code":"09","day":5,"race":11,"num":10,"total_score":0,"score_a":0,"score_c":0,"valid_max":55,"undereval":false} 
[2026-09-19 16:12:11] local.DEBUG: [Block10] market_score {"num":11,"score_a":0,"score_b":0,"score_c":0,"score_d":null,"score_e":null,"valid_max":55,"total":0,"f1":false,"f5":false} 
[2026-09-19 16:12:11] local.INFO: [B-13] 市場過小評価フラグ {"date":"2026-09-19","kaisuu":4,"basho_code":"09","day":5,"race":11,"num":11,"total_score":0,"score_a":0,"score_c":0,"valid_max":55,"undereval":false} 
[2026-09-19 16:12:11] local.DEBUG: [Block10] market_score {"num":12,"score_a":0,"score_b":0,"score_c":0,"score_d":null,"score_e":null,"valid_max":55,"total":0,"f1":false,"f5":false} 
[2026-09-19 16:12:11] local.INFO: [B-13] 市場過小評価フラグ {"date":"2026-09-19","kaisuu":4,"basho_code":"09","day":5,"race":11,"num":12,"total_score":0,"score_a":0,"score_c":0,"valid_max":55,"undereval":false} 
[2026-09-19 16:12:11] local.DEBUG: [Block10] market_score {"num":13,"score_a":0,"score_b":0,"score_c":0,"score_d":null,"score_e":null,"valid_max":55,"total":0,"f1":false,"f5":false} 
[2026-09-19 16:12:11] local.INFO: [B-13] 市場過小評価フラグ {"date":"2026-09-19","kaisuu":4,"basho_code":"09","day":5,"race":11,"num":13,"total_score":0,"score_a":0,"score_c":0,"valid_max":55,"undereval":false} 
[2026-09-19 16:12:11] local.DEBUG: [Block10] market_score {"num":14,"score_a":0,"score_b":0,"score_c":0,"score_d":null,"score_e":null,"valid_max":55,"total":0,"f1":false,"f5":false} 
[2026-09-19 16:12:11] local.INFO: [B-13] 市場過小評価フラグ {"date":"2026-09-19","kaisuu":4,"basho_code":"09","day":5,"race":11,"num":14,"total_score":0,"score_a":0,"score_c":0,"valid_max":55,"undereval":false} 
[2026-09-19 16:12:11] local.DEBUG: [Block10] market_score {"num":15,"score_a":0,"score_b":0,"score_c":7,"score_d":null,"score_e":null,"valid_max":55,"total":10,"f1":false,"f5":false} 
[2026-09-19 16:12:11] local.INFO: [B-13] 市場過小評価フラグ {"date":"2026-09-19","kaisuu":4,"basho_code":"09","day":5,"race":11,"num":15,"total_score":10,"score_a":0,"score_c":7,"valid_max":55,"undereval":false} 
[2026-09-19 16:12:11] local.DEBUG: [Block10] market_score {"num":16,"score_a":0,"score_b":5,"score_c":0,"score_d":null,"score_e":null,"valid_max":55,"total":7,"f1":false,"f5":false} 
[2026-09-19 16:12:11] local.INFO: [B-13] 市場過小評価フラグ {"date":"2026-09-19","kaisuu":4,"basho_code":"09","day":5,"race":11,"num":16,"total_score":7,"score_a":0,"score_c":0,"valid_max":55,"undereval":false} 
[2026-09-19 16:12:18] local.WARNING: [B-7] DeepSeek形式不正（再試行禁止）、1st AI単独継続 {"date":"2026-09-19","kaisuu":"4","basho":"09","day":"5","race":"11","text":"厳選穴レース|0
レース指標|波乱度: 4|下位進入度: 3|大穴進入度: 1
馬番：5、馬名：サンダーバース、人気順: 7、6分前オッズ: 24.1、おすすめ度: 74、選出理由：能力適性:B（74点）。複勝流入ランク1位（7人気以下）で複勝オッズが計測前4.3-6.7倍から6分前4.2-6.7倍へ下落、複勝OPI1.00で市場評価は妥当。OPI帯別回収率108.5%（サンプル324件）が高く、"} 
[2026-09-19 16:12:18] local.ERROR: [Block14] ai_merge_result UPSERT failed {"err":"SQLSTATE[42S22]: Column not found: 1054 Unknown column 'updated_at' in 'field list' (SQL: INSERT INTO t_horse_odds_finder_ai_merge_result (date, kaisuu, basho, basho_code, day, race, race_name, merge_result) VALUES (2026-09-19, 4, 阪神, 09, 5, 11, 大阪スポーツ杯, {\"upset_race\":0,\"gap_type\":\"D\",\"wave_level\":null,\"lower_entry\":null,\"big_gap_entry\":null,\"merged_horses\":[]}) ON DUPLICATE KEY UPDATE   merge_result = VALUES(merge_result),   race_name    = VALUES(race_name),   basho        = VALUES(basho),   updated_at   = CURRENT_TIMESTAMP)"} 
[2026-09-19 16:12:18] local.DEBUG: [Block11] ml_snapshot saved {"date":"2026-09-19","kaisuu":4,"basho_code":"09","day":5,"race":11,"gap_type":"D","merged_cnt":0} 
[2026-09-19 16:28:39] local.DEBUG: [Block10] market_score {"num":1,"score_a":0,"score_b":0,"score_c":15,"score_d":null,"score_e":null,"valid_max":55,"total":22,"f1":false,"f5":false} 
[2026-09-19 16:28:39] local.INFO: [B-13] 市場過小評価フラグ {"date":"2026-09-19","kaisuu":4,"basho_code":"06","day":5,"race":12,"num":1,"total_score":22,"score_a":0,"score_c":15,"valid_max":55,"undereval":false} 
[2026-09-19 16:28:39] local.DEBUG: [Block10] market_score {"num":2,"score_a":0,"score_b":0,"score_c":0,"score_d":null,"score_e":null,"valid_max":55,"total":0,"f1":false,"f5":false} 
[2026-09-19 16:28:39] local.INFO: [B-13] 市場過小評価フラグ {"date":"2026-09-19","kaisuu":4,"basho_code":"06","day":5,"race":12,"num":2,"total_score":0,"score_a":0,"score_c":0,"valid_max":55,"undereval":false} 
[2026-09-19 16:28:39] local.DEBUG: [Block10] market_score {"num":3,"score_a":0,"score_b":10,"score_c":0,"score_d":null,"score_e":null,"valid_max":55,"total":15,"f1":false,"f5":false} 
[2026-09-19 16:28:39] local.INFO: [B-13] 市場過小評価フラグ {"date":"2026-09-19","kaisuu":4,"basho_code":"06","day":5,"race":12,"num":3,"total_score":15,"score_a":0,"score_c":0,"valid_max":55,"undereval":false} 
[2026-09-19 16:28:39] local.DEBUG: [Block10] market_score {"num":4,"score_a":0,"score_b":0,"score_c":0,"score_d":null,"score_e":null,"valid_max":55,"total":0,"f1":false,"f5":false} 
[2026-09-19 16:28:39] local.INFO: [B-13] 市場過小評価フラグ {"date":"2026-09-19","kaisuu":4,"basho_code":"06","day":5,"race":12,"num":4,"total_score":0,"score_a":0,"score_c":0,"valid_max":55,"undereval":false} 
[2026-09-19 16:28:39] local.DEBUG: [Block10] market_score {"num":5,"score_a":0,"score_b":5,"score_c":3,"score_d":null,"score_e":null,"valid_max":55,"total":12,"f1":false,"f5":false} 
[2026-09-19 16:28:39] local.INFO: [B-13] 市場過小評価フラグ {"date":"2026-09-19","kaisuu":4,"basho_code":"06","day":5,"race":12,"num":5,"total_score":12,"score_a":0,"score_c":3,"valid_max":55,"undereval":false} 
[2026-09-19 16:28:39] local.DEBUG: [Block10] market_score {"num":6,"score_a":0,"score_b":0,"score_c":0,"score_d":null,"score_e":null,"valid_max":55,"total":0,"f1":false,"f5":false} 
[2026-09-19 16:28:39] local.INFO: [B-13] 市場過小評価フラグ {"date":"2026-09-19","kaisuu":4,"basho_code":"06","day":5,"race":12,"num":6,"total_score":0,"score_a":0,"score_c":0,"valid_max":55,"undereval":false} 
[2026-09-19 16:28:39] local.DEBUG: [Block10] market_score {"num":7,"score_a":12,"score_b":0,"score_c":3,"score_d":null,"score_e":null,"valid_max":55,"total":22,"f1":true,"f5":false} 
[2026-09-19 16:28:39] local.INFO: [B-13] 市場過小評価フラグ {"date":"2026-09-19","kaisuu":4,"basho_code":"06","day":5,"race":12,"num":7,"total_score":22,"score_a":12,"score_c":3,"valid_max":55,"undereval":false} 
[2026-09-19 16:28:39] local.DEBUG: [Block10] market_score {"num":8,"score_a":0,"score_b":0,"score_c":0,"score_d":null,"score_e":null,"valid_max":55,"total":0,"f1":false,"f5":false} 
[2026-09-19 16:28:39] local.INFO: [B-13] 市場過小評価フラグ {"date":"2026-09-19","kaisuu":4,"basho_code":"06","day":5,"race":12,"num":8,"total_score":0,"score_a":0,"score_c":0,"valid_max":55,"undereval":false} 
[2026-09-19 16:28:39] local.DEBUG: [Block10] market_score {"num":9,"score_a":0,"score_b":0,"score_c":0,"score_d":null,"score_e":null,"valid_max":55,"total":0,"f1":false,"f5":false} 
[2026-09-19 16:28:39] local.INFO: [B-13] 市場過小評価フラグ {"date":"2026-09-19","kaisuu":4,"basho_code":"06","day":5,"race":12,"num":9,"total_score":0,"score_a":0,"score_c":0,"valid_max":55,"undereval":false} 
[2026-09-19 16:28:39] local.DEBUG: [Block10] market_score {"num":10,"score_a":0,"score_b":10,"score_c":0,"score_d":null,"score_e":null,"valid_max":55,"total":15,"f1":false,"f5":false} 
[2026-09-19 16:28:39] local.INFO: [B-13] 市場過小評価フラグ {"date":"2026-09-19","kaisuu":4,"basho_code":"06","day":5,"race":12,"num":10,"total_score":15,"score_a":0,"score_c":0,"valid_max":55,"undereval":false} 
[2026-09-19 16:28:39] local.DEBUG: [Block10] market_score {"num":11,"score_a":0,"score_b":0,"score_c":0,"score_d":null,"score_e":null,"valid_max":55,"total":0,"f1":false,"f5":false} 
[2026-09-19 16:28:39] local.INFO: [B-13] 市場過小評価フラグ {"date":"2026-09-19","kaisuu":4,"basho_code":"06","day":5,"race":12,"num":11,"total_score":0,"score_a":0,"score_c":0,"valid_max":55,"undereval":false} 
[2026-09-19 16:28:39] local.DEBUG: [Block10] market_score {"num":12,"score_a":0,"score_b":0,"score_c":0,"score_d":null,"score_e":null,"valid_max":55,"total":0,"f1":false,"f5":false} 
[2026-09-19 16:28:39] local.INFO: [B-13] 市場過小評価フラグ {"date":"2026-09-19","kaisuu":4,"basho_code":"06","day":5,"race":12,"num":12,"total_score":0,"score_a":0,"score_c":0,"valid_max":55,"undereval":false} 
[2026-09-19 16:28:39] local.DEBUG: [Block10] market_score {"num":13,"score_a":18,"score_b":5,"score_c":0,"score_d":null,"score_e":null,"valid_max":55,"total":33,"f1":true,"f5":false} 
[2026-09-19 16:28:39] local.INFO: [B-13] 市場過小評価フラグ {"date":"2026-09-19","kaisuu":4,"basho_code":"06","day":5,"race":12,"num":13,"total_score":33,"score_a":18,"score_c":0,"valid_max":55,"undereval":false} 
[2026-09-19 16:28:39] local.DEBUG: [Block10] market_score {"num":14,"score_a":12,"score_b":0,"score_c":0,"score_d":null,"score_e":null,"valid_max":55,"total":17,"f1":true,"f5":false} 
[2026-09-19 16:28:39] local.INFO: [B-13] 市場過小評価フラグ {"date":"2026-09-19","kaisuu":4,"basho_code":"06","day":5,"race":12,"num":14,"total_score":17,"score_a":12,"score_c":0,"valid_max":55,"undereval":false} 
[2026-09-19 16:28:39] local.DEBUG: [Block10] market_score {"num":15,"score_a":0,"score_b":0,"score_c":0,"score_d":null,"score_e":null,"valid_max":55,"total":0,"f1":false,"f5":false} 
[2026-09-19 16:28:39] local.INFO: [B-13] 市場過小評価フラグ {"date":"2026-09-19","kaisuu":4,"basho_code":"06","day":5,"race":12,"num":15,"total_score":0,"score_a":0,"score_c":0,"valid_max":55,"undereval":false} 
[2026-09-19 16:28:39] local.DEBUG: [Block10] market_score {"num":16,"score_a":0,"score_b":0,"score_c":0,"score_d":null,"score_e":null,"valid_max":55,"total":0,"f1":false,"f5":false} 
[2026-09-19 16:28:39] local.INFO: [B-13] 市場過小評価フラグ {"date":"2026-09-19","kaisuu":4,"basho_code":"06","day":5,"race":12,"num":16,"total_score":0,"score_a":0,"score_c":0,"valid_max":55,"undereval":false} 
[2026-09-19 16:28:46] local.WARNING: [B-7] DeepSeek形式不正（再試行禁止）、1st AI単独継続 {"date":"2026-09-19","kaisuu":"4","basho":"06","day":"5","race":"12","text":"厳選穴レース|0
レース指標|波乱度: 4|下位進入度: 3|大穴進入度: 1
馬番：5、馬名：エアサロメ、人気順: 2、6分前オッズ: 4.8、おすすめ度: 71、選出理由：能力適性:A（82点）。複勝1.6-2.0倍へ下落し複勝流入ランク1位/3頭中、単勝も5.7→4.8倍と継続下落、単複比3.0倍で複勝支持が安定。OPI0.92・予測補正OPI0.96は平均並みで複勝OPI0.88、推定確定"} 
[2026-09-19 16:28:46] local.ERROR: [Block14] ai_merge_result UPSERT failed {"err":"SQLSTATE[42S22]: Column not found: 1054 Unknown column 'updated_at' in 'field list' (SQL: INSERT INTO t_horse_odds_finder_ai_merge_result (date, kaisuu, basho, basho_code, day, race, race_name, merge_result) VALUES (2026-09-19, 4, 中山, 06, 5, 12, 3歳以上1勝クラス[指定], {\"upset_race\":0,\"gap_type\":\"D\",\"wave_level\":null,\"lower_entry\":null,\"big_gap_entry\":null,\"merged_horses\":[]}) ON DUPLICATE KEY UPDATE   merge_result = VALUES(merge_result),   race_name    = VALUES(race_name),   basho        = VALUES(basho),   updated_at   = CURRENT_TIMESTAMP)"} 
[2026-09-19 16:28:46] local.DEBUG: [Block11] ml_snapshot saved {"date":"2026-09-19","kaisuu":4,"basho_code":"06","day":5,"race":12,"gap_type":"D","merged_cnt":0} 
[2026-09-19 16:28:57] local.DEBUG: [Block10] market_score {"num":1,"score_a":0,"score_b":0,"score_c":0,"score_d":null,"score_e":null,"valid_max":55,"total":0,"f1":false,"f5":false} 
[2026-09-19 16:28:57] local.INFO: [B-13] 市場過小評価フラグ {"date":"2026-09-19","kaisuu":4,"basho_code":"09","day":5,"race":12,"num":1,"total_score":0,"score_a":0,"score_c":0,"valid_max":55,"undereval":false} 
[2026-09-19 16:28:57] local.DEBUG: [Block10] market_score {"num":2,"score_a":0,"score_b":5,"score_c":3,"score_d":null,"score_e":null,"valid_max":55,"total":12,"f1":false,"f5":false} 
[2026-09-19 16:28:57] local.INFO: [B-13] 市場過小評価フラグ {"date":"2026-09-19","kaisuu":4,"basho_code":"09","day":5,"race":12,"num":2,"total_score":12,"score_a":0,"score_c":3,"valid_max":55,"undereval":false} 
[2026-09-19 16:28:57] local.DEBUG: [Block10] market_score {"num":3,"score_a":0,"score_b":0,"score_c":0,"score_d":null,"score_e":null,"valid_max":55,"total":0,"f1":false,"f5":false} 
[2026-09-19 16:28:57] local.INFO: [B-13] 市場過小評価フラグ {"date":"2026-09-19","kaisuu":4,"basho_code":"09","day":5,"race":12,"num":3,"total_score":0,"score_a":0,"score_c":0,"valid_max":55,"undereval":false} 
[2026-09-19 16:28:57] local.DEBUG: [Block10] market_score {"num":4,"score_a":25,"score_b":5,"score_c":0,"score_d":null,"score_e":null,"valid_max":55,"total":44,"f1":true,"f5":false} 
[2026-09-19 16:28:57] local.INFO: [B-13] 市場過小評価フラグ {"date":"2026-09-19","kaisuu":4,"basho_code":"09","day":5,"race":12,"num":4,"total_score":44,"score_a":25,"score_c":0,"valid_max":55,"undereval":false} 
[2026-09-19 16:28:57] local.DEBUG: [Block10] market_score {"num":5,"score_a":0,"score_b":5,"score_c":3,"score_d":null,"score_e":null,"valid_max":55,"total":12,"f1":false,"f5":false} 
[2026-09-19 16:28:57] local.INFO: [B-13] 市場過小評価フラグ {"date":"2026-09-19","kaisuu":4,"basho_code":"09","day":5,"race":12,"num":5,"total_score":12,"score_a":0,"score_c":3,"valid_max":55,"undereval":false} 
[2026-09-19 16:28:57] local.DEBUG: [Block10] market_score {"num":6,"score_a":0,"score_b":0,"score_c":0,"score_d":null,"score_e":null,"valid_max":55,"total":0,"f1":false,"f5":false} 
[2026-09-19 16:28:57] local.INFO: [B-13] 市場過小評価フラグ {"date":"2026-09-19","kaisuu":4,"basho_code":"09","day":5,"race":12,"num":6,"total_score":0,"score_a":0,"score_c":0,"valid_max":55,"undereval":false} 
[2026-09-19 16:28:57] local.DEBUG: [Block10] market_score {"num":7,"score_a":0,"score_b":0,"score_c":0,"score_d":null,"score_e":null,"valid_max":55,"total":0,"f1":false,"f5":false} 
[2026-09-19 16:28:57] local.INFO: [B-13] 市場過小評価フラグ {"date":"2026-09-19","kaisuu":4,"basho_code":"09","day":5,"race":12,"num":7,"total_score":0,"score_a":0,"score_c":0,"valid_max":55,"undereval":false} 
[2026-09-19 16:28:57] local.DEBUG: [Block10] market_score {"num":8,"score_a":12,"score_b":5,"score_c":0,"score_d":null,"score_e":null,"valid_max":55,"total":25,"f1":true,"f5":false} 
[2026-09-19 16:28:57] local.INFO: [B-13] 市場過小評価フラグ {"date":"2026-09-19","kaisuu":4,"basho_code":"09","day":5,"race":12,"num":8,"total_score":25,"score_a":12,"score_c":0,"valid_max":55,"undereval":false} 
[2026-09-19 16:28:57] local.DEBUG: [Block10] market_score {"num":9,"score_a":0,"score_b":0,"score_c":0,"score_d":null,"score_e":null,"valid_max":55,"total":0,"f1":false,"f5":false} 
[2026-09-19 16:28:57] local.INFO: [B-13] 市場過小評価フラグ {"date":"2026-09-19","kaisuu":4,"basho_code":"09","day":5,"race":12,"num":9,"total_score":0,"score_a":0,"score_c":0,"valid_max":55,"undereval":false} 
[2026-09-19 16:28:57] local.DEBUG: [Block10] market_score {"num":10,"score_a":0,"score_b":0,"score_c":0,"score_d":null,"score_e":null,"valid_max":55,"total":0,"f1":false,"f5":false} 
[2026-09-19 16:28:57] local.INFO: [B-13] 市場過小評価フラグ {"date":"2026-09-19","kaisuu":4,"basho_code":"09","day":5,"race":12,"num":10,"total_score":0,"score_a":0,"score_c":0,"valid_max":55,"undereval":false} 
[2026-09-19 16:28:57] local.DEBUG: [Block10] market_score {"num":11,"score_a":0,"score_b":0,"score_c":0,"score_d":null,"score_e":null,"valid_max":55,"total":0,"f1":false,"f5":false} 
[2026-09-19 16:28:57] local.INFO: [B-13] 市場過小評価フラグ {"date":"2026-09-19","kaisuu":4,"basho_code":"09","day":5,"race":12,"num":11,"total_score":0,"score_a":0,"score_c":0,"valid_max":55,"undereval":false} 
[2026-09-19 16:28:57] local.DEBUG: [Block10] market_score {"num":12,"score_a":0,"score_b":0,"score_c":0,"score_d":null,"score_e":null,"valid_max":55,"total":0,"f1":false,"f5":false} 
[2026-09-19 16:28:57] local.INFO: [B-13] 市場過小評価フラグ {"date":"2026-09-19","kaisuu":4,"basho_code":"09","day":5,"race":12,"num":12,"total_score":0,"score_a":0,"score_c":0,"valid_max":55,"undereval":false} 
[2026-09-19 16:28:57] local.DEBUG: [Block10] market_score {"num":13,"score_a":0,"score_b":0,"score_c":0,"score_d":null,"score_e":null,"valid_max":55,"total":0,"f1":false,"f5":false} 
[2026-09-19 16:28:57] local.INFO: [B-13] 市場過小評価フラグ {"date":"2026-09-19","kaisuu":4,"basho_code":"09","day":5,"race":12,"num":13,"total_score":0,"score_a":0,"score_c":0,"valid_max":55,"undereval":false} 
[2026-09-19 16:28:57] local.DEBUG: [Block10] market_score {"num":14,"score_a":12,"score_b":0,"score_c":7,"score_d":null,"score_e":null,"valid_max":55,"total":28,"f1":true,"f5":false} 
[2026-09-19 16:28:57] local.INFO: [B-13] 市場過小評価フラグ {"date":"2026-09-19","kaisuu":4,"basho_code":"09","day":5,"race":12,"num":14,"total_score":28,"score_a":12,"score_c":7,"valid_max":55,"undereval":false} 
[2026-09-19 16:28:57] local.DEBUG: [Block10] market_score {"num":15,"score_a":0,"score_b":5,"score_c":0,"score_d":null,"score_e":null,"valid_max":55,"total":7,"f1":false,"f5":false} 
[2026-09-19 16:28:57] local.INFO: [B-13] 市場過小評価フラグ {"date":"2026-09-19","kaisuu":4,"basho_code":"09","day":5,"race":12,"num":15,"total_score":7,"score_a":0,"score_c":0,"valid_max":55,"undereval":false} 
[2026-09-19 16:28:57] local.DEBUG: [Block10] market_score {"num":16,"score_a":0,"score_b":0,"score_c":7,"score_d":null,"score_e":null,"valid_max":55,"total":10,"f1":false,"f5":false} 
[2026-09-19 16:28:57] local.INFO: [B-13] 市場過小評価フラグ {"date":"2026-09-19","kaisuu":4,"basho_code":"09","day":5,"race":12,"num":16,"total_score":10,"score_a":0,"score_c":7,"valid_max":55,"undereval":false} 
[2026-09-19 16:29:04] local.WARNING: [B-7] DeepSeek形式不正（再試行禁止）、1st AI単独継続 {"date":"2026-09-19","kaisuu":"4","basho":"09","day":"5","race":"12","text":"厳選穴レース|0
レース指標|波乱度: 4|下位進入度: 3|大穴進入度: 2
馬番：14、馬名：エイユーサクラ、人気順: 1、6分前オッズ: 2.9、おすすめ度: 74、選出理由：能力適性:A（82点）。複勝1.3-1.6倍と最小・最大の幅が狭く支持が安定、単複断層の最上位に位置し複勝OPI1.00で市場評価は妥当。過去回収率75.6%・OPI帯別78.4%と水準は低いがフェーズパターン別81."} 
[2026-09-19 16:29:04] local.ERROR: [Block14] ai_merge_result UPSERT failed {"err":"SQLSTATE[42S22]: Column not found: 1054 Unknown column 'updated_at' in 'field list' (SQL: INSERT INTO t_horse_odds_finder_ai_merge_result (date, kaisuu, basho, basho_code, day, race, race_name, merge_result) VALUES (2026-09-19, 4, 阪神, 09, 5, 12, 3歳以上1勝クラス[指定], {\"upset_race\":0,\"gap_type\":\"D\",\"wave_level\":null,\"lower_entry\":null,\"big_gap_entry\":null,\"merged_horses\":[]}) ON DUPLICATE KEY UPDATE   merge_result = VALUES(merge_result),   race_name    = VALUES(race_name),   basho        = VALUES(basho),   updated_at   = CURRENT_TIMESTAMP)"} 
[2026-09-19 16:29:04] local.DEBUG: [Block11] ml_snapshot saved {"date":"2026-09-19","kaisuu":4,"basho_code":"09","day":5,"race":12,"gap_type":"D","merged_cnt":0} 
[2026-09-19 20:50:18] local.WARNING: SummaryRacesIntrospection: 着順データ不足のためスキップ {"label":"東京 11R","r1":4,"r2":14,"r3":"?"} 
[2026-09-19 20:50:18] local.WARNING: SummaryRacesIntrospection: 着順データ不足のためスキップ {"label":"函館 4R","r1":"?","r2":"?","r3":"?"} 
[2026-09-19 20:50:18] local.WARNING: SummaryRacesIntrospection: 着順データ不足のためスキップ {"label":"阪神 9R","r1":"?","r2":"?","r3":"?"} 
[2026-09-19 20:50:18] local.WARNING: SummaryRacesIntrospection: 着順データ不足のためスキップ {"label":"函館 12R","r1":1,"r2":7,"r3":"?"} 
[2026-09-19 20:50:18] local.WARNING: SummaryRacesIntrospection: 着順データ不足のためスキップ {"label":"中京 11R","r1":15,"r2":"?","r3":12} 
[2026-09-19 20:50:27] local.WARNING: SummaryRacesIntrospection: ## 結果 の検証失敗。自動補正を試みます。 {"label":"2026-09-19 中山 4回5日目 2R","r1":"3","r2":"4","r3":"8"} 
[2026-09-19 20:50:27] local.INFO: SummaryRacesIntrospection: 自動補正成功 {"label":"2026-09-19 中山 4回5日目 2R"} 
[2026-09-19 20:50:27] local.WARNING: SummaryRacesIntrospection: ## 結果 の検証失敗。自動補正を試みます。 {"label":"2026-09-19 中山 4回5日目 3R","r1":"5","r2":"1","r3":"2"} 
[2026-09-19 20:50:27] local.INFO: SummaryRacesIntrospection: 自動補正成功 {"label":"2026-09-19 中山 4回5日目 3R"} 
[2026-09-19 20:50:27] local.WARNING: SummaryRacesIntrospection: ## 結果 の検証失敗。自動補正を試みます。 {"label":"2026-09-19 中山 4回5日目 4R","r1":"5","r2":"2","r3":"9"} 
[2026-09-19 20:50:27] local.INFO: SummaryRacesIntrospection: 自動補正成功 {"label":"2026-09-19 中山 4回5日目 4R"} 
[2026-09-19 20:50:27] local.WARNING: SummaryRacesIntrospection: ## 結果 の検証失敗。自動補正を試みます。 {"label":"2026-09-19 中山 4回5日目 5R","r1":"6","r2":"2","r3":"4"} 
[2026-09-19 20:50:27] local.INFO: SummaryRacesIntrospection: 自動補正成功 {"label":"2026-09-19 中山 4回5日目 5R"} 
[2026-09-19 20:50:43] local.WARNING: SummaryRacesIntrospection: ## 結果 の検証失敗。自動補正を試みます。 {"label":"2026-09-19 中山 4回5日目 7R","r1":"14","r2":"6","r3":"4"} 
[2026-09-19 20:50:43] local.INFO: SummaryRacesIntrospection: 自動補正成功 {"label":"2026-09-19 中山 4回5日目 7R"} 
[2026-09-19 20:50:43] local.WARNING: SummaryRacesIntrospection: ## 結果 の検証失敗。自動補正を試みます。 {"label":"2026-09-19 中山 4回5日目 8R","r1":"6","r2":"1","r3":"13"} 
[2026-09-19 20:50:43] local.INFO: SummaryRacesIntrospection: 自動補正成功 {"label":"2026-09-19 中山 4回5日目 8R"} 
[2026-09-19 20:50:43] local.WARNING: SummaryRacesIntrospection: ## 結果 の検証失敗。自動補正を試みます。 {"label":"2026-09-19 中山 4回5日目 10R","r1":"11","r2":"1","r3":"2"} 
[2026-09-19 20:50:43] local.INFO: SummaryRacesIntrospection: 自動補正成功 {"label":"2026-09-19 中山 4回5日目 10R"} 
[2026-09-19 20:50:59] local.WARNING: SummaryRacesIntrospection: ## 結果 の検証失敗。自動補正を試みます。 {"label":"2026-09-19 中山 4回5日目 11R","r1":"1","r2":"7","r3":"13"} 
[2026-09-19 20:50:59] local.INFO: SummaryRacesIntrospection: 自動補正成功 {"label":"2026-09-19 中山 4回5日目 11R"} 
[2026-09-19 20:50:59] local.WARNING: SummaryRacesIntrospection: ## 結果 の検証失敗。自動補正を試みます。 {"label":"2026-09-19 阪神 4回5日目 2R","r1":"8","r2":"4","r3":"5"} 
[2026-09-19 20:50:59] local.INFO: SummaryRacesIntrospection: 自動補正成功 {"label":"2026-09-19 阪神 4回5日目 2R"} 
[2026-09-19 20:50:59] local.WARNING: SummaryRacesIntrospection: ## 結果 の検証失敗。自動補正を試みます。 {"label":"2026-09-19 阪神 4回5日目 3R","r1":"8","r2":"1","r3":"10"} 
[2026-09-19 20:50:59] local.INFO: SummaryRacesIntrospection: 自動補正成功 {"label":"2026-09-19 阪神 4回5日目 3R"} 
[2026-09-19 20:51:15] local.WARNING: SummaryRacesIntrospection: ## 結果 の検証失敗。自動補正を試みます。 {"label":"2026-09-19 阪神 4回5日目 4R","r1":"8","r2":"2","r3":"4"} 
[2026-09-19 20:51:15] local.INFO: SummaryRacesIntrospection: 自動補正成功 {"label":"2026-09-19 阪神 4回5日目 4R"} 
[2026-09-19 20:51:15] local.WARNING: SummaryRacesIntrospection: ## 結果 の検証失敗。自動補正を試みます。 {"label":"2026-09-19 阪神 4回5日目 6R","r1":"10","r2":"5","r3":"3"} 
[2026-09-19 20:51:15] local.INFO: SummaryRacesIntrospection: 自動補正成功 {"label":"2026-09-19 阪神 4回5日目 6R"} 
[2026-09-19 20:51:15] local.WARNING: SummaryRacesIntrospection: ## 結果 の検証失敗。自動補正を試みます。 {"label":"2026-09-19 阪神 4回5日目 7R","r1":"2","r2":"4","r3":"5"} 
[2026-09-19 20:51:15] local.INFO: SummaryRacesIntrospection: 自動補正成功 {"label":"2026-09-19 阪神 4回5日目 7R"} 
[2026-09-19 20:51:31] local.WARNING: SummaryRacesIntrospection: ## 結果 の検証失敗。自動補正を試みます。 {"label":"2026-09-19 阪神 4回5日目 9R","r1":"8","r2":"3","r3":"5"} 
[2026-09-19 20:51:31] local.INFO: SummaryRacesIntrospection: 自動補正成功 {"label":"2026-09-19 阪神 4回5日目 9R"} 
[2026-09-19 20:51:31] local.WARNING: SummaryRacesIntrospection: ## 結果 の検証失敗。自動補正を試みます。 {"label":"2026-09-19 阪神 4回5日目 10R","r1":"12","r2":"4","r3":"8"} 
[2026-09-19 20:51:31] local.INFO: SummaryRacesIntrospection: 自動補正成功 {"label":"2026-09-19 阪神 4回5日目 10R"} 
[2026-09-19 21:20:03] local.INFO: SummaryComputeOddsCorrection 完了 {"upsert_count":16} 
[2026-09-19 21:40:02] local.INFO: SummaryOddsPhasePatternRecoveryRate 完了 {"upsert_count":36} 
[2026-09-19 22:20:02] local.INFO: SummaryOddsGapRecoveryRate 完了 {"upsert_count":36} 
[2026-09-19 22:30:02] local.INFO: SummaryOpiRecoveryRate 完了 {"upsert_count":28} 
[2026-09-19 23:40:02] local.INFO: [UpdateMlResultLabels] 完了 {"date":"all","force":false,"filled":24,"excluded":0,"skipped":0} 
[2026-09-20 07:30:05] local.ERROR: SummaryForecastFromLastRace: フォーマット不正 {"date":"2026-09-20","basho":"中山","race":4,"raw":"申し訳ございませんが、提供いただいた情報では各馬の成績が記載されていないため、適切なオッズ分析ができません。

過去の出走成績、血統情報、調教内容、騎手情報など、分析に必要なデータが不足しております。

この状況下での予想は根拠のない推測となってしまい、ご期待に沿えないと判断いたします。"} 
[2026-09-20 07:30:05] local.ERROR: SummaryForecastFromLastRace: フォーマット不正 {"date":"2026-09-20","basho":"中山","race":5,"raw":"申し訳ありませんが、この分析を完結することができません。

あなたが提供した情報には、各馬の「成績」欄がすべて空白になっています。競馬オッズ分析の専門家として、馬の過去成績（走破タイム、着順、クラス、距離適性、騎手情報など）がなければ、根拠のある予想を出すことはできません。

正確な分析には以下の情報が必要です：
- 過去の出走成績
- 着順・着差
- 走破タイム
- 騎手情報
- 調教情報
- 血統情報

成績情報をご提供いただければ、専門的な分析に基づいて6頭を選出させていただきます。"} 
[2026-09-20 07:30:10] local.ERROR: SummaryForecastFromLastRace: フォーマット不正 {"date":"2026-09-20","basho":"阪神","race":4,"raw":"申し訳ございませんが、この問題にはお答えできません。

理由として、提供いただいた馬の情報に「成績:」の欄が全て空白となっており、馬の過去成績データが不足しているためです。

競馬オッズ分析には以下の情報が必要です：
- 過去走成績（着順、タイム等）
- 獲得賞金
- 調教師の成績
- 騎手の経験
- 血統情報
- 馬体重の推移
- 前走からの経過日数

成績データを補完いただければ、適切な分析が可能になります。"} 
[2026-09-20 07:30:16] local.ERROR: SummaryForecastFromLastRace: フォーマット不正 {"date":"2026-09-20","basho":"阪神","race":5,"raw":"申し訳ございませんが、提供いただいた情報では各馬の成績データが記載されていません。成績情報がない状態では、正確な分析に基づいた馬の選定ができません。

各馬の以下の情報が必要です：
- 過去の出走成績
- 騎手情報
- 調教師情報
- 馬体重や体調
- 血統情報

成績データをご提供いただければ、分析を行い回答させていただきます。"} 
[2026-09-20 10:58:13] local.DEBUG: [Block10] market_score {"num":1,"score_a":0,"score_b":0,"score_c":12,"score_d":null,"score_e":0,"valid_max":65,"total":15,"f1":false,"f5":false} 
[2026-09-20 10:58:13] local.INFO: [B-13] 市場過小評価フラグ {"date":"2026-09-20","kaisuu":4,"basho_code":"06","day":6,"race":1,"num":1,"total_score":15,"score_a":0,"score_c":12,"valid_max":65,"undereval":false} 
[2026-09-20 10:58:13] local.DEBUG: [Block10] market_score {"num":2,"score_a":0,"score_b":0,"score_c":0,"score_d":null,"score_e":0,"valid_max":65,"total":0,"f1":false,"f5":false} 
[2026-09-20 10:58:13] local.INFO: [B-13] 市場過小評価フラグ {"date":"2026-09-20","kaisuu":4,"basho_code":"06","day":6,"race":1,"num":2,"total_score":0,"score_a":0,"score_c":0,"valid_max":65,"undereval":false} 
[2026-09-20 10:58:13] local.DEBUG: [Block10] market_score {"num":3,"score_a":0,"score_b":0,"score_c":0,"score_d":null,"score_e":0,"valid_max":65,"total":0,"f1":false,"f5":false} 
[2026-09-20 10:58:13] local.INFO: [B-13] 市場過小評価フラグ {"date":"2026-09-20","kaisuu":4,"basho_code":"06","day":6,"race":1,"num":3,"total_score":0,"score_a":0,"score_c":0,"valid_max":65,"undereval":false} 
[2026-09-20 10:58:13] local.DEBUG: [Block10] market_score {"num":4,"score_a":0,"score_b":0,"score_c":15,"score_d":null,"score_e":0,"valid_max":65,"total":18,"f1":false,"f5":false} 
[2026-09-20 10:58:13] local.INFO: [B-13] 市場過小評価フラグ {"date":"2026-09-20","kaisuu":4,"basho_code":"06","day":6,"race":1,"num":4,"total_score":18,"score_a":0,"score_c":15,"valid_max":65,"undereval":false} 
[2026-09-20 10:58:13] local.DEBUG: [Block10] market_score {"num":5,"score_a":0,"score_b":0,"score_c":0,"score_d":null,"score_e":0,"valid_max":65,"total":0,"f1":false,"f5":false} 
[2026-09-20 10:58:13] local.INFO: [B-13] 市場過小評価フラグ {"date":"2026-09-20","kaisuu":4,"basho_code":"06","day":6,"race":1,"num":5,"total_score":0,"score_a":0,"score_c":0,"valid_max":65,"undereval":false} 
[2026-09-20 10:58:13] local.DEBUG: [Block10] market_score {"num":6,"score_a":12,"score_b":0,"score_c":15,"score_d":null,"score_e":6,"valid_max":65,"total":41,"f1":true,"f5":true} 
[2026-09-20 10:58:13] local.INFO: [B-13] 市場過小評価フラグ {"date":"2026-09-20","kaisuu":4,"basho_code":"06","day":6,"race":1,"num":6,"total_score":41,"score_a":12,"score_c":15,"valid_max":65,"undereval":false} 
[2026-09-20 10:58:13] local.DEBUG: [Block10] market_score {"num":7,"score_a":0,"score_b":0,"score_c":3,"score_d":null,"score_e":0,"valid_max":65,"total":4,"f1":false,"f5":false} 
[2026-09-20 10:58:13] local.INFO: [B-13] 市場過小評価フラグ {"date":"2026-09-20","kaisuu":4,"basho_code":"06","day":6,"race":1,"num":7,"total_score":4,"score_a":0,"score_c":3,"valid_max":65,"undereval":false} 
[2026-09-20 10:58:13] local.DEBUG: [Block10] market_score {"num":8,"score_a":0,"score_b":0,"score_c":0,"score_d":null,"score_e":0,"valid_max":65,"total":0,"f1":false,"f5":false} 
[2026-09-20 10:58:13] local.INFO: [B-13] 市場過小評価フラグ {"date":"2026-09-20","kaisuu":4,"basho_code":"06","day":6,"race":1,"num":8,"total_score":0,"score_a":0,"score_c":0,"valid_max":65,"undereval":false} 
[2026-09-20 10:58:13] local.DEBUG: [Block10] market_score {"num":9,"score_a":0,"score_b":0,"score_c":15,"score_d":null,"score_e":0,"valid_max":65,"total":18,"f1":false,"f5":false} 
[2026-09-20 10:58:13] local.INFO: [B-13] 市場過小評価フラグ {"date":"2026-09-20","kaisuu":4,"basho_code":"06","day":6,"race":1,"num":9,"total_score":18,"score_a":0,"score_c":15,"valid_max":65,"undereval":false} 
[2026-09-20 10:58:13] local.DEBUG: [Block10] market_score {"num":10,"score_a":0,"score_b":0,"score_c":3,"score_d":null,"score_e":0,"valid_max":65,"total":4,"f1":false,"f5":false} 
[2026-09-20 10:58:13] local.INFO: [B-13] 市場過小評価フラグ {"date":"2026-09-20","kaisuu":4,"basho_code":"06","day":6,"race":1,"num":10,"total_score":4,"score_a":0,"score_c":3,"valid_max":65,"undereval":false} 
[2026-09-20 10:58:13] local.DEBUG: [Block10] market_score {"num":11,"score_a":0,"score_b":0,"score_c":0,"score_d":null,"score_e":0,"valid_max":65,"total":0,"f1":false,"f5":false} 
[2026-09-20 10:58:13] local.INFO: [B-13] 市場過小評価フラグ {"date":"2026-09-20","kaisuu":4,"basho_code":"06","day":6,"race":1,"num":11,"total_score":0,"score_a":0,"score_c":0,"valid_max":65,"undereval":false} 
[2026-09-20 10:58:13] local.DEBUG: [Block10] market_score {"num":12,"score_a":0,"score_b":5,"score_c":0,"score_d":null,"score_e":0,"valid_max":65,"total":6,"f1":false,"f5":false} 
[2026-09-20 10:58:13] local.INFO: [B-13] 市場過小評価フラグ {"date":"2026-09-20","kaisuu":4,"basho_code":"06","day":6,"race":1,"num":12,"total_score":6,"score_a":0,"score_c":0,"valid_max":65,"undereval":false} 
[2026-09-20 10:58:13] local.DEBUG: [Block10] market_score {"num":13,"score_a":0,"score_b":0,"score_c":0,"score_d":null,"score_e":0,"valid_max":65,"total":0,"f1":false,"f5":false} 
[2026-09-20 10:58:13] local.INFO: [B-13] 市場過小評価フラグ {"date":"2026-09-20","kaisuu":4,"basho_code":"06","day":6,"race":1,"num":13,"total_score":0,"score_a":0,"score_c":0,"valid_max":65,"undereval":false} 
[2026-09-20 10:58:13] local.DEBUG: [Block10] market_score {"num":14,"score_a":0,"score_b":5,"score_c":0,"score_d":null,"score_e":0,"valid_max":65,"total":6,"f1":false,"f5":false} 
[2026-09-20 10:58:13] local.INFO: [B-13] 市場過小評価フラグ {"date":"2026-09-20","kaisuu":4,"basho_code":"06","day":6,"race":1,"num":14,"total_score":6,"score_a":0,"score_c":0,"valid_max":65,"undereval":false} 
[2026-09-20 10:58:13] local.DEBUG: [Block10] market_score {"num":15,"score_a":0,"score_b":0,"score_c":15,"score_d":null,"score_e":0,"valid_max":65,"total":18,"f1":false,"f5":false} 
[2026-09-20 10:58:13] local.INFO: [B-13] 市場過小評価フラグ {"date":"2026-09-20","kaisuu":4,"basho_code":"06","day":6,"race":1,"num":15,"total_score":18,"score_a":0,"score_c":15,"valid_max":65,"undereval":false} 
[2026-09-20 10:58:19] local.WARNING: [B-7] DeepSeek形式不正（再試行禁止）、1st AI単独継続 {"date":"2026-09-20","kaisuu":"4","basho":"06","day":"6","race":"1","text":"厳選穴レース|0
レース指標|波乱度: 2|下位進入度: 2|大穴進入度: 1
馬番：8、馬名：ウィンターブリーズ、人気順: 1、6分前オッズ: 1.4、おすすめ度: 78、選出理由：能力適性:A（84点）。1〜2番人気間に比率4.79の非常に強い断層が6時点にわたり拡大し単勝断層の最上位に位置する。複勝1.1-1.1倍固定で支持が割れず安定、推定確定1.3倍へさらに集中する補正係数0.95。類似"} 
[2026-09-20 10:58:20] local.ERROR: [Block14] ai_merge_result UPSERT failed {"err":"SQLSTATE[42S22]: Column not found: 1054 Unknown column 'updated_at' in 'field list' (SQL: INSERT INTO t_horse_odds_finder_ai_merge_result (date, kaisuu, basho, basho_code, day, race, race_name, merge_result) VALUES (2026-09-20, 4, 中山, 06, 6, 1, 2歳未勝利（混合）［指定］, {\"upset_race\":0,\"gap_type\":\"A\",\"wave_level\":null,\"lower_entry\":null,\"big_gap_entry\":null,\"merged_horses\":[]}) ON DUPLICATE KEY UPDATE   merge_result = VALUES(merge_result),   race_name    = VALUES(race_name),   basho        = VALUES(basho),   updated_at   = CURRENT_TIMESTAMP)"} 
[2026-09-20 10:58:20] local.DEBUG: [Block11] ml_snapshot saved {"date":"2026-09-20","kaisuu":4,"basho_code":"06","day":6,"race":1,"gap_type":"A","merged_cnt":0} 
[2026-09-20 10:58:56] local.DEBUG: [Block10] market_score {"num":1,"score_a":12,"score_b":0,"score_c":0,"score_d":null,"score_e":null,"valid_max":55,"total":17,"f1":true,"f5":false} 
[2026-09-20 10:58:56] local.INFO: [B-13] 市場過小評価フラグ {"date":"2026-09-20","kaisuu":4,"basho_code":"06","day":6,"race":2,"num":1,"total_score":17,"score_a":12,"score_c":0,"valid_max":55,"undereval":false} 
[2026-09-20 10:58:56] local.DEBUG: [Block10] market_score {"num":2,"score_a":12,"score_b":0,"score_c":12,"score_d":null,"score_e":null,"valid_max":55,"total":35,"f1":true,"f5":false} 
[2026-09-20 10:58:56] local.INFO: [B-13] 市場過小評価フラグ {"date":"2026-09-20","kaisuu":4,"basho_code":"06","day":6,"race":2,"num":2,"total_score":35,"score_a":12,"score_c":12,"valid_max":55,"undereval":false} 
[2026-09-20 10:58:56] local.DEBUG: [Block10] market_score {"num":3,"score_a":25,"score_b":0,"score_c":3,"score_d":null,"score_e":null,"valid_max":55,"total":41,"f1":true,"f5":false} 
[2026-09-20 10:58:56] local.INFO: [B-13] 市場過小評価フラグ {"date":"2026-09-20","kaisuu":4,"basho_code":"06","day":6,"race":2,"num":3,"total_score":41,"score_a":25,"score_c":3,"valid_max":55,"undereval":false} 
[2026-09-20 10:58:56] local.DEBUG: [Block10] market_score {"num":4,"score_a":0,"score_b":0,"score_c":7,"score_d":null,"score_e":null,"valid_max":55,"total":10,"f1":false,"f5":false} 
[2026-09-20 10:58:56] local.INFO: [B-13] 市場過小評価フラグ {"date":"2026-09-20","kaisuu":4,"basho_code":"06","day":6,"race":2,"num":4,"total_score":10,"score_a":0,"score_c":7,"valid_max":55,"undereval":false} 
[2026-09-20 10:58:56] local.DEBUG: [Block10] market_score {"num":5,"score_a":0,"score_b":0,"score_c":0,"score_d":null,"score_e":null,"valid_max":55,"total":0,"f1":false,"f5":false} 
[2026-09-20 10:58:56] local.INFO: [B-13] 市場過小評価フラグ {"date":"2026-09-20","kaisuu":4,"basho_code":"06","day":6,"race":2,"num":5,"total_score":0,"score_a":0,"score_c":0,"valid_max":55,"undereval":false} 
[2026-09-20 10:58:56] local.DEBUG: [Block10] market_score {"num":6,"score_a":0,"score_b":0,"score_c":0,"score_d":null,"score_e":null,"valid_max":55,"total":0,"f1":false,"f5":false} 
[2026-09-20 10:58:56] local.INFO: [B-13] 市場過小評価フラグ {"date":"2026-09-20","kaisuu":4,"basho_code":"06","day":6,"race":2,"num":6,"total_score":0,"score_a":0,"score_c":0,"valid_max":55,"undereval":false} 
[2026-09-20 10:58:56] local.DEBUG: [Block10] market_score {"num":7,"score_a":12,"score_b":0,"score_c":0,"score_d":null,"score_e":null,"valid_max":55,"total":17,"f1":true,"f5":false} 
[2026-09-20 10:58:56] local.INFO: [B-13] 市場過小評価フラグ {"date":"2026-09-20","kaisuu":4,"basho_code":"06","day":6,"race":2,"num":7,"total_score":17,"score_a":12,"score_c":0,"valid_max":55,"undereval":false} 
[2026-09-20 10:58:56] local.DEBUG: [Block10] market_score {"num":8,"score_a":0,"score_b":0,"score_c":0,"score_d":null,"score_e":null,"valid_max":55,"total":0,"f1":false,"f5":false} 
[2026-09-20 10:58:56] local.INFO: [B-13] 市場過小評価フラグ {"date":"2026-09-20","kaisuu":4,"basho_code":"06","day":6,"race":2,"num":8,"total_score":0,"score_a":0,"score_c":0,"valid_max":55,"undereval":false} 
[2026-09-20 10:58:56] local.DEBUG: [Block10] market_score {"num":9,"score_a":0,"score_b":0,"score_c":0,"score_d":null,"score_e":null,"valid_max":55,"total":0,"f1":false,"f5":false} 
[2026-09-20 10:58:56] local.INFO: [B-13] 市場過小評価フラグ {"date":"2026-09-20","kaisuu":4,"basho_code":"06","day":6,"race":2,"num":9,"total_score":0,"score_a":0,"score_c":0,"valid_max":55,"undereval":false} 
[2026-09-20 10:58:56] local.DEBUG: [Block10] market_score {"num":10,"score_a":0,"score_b":0,"score_c":0,"score_d":null,"score_e":null,"valid_max":55,"total":0,"f1":false,"f5":false} 
[2026-09-20 10:58:56] local.INFO: [B-13] 市場過小評価フラグ {"date":"2026-09-20","kaisuu":4,"basho_code":"06","day":6,"race":2,"num":10,"total_score":0,"score_a":0,"score_c":0,"valid_max":55,"undereval":false} 
[2026-09-20 10:58:56] local.DEBUG: [Block10] market_score {"num":11,"score_a":0,"score_b":0,"score_c":0,"score_d":null,"score_e":null,"valid_max":55,"total":0,"f1":false,"f5":false} 
[2026-09-20 10:58:56] local.INFO: [B-13] 市場過小評価フラグ {"date":"2026-09-20","kaisuu":4,"basho_code":"06","day":6,"race":2,"num":11,"total_score":0,"score_a":0,"score_c":0,"valid_max":55,"undereval":false} 
[2026-09-20 10:58:56] local.DEBUG: [Block10] market_score {"num":12,"score_a":0,"score_b":0,"score_c":0,"score_d":null,"score_e":null,"valid_max":55,"total":0,"f1":false,"f5":false} 
[2026-09-20 10:58:56] local.INFO: [B-13] 市場過小評価フラグ {"date":"2026-09-20","kaisuu":4,"basho_code":"06","day":6,"race":2,"num":12,"total_score":0,"score_a":0,"score_c":0,"valid_max":55,"undereval":false} 
[2026-09-20 10:58:56] local.DEBUG: [Block10] market_score {"num":13,"score_a":0,"score_b":0,"score_c":0,"score_d":null,"score_e":null,"valid_max":55,"total":0,"f1":false,"f5":false} 
[2026-09-20 10:58:56] local.INFO: [B-13] 市場過小評価フラグ {"date":"2026-09-20","kaisuu":4,"basho_code":"06","day":6,"race":2,"num":13,"total_score":0,"score_a":0,"score_c":0,"valid_max":55,"undereval":false} 
[2026-09-20 10:58:56] local.DEBUG: [Block10] market_score {"num":14,"score_a":0,"score_b":0,"score_c":0,"score_d":null,"score_e":null,"valid_max":55,"total":0,"f1":false,"f5":false} 
[2026-09-20 10:58:56] local.INFO: [B-13] 市場過小評価フラグ {"date":"2026-09-20","kaisuu":4,"basho_code":"06","day":6,"race":2,"num":14,"total_score":0,"score_a":0,"score_c":0,"valid_max":55,"undereval":false} 
[2026-09-20 10:59:01] local.WARNING: [B-7] DeepSeek形式不正（再試行禁止）、1st AI単独継続 {"date":"2026-09-20","kaisuu":"4","basho":"06","day":"6","race":"2","text":"厳選穴レース|0
レース指標|波乱度: 4|下位進入度: 2|大穴進入度: 1
馬番：11、馬名：アテナブレイブ、人気順: 1、6分前オッズ: 2.3、おすすめ度: 74、選出理由：能力適性:A（86点）。前走牝未勝利1600芝で1-1の逃げから2着、上がり34.3と実績最上位。単勝複勝ともに複数時点で下落し複勝流入ランク2位、複勝最小1.2倍で支持が安定、推定確定オッズも2.2倍へ下落補正。類似"} 
[2026-09-20 10:59:01] local.ERROR: [Block14] ai_merge_result UPSERT failed {"err":"SQLSTATE[42S22]: Column not found: 1054 Unknown column 'updated_at' in 'field list' (SQL: INSERT INTO t_horse_odds_finder_ai_merge_result (date, kaisuu, basho, basho_code, day, race, race_name, merge_result) VALUES (2026-09-20, 4, 中山, 06, 6, 2, 2歳未勝利牝［指定］, {\"upset_race\":0,\"gap_type\":\"E\",\"wave_level\":null,\"lower_entry\":null,\"big_gap_entry\":null,\"merged_horses\":[]}) ON DUPLICATE KEY UPDATE   merge_result = VALUES(merge_result),   race_name    = VALUES(race_name),   basho        = VALUES(basho),   updated_at   = CURRENT_TIMESTAMP)"} 
[2026-09-20 10:59:01] local.DEBUG: [Block11] ml_snapshot saved {"date":"2026-09-20","kaisuu":4,"basho_code":"06","day":6,"race":2,"gap_type":"E","merged_cnt":0} 
[2026-09-20 10:59:49] local.DEBUG: [Block10] market_score {"num":1,"score_a":0,"score_b":0,"score_c":7,"score_d":null,"score_e":null,"valid_max":55,"total":10,"f1":false,"f5":false} 
[2026-09-20 10:59:49] local.INFO: [B-13] 市場過小評価フラグ {"date":"2026-09-20","kaisuu":4,"basho_code":"09","day":6,"race":1,"num":1,"total_score":10,"score_a":0,"score_c":7,"valid_max":55,"undereval":false} 
[2026-09-20 10:59:49] local.DEBUG: [Block10] market_score {"num":2,"score_a":0,"score_b":10,"score_c":0,"score_d":null,"score_e":null,"valid_max":55,"total":15,"f1":false,"f5":false} 
[2026-09-20 10:59:49] local.INFO: [B-13] 市場過小評価フラグ {"date":"2026-09-20","kaisuu":4,"basho_code":"09","day":6,"race":1,"num":2,"total_score":15,"score_a":0,"score_c":0,"valid_max":55,"undereval":false} 
[2026-09-20 10:59:49] local.DEBUG: [Block10] market_score {"num":3,"score_a":0,"score_b":0,"score_c":3,"score_d":null,"score_e":null,"valid_max":55,"total":4,"f1":false,"f5":false} 
[2026-09-20 10:59:49] local.INFO: [B-13] 市場過小評価フラグ {"date":"2026-09-20","kaisuu":4,"basho_code":"09","day":6,"race":1,"num":3,"total_score":4,"score_a":0,"score_c":3,"valid_max":55,"undereval":false} 
[2026-09-20 10:59:49] local.DEBUG: [Block10] market_score {"num":4,"score_a":0,"score_b":0,"score_c":3,"score_d":null,"score_e":null,"valid_max":55,"total":4,"f1":false,"f5":false} 
[2026-09-20 10:59:49] local.INFO: [B-13] 市場過小評価フラグ {"date":"2026-09-20","kaisuu":4,"basho_code":"09","day":6,"race":1,"num":4,"total_score":4,"score_a":0,"score_c":3,"valid_max":55,"undereval":false} 
[2026-09-20 10:59:49] local.DEBUG: [Block10] market_score {"num":5,"score_a":0,"score_b":0,"score_c":0,"score_d":null,"score_e":null,"valid_max":55,"total":0,"f1":false,"f5":false} 
[2026-09-20 10:59:49] local.INFO: [B-13] 市場過小評価フラグ {"date":"2026-09-20","kaisuu":4,"basho_code":"09","day":6,"race":1,"num":5,"total_score":0,"score_a":0,"score_c":0,"valid_max":55,"undereval":false} 
[2026-09-20 10:59:49] local.DEBUG: [Block10] market_score {"num":6,"score_a":0,"score_b":0,"score_c":3,"score_d":null,"score_e":null,"valid_max":55,"total":4,"f1":false,"f5":false} 
[2026-09-20 10:59:49] local.INFO: [B-13] 市場過小評価フラグ {"date":"2026-09-20","kaisuu":4,"basho_code":"09","day":6,"race":1,"num":6,"total_score":4,"score_a":0,"score_c":3,"valid_max":55,"undereval":false} 
[2026-09-20 10:59:49] local.DEBUG: [Block10] market_score {"num":7,"score_a":18,"score_b":5,"score_c":0,"score_d":null,"score_e":null,"valid_max":55,"total":33,"f1":true,"f5":false} 
[2026-09-20 10:59:49] local.INFO: [B-13] 市場過小評価フラグ {"date":"2026-09-20","kaisuu":4,"basho_code":"09","day":6,"race":1,"num":7,"total_score":33,"score_a":18,"score_c":0,"valid_max":55,"undereval":false} 
[2026-09-20 10:59:49] local.DEBUG: [Block10] market_score {"num":8,"score_a":0,"score_b":0,"score_c":0,"score_d":null,"score_e":null,"valid_max":55,"total":0,"f1":false,"f5":false} 
[2026-09-20 10:59:49] local.INFO: [B-13] 市場過小評価フラグ {"date":"2026-09-20","kaisuu":4,"basho_code":"09","day":6,"race":1,"num":8,"total_score":0,"score_a":0,"score_c":0,"valid_max":55,"undereval":false} 
[2026-09-20 10:59:49] local.DEBUG: [Block10] market_score {"num":9,"score_a":0,"score_b":0,"score_c":3,"score_d":null,"score_e":null,"valid_max":55,"total":4,"f1":false,"f5":false} 
[2026-09-20 10:59:49] local.INFO: [B-13] 市場過小評価フラグ {"date":"2026-09-20","kaisuu":4,"basho_code":"09","day":6,"race":1,"num":9,"total_score":4,"score_a":0,"score_c":3,"valid_max":55,"undereval":false} 
[2026-09-20 10:59:49] local.DEBUG: [Block10] market_score {"num":10,"score_a":25,"score_b":0,"score_c":0,"score_d":null,"score_e":null,"valid_max":55,"total":36,"f1":true,"f5":false} 
[2026-09-20 10:59:49] local.INFO: [B-13] 市場過小評価フラグ {"date":"2026-09-20","kaisuu":4,"basho_code":"09","day":6,"race":1,"num":10,"total_score":36,"score_a":25,"score_c":0,"valid_max":55,"undereval":false} 
[2026-09-20 10:59:49] local.DEBUG: [Block10] market_score {"num":11,"score_a":0,"score_b":0,"score_c":0,"score_d":null,"score_e":null,"valid_max":55,"total":0,"f1":false,"f5":false} 
[2026-09-20 10:59:49] local.INFO: [B-13] 市場過小評価フラグ {"date":"2026-09-20","kaisuu":4,"basho_code":"09","day":6,"race":1,"num":11,"total_score":0,"score_a":0,"score_c":0,"valid_max":55,"undereval":false} 
[2026-09-20 10:59:49] local.DEBUG: [Block10] market_score {"num":12,"score_a":0,"score_b":0,"score_c":0,"score_d":null,"score_e":null,"valid_max":55,"total":0,"f1":false,"f5":false} 
[2026-09-20 10:59:49] local.INFO: [B-13] 市場過小評価フラグ {"date":"2026-09-20","kaisuu":4,"basho_code":"09","day":6,"race":1,"num":12,"total_score":0,"score_a":0,"score_c":0,"valid_max":55,"undereval":false} 
[2026-09-20 10:59:55] local.WARNING: [B-7] DeepSeek形式不正（再試行禁止）、1st AI単独継続 {"date":"2026-09-20","kaisuu":"4","basho":"09","day":"6","race":"1","text":"厳選穴レース|0
レース指標|波乱度: 4|下位進入度: 3|大穴進入度: 1
馬番：9、馬名：アウスヴァール、人気順: 1、6分前オッズ: 2.8、おすすめ度: 74、選出理由：能力適性:A（82点）。複勝1.2-1.6倍でほぼ横ばいの安定支持、複勝OPI1.08で市場評価は適正圏、フェーズパターン別回収率101.6%と1〜3人気では数少ない100%超の回収パターン、類似統計の3着以内率68.0"} 
[2026-09-20 10:59:55] local.ERROR: [Block14] ai_merge_result UPSERT failed {"err":"SQLSTATE[42S22]: Column not found: 1054 Unknown column 'updated_at' in 'field list' (SQL: INSERT INTO t_horse_odds_finder_ai_merge_result (date, kaisuu, basho, basho_code, day, race, race_name, merge_result) VALUES (2026-09-20, 4, 阪神, 09, 6, 1, 障害3歳以上未勝利（混合）, {\"upset_race\":0,\"gap_type\":\"D\",\"wave_level\":null,\"lower_entry\":null,\"big_gap_entry\":null,\"merged_horses\":[]}) ON DUPLICATE KEY UPDATE   merge_result = VALUES(merge_result),   race_name    = VALUES(race_name),   basho        = VALUES(basho),   updated_at   = CURRENT_TIMESTAMP)"} 
[2026-09-20 10:59:55] local.DEBUG: [Block11] ml_snapshot saved {"date":"2026-09-20","kaisuu":4,"basho_code":"09","day":6,"race":1,"gap_type":"D","merged_cnt":0} 
[2026-09-20 11:00:35] local.DEBUG: [Block10] market_score {"num":1,"score_a":0,"score_b":0,"score_c":0,"score_d":null,"score_e":0,"valid_max":65,"total":0,"f1":false,"f5":false} 
[2026-09-20 11:00:35] local.INFO: [B-13] 市場過小評価フラグ {"date":"2026-09-20","kaisuu":4,"basho_code":"09","day":6,"race":2,"num":1,"total_score":0,"score_a":0,"score_c":0,"valid_max":65,"undereval":false} 
[2026-09-20 11:00:35] local.DEBUG: [Block10] market_score {"num":2,"score_a":18,"score_b":5,"score_c":0,"score_d":null,"score_e":0,"valid_max":65,"total":28,"f1":true,"f5":false} 
[2026-09-20 11:00:35] local.INFO: [B-13] 市場過小評価フラグ {"date":"2026-09-20","kaisuu":4,"basho_code":"09","day":6,"race":2,"num":2,"total_score":28,"score_a":18,"score_c":0,"valid_max":65,"undereval":false} 
[2026-09-20 11:00:35] local.DEBUG: [Block10] market_score {"num":3,"score_a":0,"score_b":5,"score_c":0,"score_d":null,"score_e":0,"valid_max":65,"total":6,"f1":false,"f5":false} 
[2026-09-20 11:00:35] local.INFO: [B-13] 市場過小評価フラグ {"date":"2026-09-20","kaisuu":4,"basho_code":"09","day":6,"race":2,"num":3,"total_score":6,"score_a":0,"score_c":0,"valid_max":65,"undereval":false} 
[2026-09-20 11:00:35] local.DEBUG: [Block10] market_score {"num":4,"score_a":0,"score_b":0,"score_c":0,"score_d":null,"score_e":0,"valid_max":65,"total":0,"f1":false,"f5":false} 
[2026-09-20 11:00:35] local.INFO: [B-13] 市場過小評価フラグ {"date":"2026-09-20","kaisuu":4,"basho_code":"09","day":6,"race":2,"num":4,"total_score":0,"score_a":0,"score_c":0,"valid_max":65,"undereval":false} 
[2026-09-20 11:00:35] local.DEBUG: [Block10] market_score {"num":5,"score_a":0,"score_b":0,"score_c":0,"score_d":null,"score_e":0,"valid_max":65,"total":0,"f1":false,"f5":false} 
[2026-09-20 11:00:35] local.INFO: [B-13] 市場過小評価フラグ {"date":"2026-09-20","kaisuu":4,"basho_code":"09","day":6,"race":2,"num":5,"total_score":0,"score_a":0,"score_c":0,"valid_max":65,"undereval":false} 
[2026-09-20 11:00:35] local.DEBUG: [Block10] market_score {"num":6,"score_a":0,"score_b":0,"score_c":0,"score_d":null,"score_e":0,"valid_max":65,"total":0,"f1":false,"f5":false} 
[2026-09-20 11:00:35] local.INFO: [B-13] 市場過小評価フラグ {"date":"2026-09-20","kaisuu":4,"basho_code":"09","day":6,"race":2,"num":6,"total_score":0,"score_a":0,"score_c":0,"valid_max":65,"undereval":false} 
[2026-09-20 11:00:35] local.DEBUG: [Block10] market_score {"num":7,"score_a":25,"score_b":0,"score_c":7,"score_d":null,"score_e":0,"valid_max":65,"total":39,"f1":true,"f5":false} 
[2026-09-20 11:00:35] local.INFO: [B-13] 市場過小評価フラグ {"date":"2026-09-20","kaisuu":4,"basho_code":"09","day":6,"race":2,"num":7,"total_score":39,"score_a":25,"score_c":7,"valid_max":65,"undereval":false} 
[2026-09-20 11:00:35] local.DEBUG: [Block10] market_score {"num":8,"score_a":0,"score_b":0,"score_c":3,"score_d":null,"score_e":0,"valid_max":65,"total":4,"f1":false,"f5":false} 
[2026-09-20 11:00:35] local.INFO: [B-13] 市場過小評価フラグ {"date":"2026-09-20","kaisuu":4,"basho_code":"09","day":6,"race":2,"num":8,"total_score":4,"score_a":0,"score_c":3,"valid_max":65,"undereval":false} 
[2026-09-20 11:00:35] local.DEBUG: [Block10] market_score {"num":9,"score_a":0,"score_b":0,"score_c":0,"score_d":null,"score_e":0,"valid_max":65,"total":0,"f1":false,"f5":false} 
[2026-09-20 11:00:35] local.INFO: [B-13] 市場過小評価フラグ {"date":"2026-09-20","kaisuu":4,"basho_code":"09","day":6,"race":2,"num":9,"total_score":0,"score_a":0,"score_c":0,"valid_max":65,"undereval":false} 
[2026-09-20 11:00:35] local.DEBUG: [Block10] market_score {"num":10,"score_a":18,"score_b":0,"score_c":0,"score_d":null,"score_e":0,"valid_max":65,"total":22,"f1":true,"f5":false} 
[2026-09-20 11:00:35] local.INFO: [B-13] 市場過小評価フラグ {"date":"2026-09-20","kaisuu":4,"basho_code":"09","day":6,"race":2,"num":10,"total_score":22,"score_a":18,"score_c":0,"valid_max":65,"undereval":false} 
[2026-09-20 11:00:35] local.DEBUG: [Block10] market_score {"num":11,"score_a":12,"score_b":0,"score_c":3,"score_d":null,"score_e":6,"valid_max":65,"total":26,"f1":true,"f5":true} 
[2026-09-20 11:00:35] local.INFO: [B-13] 市場過小評価フラグ {"date":"2026-09-20","kaisuu":4,"basho_code":"09","day":6,"race":2,"num":11,"total_score":26,"score_a":12,"score_c":3,"valid_max":65,"undereval":false} 
[2026-09-20 11:00:35] local.DEBUG: [Block10] market_score {"num":12,"score_a":0,"score_b":0,"score_c":0,"score_d":null,"score_e":0,"valid_max":65,"total":0,"f1":false,"f5":false} 
[2026-09-20 11:00:35] local.INFO: [B-13] 市場過小評価フラグ {"date":"2026-09-20","kaisuu":4,"basho_code":"09","day":6,"race":2,"num":12,"total_score":0,"score_a":0,"score_c":0,"valid_max":65,"undereval":false} 
[2026-09-20 11:00:35] local.DEBUG: [Block10] market_score {"num":13,"score_a":0,"score_b":0,"score_c":7,"score_d":null,"score_e":0,"valid_max":65,"total":9,"f1":false,"f5":false} 
[2026-09-20 11:00:35] local.INFO: [B-13] 市場過小評価フラグ {"date":"2026-09-20","kaisuu":4,"basho_code":"09","day":6,"race":2,"num":13,"total_score":9,"score_a":0,"score_c":7,"valid_max":65,"undereval":false} 
[2026-09-20 11:00:40] local.WARNING: [B-7] DeepSeek形式不正（再試行禁止）、1st AI単独継続 {"date":"2026-09-20","kaisuu":"4","basho":"09","day":"6","race":"2","text":"厳選穴レース|0
レース指標|波乱度: 3|下位進入度: 2|大穴進入度: 1
馬番：2、馬名：アースグリッパー、人気順: 2、6分前オッズ: 3.7、おすすめ度: 78、選出理由：能力適性:B（74点）。ダート1200m未勝利3着の実績があり、休57日で騎手継続。単勝流入ランク1位で短縮率+22.9%、複勝も下落しており断層上側の中心グループ。推定確定オッズ3.5倍でさらに下落する補正。OPI1"} 
[2026-09-20 11:00:40] local.ERROR: [Block14] ai_merge_result UPSERT failed {"err":"SQLSTATE[42S22]: Column not found: 1054 Unknown column 'updated_at' in 'field list' (SQL: INSERT INTO t_horse_odds_finder_ai_merge_result (date, kaisuu, basho, basho_code, day, race, race_name, merge_result) VALUES (2026-09-20, 4, 阪神, 09, 6, 2, 2歳未勝利（混合）［指定］, {\"upset_race\":0,\"gap_type\":\"B\",\"wave_level\":null,\"lower_entry\":null,\"big_gap_entry\":null,\"merged_horses\":[]}) ON DUPLICATE KEY UPDATE   merge_result = VALUES(merge_result),   race_name    = VALUES(race_name),   basho        = VALUES(basho),   updated_at   = CURRENT_TIMESTAMP)"} 
[2026-09-20 11:00:40] local.DEBUG: [Block11] ml_snapshot saved {"date":"2026-09-20","kaisuu":4,"basho_code":"09","day":6,"race":2,"gap_type":"B","merged_cnt":0} 
[2026-09-20 11:01:19] local.DEBUG: [Block10] market_score {"num":1,"score_a":0,"score_b":0,"score_c":15,"score_d":null,"score_e":0,"valid_max":65,"total":18,"f1":false,"f5":false} 
[2026-09-20 11:01:19] local.INFO: [B-13] 市場過小評価フラグ {"date":"2026-09-20","kaisuu":4,"basho_code":"09","day":6,"race":3,"num":1,"total_score":18,"score_a":0,"score_c":15,"valid_max":65,"undereval":false} 
[2026-09-20 11:01:19] local.DEBUG: [Block10] market_score {"num":2,"score_a":0,"score_b":0,"score_c":15,"score_d":null,"score_e":0,"valid_max":65,"total":18,"f1":false,"f5":false} 
[2026-09-20 11:01:19] local.INFO: [B-13] 市場過小評価フラグ {"date":"2026-09-20","kaisuu":4,"basho_code":"09","day":6,"race":3,"num":2,"total_score":18,"score_a":0,"score_c":15,"valid_max":65,"undereval":false} 
[2026-09-20 11:01:19] local.DEBUG: [Block10] market_score {"num":3,"score_a":12,"score_b":0,"score_c":15,"score_d":null,"score_e":6,"valid_max":65,"total":41,"f1":true,"f5":true} 
[2026-09-20 11:01:19] local.INFO: [B-13] 市場過小評価フラグ {"date":"2026-09-20","kaisuu":4,"basho_code":"09","day":6,"race":3,"num":3,"total_score":41,"score_a":12,"score_c":15,"valid_max":65,"undereval":false} 
[2026-09-20 11:01:19] local.DEBUG: [Block10] market_score {"num":4,"score_a":0,"score_b":0,"score_c":15,"score_d":null,"score_e":0,"valid_max":65,"total":18,"f1":false,"f5":false} 
[2026-09-20 11:01:19] local.INFO: [B-13] 市場過小評価フラグ {"date":"2026-09-20","kaisuu":4,"basho_code":"09","day":6,"race":3,"num":4,"total_score":18,"score_a":0,"score_c":15,"valid_max":65,"undereval":false} 
[2026-09-20 11:01:19] local.DEBUG: [Block10] market_score {"num":5,"score_a":0,"score_b":0,"score_c":15,"score_d":null,"score_e":0,"valid_max":65,"total":18,"f1":false,"f5":false} 
[2026-09-20 11:01:19] local.INFO: [B-13] 市場過小評価フラグ {"date":"2026-09-20","kaisuu":4,"basho_code":"09","day":6,"race":3,"num":5,"total_score":18,"score_a":0,"score_c":15,"valid_max":65,"undereval":false} 
[2026-09-20 11:01:19] local.DEBUG: [Block10] market_score {"num":6,"score_a":0,"score_b":5,"score_c":15,"score_d":null,"score_e":0,"valid_max":65,"total":25,"f1":false,"f5":false} 
[2026-09-20 11:01:19] local.INFO: [B-13] 市場過小評価フラグ {"date":"2026-09-20","kaisuu":4,"basho_code":"09","day":6,"race":3,"num":6,"total_score":25,"score_a":0,"score_c":15,"valid_max":65,"undereval":false} 
[2026-09-20 11:01:19] local.DEBUG: [Block10] market_score {"num":7,"score_a":0,"score_b":0,"score_c":0,"score_d":null,"score_e":0,"valid_max":65,"total":0,"f1":false,"f5":false} 
[2026-09-20 11:01:19] local.INFO: [B-13] 市場過小評価フラグ {"date":"2026-09-20","kaisuu":4,"basho_code":"09","day":6,"race":3,"num":7,"total_score":0,"score_a":0,"score_c":0,"valid_max":65,"undereval":false} 
[2026-09-20 11:01:26] local.WARNING: [B-7] DeepSeek形式不正（再試行禁止）、1st AI単独継続 {"date":"2026-09-20","kaisuu":"4","basho":"09","day":"6","race":"3","text":"厳選穴レース|0
レース指標|波乱度: 2|下位進入度: 2|大穴進入度: 1
馬番：7、馬名：ハートノート、人気順: 1、6分前オッズ: 1.1、おすすめ度: 88、選出理由：能力適性:A（86点）。1人気で断層最上位に位置し単勝・複勝とも断層上側を維持。類似レース統計の5着以内率94.8%・3着以内率78.8%と極めて高く、複勝最小1.0倍で軸としての信頼度は最高水準。OPI2.36は過剰人気"} 
[2026-09-20 11:01:26] local.ERROR: [Block14] ai_merge_result UPSERT failed {"err":"SQLSTATE[42S22]: Column not found: 1054 Unknown column 'updated_at' in 'field list' (SQL: INSERT INTO t_horse_odds_finder_ai_merge_result (date, kaisuu, basho, basho_code, day, race, race_name, merge_result) VALUES (2026-09-20, 4, 阪神, 09, 6, 3, 2歳未勝利（混合）［指定］, {\"upset_race\":0,\"gap_type\":\"A\",\"wave_level\":null,\"lower_entry\":null,\"big_gap_entry\":null,\"merged_horses\":[]}) ON DUPLICATE KEY UPDATE   merge_result = VALUES(merge_result),   race_name    = VALUES(race_name),   basho        = VALUES(basho),   updated_at   = CURRENT_TIMESTAMP)"} 
[2026-09-20 11:01:26] local.DEBUG: [Block11] ml_snapshot saved {"date":"2026-09-20","kaisuu":4,"basho_code":"09","day":6,"race":3,"gap_type":"A","merged_cnt":0} 
[2026-09-20 11:07:33] local.DEBUG: [Block10] market_score {"num":1,"score_a":0,"score_b":0,"score_c":3,"score_d":null,"score_e":null,"valid_max":55,"total":4,"f1":false,"f5":false} 
[2026-09-20 11:07:33] local.INFO: [B-13] 市場過小評価フラグ {"date":"2026-09-20","kaisuu":4,"basho_code":"06","day":6,"race":3,"num":1,"total_score":4,"score_a":0,"score_c":3,"valid_max":55,"undereval":false} 
[2026-09-20 11:07:33] local.DEBUG: [Block10] market_score {"num":2,"score_a":25,"score_b":0,"score_c":15,"score_d":null,"score_e":null,"valid_max":55,"total":58,"f1":true,"f5":false} 
[2026-09-20 11:07:33] local.INFO: [B-13] 市場過小評価フラグ {"date":"2026-09-20","kaisuu":4,"basho_code":"06","day":6,"race":3,"num":2,"total_score":58,"score_a":25,"score_c":15,"valid_max":55,"undereval":false} 
[2026-09-20 11:07:33] local.DEBUG: [Block10] market_score {"num":3,"score_a":0,"score_b":5,"score_c":12,"score_d":null,"score_e":null,"valid_max":55,"total":25,"f1":false,"f5":false} 
[2026-09-20 11:07:33] local.INFO: [B-13] 市場過小評価フラグ {"date":"2026-09-20","kaisuu":4,"basho_code":"06","day":6,"race":3,"num":3,"total_score":25,"score_a":0,"score_c":12,"valid_max":55,"undereval":false} 
[2026-09-20 11:07:33] local.DEBUG: [Block10] market_score {"num":4,"score_a":0,"score_b":0,"score_c":7,"score_d":null,"score_e":null,"valid_max":55,"total":10,"f1":false,"f5":false} 
[2026-09-20 11:07:33] local.INFO: [B-13] 市場過小評価フラグ {"date":"2026-09-20","kaisuu":4,"basho_code":"06","day":6,"race":3,"num":4,"total_score":10,"score_a":0,"score_c":7,"valid_max":55,"undereval":false} 
[2026-09-20 11:07:33] local.DEBUG: [Block10] market_score {"num":5,"score_a":0,"score_b":0,"score_c":0,"score_d":null,"score_e":null,"valid_max":55,"total":0,"f1":false,"f5":false} 
[2026-09-20 11:07:33] local.INFO: [B-13] 市場過小評価フラグ {"date":"2026-09-20","kaisuu":4,"basho_code":"06","day":6,"race":3,"num":5,"total_score":0,"score_a":0,"score_c":0,"valid_max":55,"undereval":false} 
[2026-09-20 11:07:33] local.DEBUG: [Block10] market_score {"num":6,"score_a":12,"score_b":0,"score_c":15,"score_d":null,"score_e":null,"valid_max":55,"total":39,"f1":true,"f5":false} 
[2026-09-20 11:07:33] local.INFO: [B-13] 市場過小評価フラグ {"date":"2026-09-20","kaisuu":4,"basho_code":"06","day":6,"race":3,"num":6,"total_score":39,"score_a":12,"score_c":15,"valid_max":55,"undereval":false} 
[2026-09-20 11:07:33] local.DEBUG: [Block10] market_score {"num":7,"score_a":0,"score_b":0,"score_c":3,"score_d":null,"score_e":null,"valid_max":55,"total":4,"f1":false,"f5":false} 
[2026-09-20 11:07:33] local.INFO: [B-13] 市場過小評価フラグ {"date":"2026-09-20","kaisuu":4,"basho_code":"06","day":6,"race":3,"num":7,"total_score":4,"score_a":0,"score_c":3,"valid_max":55,"undereval":false} 
[2026-09-20 11:07:33] local.DEBUG: [Block10] market_score {"num":8,"score_a":0,"score_b":0,"score_c":12,"score_d":null,"score_e":null,"valid_max":55,"total":17,"f1":false,"f5":false} 
[2026-09-20 11:07:33] local.INFO: [B-13] 市場過小評価フラグ {"date":"2026-09-20","kaisuu":4,"basho_code":"06","day":6,"race":3,"num":8,"total_score":17,"score_a":0,"score_c":12,"valid_max":55,"undereval":false} 
[2026-09-20 11:07:33] local.DEBUG: [Block10] market_score {"num":9,"score_a":12,"score_b":5,"score_c":0,"score_d":null,"score_e":null,"valid_max":55,"total":25,"f1":true,"f5":false} 
[2026-09-20 11:07:33] local.INFO: [B-13] 市場過小評価フラグ {"date":"2026-09-20","kaisuu":4,"basho_code":"06","day":6,"race":3,"num":9,"total_score":25,"score_a":12,"score_c":0,"valid_max":55,"undereval":false} 
[2026-09-20 11:07:33] local.DEBUG: [Block10] market_score {"num":10,"score_a":0,"score_b":0,"score_c":7,"score_d":null,"score_e":null,"valid_max":55,"total":10,"f1":false,"f5":false} 
[2026-09-20 11:07:33] local.INFO: [B-13] 市場過小評価フラグ {"date":"2026-09-20","kaisuu":4,"basho_code":"06","day":6,"race":3,"num":10,"total_score":10,"score_a":0,"score_c":7,"valid_max":55,"undereval":false} 
[2026-09-20 11:07:33] local.DEBUG: [Block10] market_score {"num":11,"score_a":0,"score_b":0,"score_c":7,"score_d":null,"score_e":null,"valid_max":55,"total":10,"f1":false,"f5":false} 
[2026-09-20 11:07:33] local.INFO: [B-13] 市場過小評価フラグ {"date":"2026-09-20","kaisuu":4,"basho_code":"06","day":6,"race":3,"num":11,"total_score":10,"score_a":0,"score_c":7,"valid_max":55,"undereval":false} 
[2026-09-20 11:07:33] local.DEBUG: [Block10] market_score {"num":12,"score_a":0,"score_b":0,"score_c":0,"score_d":null,"score_e":null,"valid_max":55,"total":0,"f1":false,"f5":false} 
[2026-09-20 11:07:33] local.INFO: [B-13] 市場過小評価フラグ {"date":"2026-09-20","kaisuu":4,"basho_code":"06","day":6,"race":3,"num":12,"total_score":0,"score_a":0,"score_c":0,"valid_max":55,"undereval":false} 
[2026-09-20 11:07:33] local.DEBUG: [Block10] market_score {"num":13,"score_a":0,"score_b":0,"score_c":0,"score_d":null,"score_e":null,"valid_max":55,"total":0,"f1":false,"f5":false} 
[2026-09-20 11:07:33] local.INFO: [B-13] 市場過小評価フラグ {"date":"2026-09-20","kaisuu":4,"basho_code":"06","day":6,"race":3,"num":13,"total_score":0,"score_a":0,"score_c":0,"valid_max":55,"undereval":false} 
[2026-09-20 11:07:40] local.WARNING: [B-7] DeepSeek形式不正（再試行禁止）、1st AI単独継続 {"date":"2026-09-20","kaisuu":"4","basho":"06","day":"6","race":"3","text":"厳選穴レース|0
レース指標|波乱度: 4|下位進入度: 3|大穴進入度: 1
馬番：13、馬名：サウンズオーサム、人気順: 1、6分前オッズ: 1.6、おすすめ度: 81、選出理由：能力適性:A（85点）。1人気で単勝が計測前2.1倍から6分前1.6倍へ下落し続け、推定確定1.5倍と直前も人気集中が継続。複勝1.1-1.2倍は全時点で変化なく支持が安定し、複勝OPI1.18で過剰評価は限定的。O"} 
[2026-09-20 11:07:40] local.ERROR: [Block14] ai_merge_result UPSERT failed {"err":"SQLSTATE[42S22]: Column not found: 1054 Unknown column 'updated_at' in 'field list' (SQL: INSERT INTO t_horse_odds_finder_ai_merge_result (date, kaisuu, basho, basho_code, day, race, race_name, merge_result) VALUES (2026-09-20, 4, 中山, 06, 6, 3, 2歳未勝利[指定], {\"upset_race\":0,\"gap_type\":\"E\",\"wave_level\":4,\"lower_entry\":2,\"big_gap_entry\":1,\"merged_horses\":[{\"num\":6,\"name\":\"スーパーユタカ\",\"score\":78,\"score_1st\":78,\"score_2nd\":null,\"popularity\":2,\"odds_6\":7.2,\"reason\":\"複勝オッズが2.0→1.8倍で継続下落し市場の継続支持が明確。複勝流入ランク1位でグループ内最強の資金流入を示現。OPI0.61（妙味あり）で市場の過小評価。予測補正OPI0.64でさらに直前人気集中を予測。類似レース統計で3着以内率56.5%・5着以内率75.5%と高確度。回収率95.6%で1～3人気低上昇パターンながら優秀実績。\",\"reason_2nd\":null,\"category\":\"first_only\"},{\"num\":3,\"name\":\"セイウンオオゾラ\",\"score\":72,\"score_1st\":72,\"score_2nd\":null,\"popularity\":3,\"odds_6\":7.6,\"reason\":\"複勝オッズが1.7→1.8倍で安定的な継続支持。OPI帯別回収率84.0%（OPI0.70〜0.85×1〜3人気）で同パターン最高水準。フェーズパターン別回収率78.2%の実績。類似レース統計で3着以内率44.5%と堅い。複勝人気が単勝人気より相対的に高く複勝流入3位でグループ内安定。\",\"reason_2nd\":null,\"category\":\"first_only\"},{\"num\":10,\"name\":\"タイセイソアリング\",\"score\":68,\"score_1st\":68,\"score_2nd\":null,\"popularity\":4,\"odds_6\":9.5,\"reason\":\"複勝オッズが2.0→1.8倍で下落継続し市場支持継続。単勝23.4%上昇で直前資金流入。OPI帯別回収率84.4%（OPI0.85〜1.00×4〜6人気）で同帯最優秀。類似レース統計で3着以内率36.1%・5着以内率59.9%と信頼度高。4〜6人気グループで最も安定した複勝サポート継続。\",\"reason_2nd\":null,\"category\":\"first_only\"}]}) ON DUPLICATE KEY UPDATE   merge_result = VALUES(merge_result),   race_name    = VALUES(race_name),   basho        = VALUES(basho),   updated_at   = CURRENT_TIMESTAMP)"} 
[2026-09-20 11:07:40] local.INFO: [B-10] high_payout_shadow_log saved {"date":"2026-09-20","kaisuu":4,"basho_code":"06","day":6,"race":3,"count":3,"top_score":null} 
[2026-09-20 11:07:40] local.DEBUG: [Block11] ml_snapshot saved {"date":"2026-09-20","kaisuu":4,"basho_code":"06","day":6,"race":3,"gap_type":"E","merged_cnt":3} 
[2026-09-20 11:39:51] local.DEBUG: [Block10] market_score {"num":1,"score_a":0,"score_b":0,"score_c":0,"score_d":null,"score_e":null,"valid_max":55,"total":0,"f1":false,"f5":false} 
[2026-09-20 11:39:51] local.INFO: [B-13] 市場過小評価フラグ {"date":"2026-09-20","kaisuu":4,"basho_code":"06","day":6,"race":4,"num":1,"total_score":0,"score_a":0,"score_c":0,"valid_max":55,"undereval":false} 
[2026-09-20 11:39:51] local.DEBUG: [Block10] market_score {"num":2,"score_a":25,"score_b":5,"score_c":0,"score_d":null,"score_e":null,"valid_max":55,"total":44,"f1":true,"f5":false} 
[2026-09-20 11:39:51] local.INFO: [B-13] 市場過小評価フラグ {"date":"2026-09-20","kaisuu":4,"basho_code":"06","day":6,"race":4,"num":2,"total_score":44,"score_a":25,"score_c":0,"valid_max":55,"undereval":false} 
[2026-09-20 11:39:51] local.DEBUG: [Block10] market_score {"num":3,"score_a":12,"score_b":0,"score_c":7,"score_d":null,"score_e":null,"valid_max":55,"total":28,"f1":true,"f5":false} 
[2026-09-20 11:39:51] local.INFO: [B-13] 市場過小評価フラグ {"date":"2026-09-20","kaisuu":4,"basho_code":"06","day":6,"race":4,"num":3,"total_score":28,"score_a":12,"score_c":7,"valid_max":55,"undereval":false} 
[2026-09-20 11:39:51] local.DEBUG: [Block10] market_score {"num":4,"score_a":0,"score_b":0,"score_c":0,"score_d":null,"score_e":null,"valid_max":55,"total":0,"f1":false,"f5":false} 
[2026-09-20 11:39:51] local.INFO: [B-13] 市場過小評価フラグ {"date":"2026-09-20","kaisuu":4,"basho_code":"06","day":6,"race":4,"num":4,"total_score":0,"score_a":0,"score_c":0,"valid_max":55,"undereval":false} 
[2026-09-20 11:39:51] local.DEBUG: [Block10] market_score {"num":5,"score_a":0,"score_b":0,"score_c":0,"score_d":null,"score_e":null,"valid_max":55,"total":0,"f1":false,"f5":false} 
[2026-09-20 11:39:51] local.INFO: [B-13] 市場過小評価フラグ {"date":"2026-09-20","kaisuu":4,"basho_code":"06","day":6,"race":4,"num":5,"total_score":0,"score_a":0,"score_c":0,"valid_max":55,"undereval":false} 
[2026-09-20 11:39:51] local.DEBUG: [Block10] market_score {"num":6,"score_a":0,"score_b":0,"score_c":0,"score_d":null,"score_e":null,"valid_max":55,"total":0,"f1":false,"f5":false} 
[2026-09-20 11:39:51] local.INFO: [B-13] 市場過小評価フラグ {"date":"2026-09-20","kaisuu":4,"basho_code":"06","day":6,"race":4,"num":6,"total_score":0,"score_a":0,"score_c":0,"valid_max":55,"undereval":false} 
[2026-09-20 11:39:51] local.DEBUG: [Block10] market_score {"num":7,"score_a":0,"score_b":10,"score_c":0,"score_d":null,"score_e":null,"valid_max":55,"total":15,"f1":false,"f5":false} 
[2026-09-20 11:39:51] local.INFO: [B-13] 市場過小評価フラグ {"date":"2026-09-20","kaisuu":4,"basho_code":"06","day":6,"race":4,"num":7,"total_score":15,"score_a":0,"score_c":0,"valid_max":55,"undereval":false} 
[2026-09-20 11:39:51] local.DEBUG: [Block10] market_score {"num":8,"score_a":0,"score_b":0,"score_c":0,"score_d":null,"score_e":null,"valid_max":55,"total":0,"f1":false,"f5":false} 
[2026-09-20 11:39:51] local.INFO: [B-13] 市場過小評価フラグ {"date":"2026-09-20","kaisuu":4,"basho_code":"06","day":6,"race":4,"num":8,"total_score":0,"score_a":0,"score_c":0,"valid_max":55,"undereval":false} 
[2026-09-20 11:39:51] local.DEBUG: [Block10] market_score {"num":9,"score_a":0,"score_b":0,"score_c":3,"score_d":null,"score_e":null,"valid_max":55,"total":4,"f1":false,"f5":false} 
[2026-09-20 11:39:51] local.INFO: [B-13] 市場過小評価フラグ {"date":"2026-09-20","kaisuu":4,"basho_code":"06","day":6,"race":4,"num":9,"total_score":4,"score_a":0,"score_c":3,"valid_max":55,"undereval":false} 
[2026-09-20 11:39:51] local.DEBUG: [Block10] market_score {"num":10,"score_a":25,"score_b":0,"score_c":12,"score_d":null,"score_e":null,"valid_max":55,"total":54,"f1":true,"f5":false} 
[2026-09-20 11:39:51] local.INFO: [B-13] 市場過小評価フラグ {"date":"2026-09-20","kaisuu":4,"basho_code":"06","day":6,"race":4,"num":10,"total_score":54,"score_a":25,"score_c":12,"valid_max":55,"undereval":false} 
[2026-09-20 11:39:51] local.DEBUG: [Block10] market_score {"num":11,"score_a":0,"score_b":0,"score_c":0,"score_d":null,"score_e":null,"valid_max":55,"total":0,"f1":false,"f5":false} 
[2026-09-20 11:39:51] local.INFO: [B-13] 市場過小評価フラグ {"date":"2026-09-20","kaisuu":4,"basho_code":"06","day":6,"race":4,"num":11,"total_score":0,"score_a":0,"score_c":0,"valid_max":55,"undereval":false} 
[2026-09-20 11:39:51] local.DEBUG: [Block10] market_score {"num":12,"score_a":0,"score_b":0,"score_c":0,"score_d":null,"score_e":null,"valid_max":55,"total":0,"f1":false,"f5":false} 
[2026-09-20 11:39:51] local.INFO: [B-13] 市場過小評価フラグ {"date":"2026-09-20","kaisuu":4,"basho_code":"06","day":6,"race":4,"num":12,"total_score":0,"score_a":0,"score_c":0,"valid_max":55,"undereval":false} 
[2026-09-20 11:39:51] local.DEBUG: [Block10] market_score {"num":13,"score_a":25,"score_b":10,"score_c":0,"score_d":null,"score_e":null,"valid_max":55,"total":51,"f1":true,"f5":false} 
[2026-09-20 11:39:51] local.INFO: [B-13] 市場過小評価フラグ {"date":"2026-09-20","kaisuu":4,"basho_code":"06","day":6,"race":4,"num":13,"total_score":51,"score_a":25,"score_c":0,"valid_max":55,"undereval":false} 
[2026-09-20 11:39:51] local.DEBUG: [Block10] market_score {"num":14,"score_a":0,"score_b":0,"score_c":0,"score_d":null,"score_e":null,"valid_max":55,"total":0,"f1":false,"f5":false} 
[2026-09-20 11:39:51] local.INFO: [B-13] 市場過小評価フラグ {"date":"2026-09-20","kaisuu":4,"basho_code":"06","day":6,"race":4,"num":14,"total_score":0,"score_a":0,"score_c":0,"valid_max":55,"undereval":false} 
[2026-09-20 11:39:51] local.DEBUG: [Block10] market_score {"num":15,"score_a":0,"score_b":0,"score_c":12,"score_d":null,"score_e":null,"valid_max":55,"total":17,"f1":false,"f5":false} 
[2026-09-20 11:39:51] local.INFO: [B-13] 市場過小評価フラグ {"date":"2026-09-20","kaisuu":4,"basho_code":"06","day":6,"race":4,"num":15,"total_score":17,"score_a":0,"score_c":12,"valid_max":55,"undereval":false} 
[2026-09-20 11:39:51] local.DEBUG: [Block10] market_score {"num":16,"score_a":0,"score_b":0,"score_c":0,"score_d":null,"score_e":null,"valid_max":55,"total":0,"f1":false,"f5":false} 
[2026-09-20 11:39:51] local.INFO: [B-13] 市場過小評価フラグ {"date":"2026-09-20","kaisuu":4,"basho_code":"06","day":6,"race":4,"num":16,"total_score":0,"score_a":0,"score_c":0,"valid_max":55,"undereval":false} 
[2026-09-20 11:39:56] local.WARNING: [B-7] DeepSeek形式不正（再試行禁止）、1st AI単独継続 {"date":"2026-09-20","kaisuu":"4","basho":"06","day":"6","race":"4","text":"厳選穴レース|0
レース指標|波乱度: 4|下位進入度: 3|大穴進入度: 1
馬番：10、馬名：ブリスブリンク、人気順: 1、6分前オッズ: 3.6、おすすめ度: 74、選出理由：能力適性:D（0点）。複勝1.6-1.9倍へ23.8%下落し複勝流入ランク1位、複勝OPI0.81で市場評価は妥当圏。OPI0.72の妙味ゾーンかつフェーズ前半横ばい・後半下落の回収率87.9%、推定確定3.4倍で直前"} 
[2026-09-20 11:39:56] local.ERROR: [Block14] ai_merge_result UPSERT failed {"err":"SQLSTATE[42S22]: Column not found: 1054 Unknown column 'updated_at' in 'field list' (SQL: INSERT INTO t_horse_odds_finder_ai_merge_result (date, kaisuu, basho, basho_code, day, race, race_name, merge_result) VALUES (2026-09-20, 4, 中山, 06, 6, 4, メイクデビュー中山, {\"upset_race\":0,\"gap_type\":\"E\",\"wave_level\":null,\"lower_entry\":null,\"big_gap_entry\":null,\"merged_horses\":[]}) ON DUPLICATE KEY UPDATE   merge_result = VALUES(merge_result),   race_name    = VALUES(race_name),   basho        = VALUES(basho),   updated_at   = CURRENT_TIMESTAMP)"} 
[2026-09-20 11:39:56] local.DEBUG: [Block11] ml_snapshot saved {"date":"2026-09-20","kaisuu":4,"basho_code":"06","day":6,"race":4,"gap_type":"E","merged_cnt":0} 
[2026-09-20 11:41:05] local.DEBUG: [Block10] market_score {"num":1,"score_a":25,"score_b":10,"score_c":0,"score_d":null,"score_e":6,"valid_max":65,"total":50,"f1":true,"f5":true} 
[2026-09-20 11:41:05] local.INFO: [B-13] 市場過小評価フラグ {"date":"2026-09-20","kaisuu":4,"basho_code":"09","day":6,"race":4,"num":1,"total_score":50,"score_a":25,"score_c":0,"valid_max":65,"undereval":false} 
[2026-09-20 11:41:05] local.DEBUG: [Block10] market_score {"num":2,"score_a":0,"score_b":0,"score_c":0,"score_d":null,"score_e":0,"valid_max":65,"total":0,"f1":false,"f5":false} 
[2026-09-20 11:41:05] local.INFO: [B-13] 市場過小評価フラグ {"date":"2026-09-20","kaisuu":4,"basho_code":"09","day":6,"race":4,"num":2,"total_score":0,"score_a":0,"score_c":0,"valid_max":65,"undereval":false} 
[2026-09-20 11:41:05] local.DEBUG: [Block10] market_score {"num":3,"score_a":25,"score_b":0,"score_c":15,"score_d":null,"score_e":6,"valid_max":65,"total":57,"f1":true,"f5":true} 
[2026-09-20 11:41:05] local.INFO: [B-13] 市場過小評価フラグ {"date":"2026-09-20","kaisuu":4,"basho_code":"09","day":6,"race":4,"num":3,"total_score":57,"score_a":25,"score_c":15,"valid_max":65,"undereval":true} 
[2026-09-20 11:41:05] local.DEBUG: [Block10] market_score {"num":4,"score_a":0,"score_b":0,"score_c":0,"score_d":null,"score_e":0,"valid_max":65,"total":0,"f1":false,"f5":false} 
[2026-09-20 11:41:05] local.INFO: [B-13] 市場過小評価フラグ {"date":"2026-09-20","kaisuu":4,"basho_code":"09","day":6,"race":4,"num":4,"total_score":0,"score_a":0,"score_c":0,"valid_max":65,"undereval":false} 
[2026-09-20 11:41:05] local.DEBUG: [Block10] market_score {"num":5,"score_a":18,"score_b":5,"score_c":3,"score_d":null,"score_e":6,"valid_max":65,"total":39,"f1":true,"f5":true} 
[2026-09-20 11:41:05] local.INFO: [B-13] 市場過小評価フラグ {"date":"2026-09-20","kaisuu":4,"basho_code":"09","day":6,"race":4,"num":5,"total_score":39,"score_a":18,"score_c":3,"valid_max":65,"undereval":false} 
[2026-09-20 11:41:05] local.DEBUG: [Block10] market_score {"num":6,"score_a":0,"score_b":0,"score_c":0,"score_d":null,"score_e":0,"valid_max":65,"total":0,"f1":false,"f5":false} 
[2026-09-20 11:41:05] local.INFO: [B-13] 市場過小評価フラグ {"date":"2026-09-20","kaisuu":4,"basho_code":"09","day":6,"race":4,"num":6,"total_score":0,"score_a":0,"score_c":0,"valid_max":65,"undereval":false} 
[2026-09-20 11:41:05] local.DEBUG: [Block10] market_score {"num":7,"score_a":0,"score_b":0,"score_c":0,"score_d":null,"score_e":0,"valid_max":65,"total":0,"f1":false,"f5":false} 
[2026-09-20 11:41:05] local.INFO: [B-13] 市場過小評価フラグ {"date":"2026-09-20","kaisuu":4,"basho_code":"09","day":6,"race":4,"num":7,"total_score":0,"score_a":0,"score_c":0,"valid_max":65,"undereval":false} 
[2026-09-20 11:41:05] local.DEBUG: [Block10] market_score {"num":8,"score_a":0,"score_b":0,"score_c":12,"score_d":null,"score_e":0,"valid_max":65,"total":15,"f1":false,"f5":false} 
[2026-09-20 11:41:05] local.INFO: [B-13] 市場過小評価フラグ {"date":"2026-09-20","kaisuu":4,"basho_code":"09","day":6,"race":4,"num":8,"total_score":15,"score_a":0,"score_c":12,"valid_max":65,"undereval":false} 
[2026-09-20 11:41:05] local.DEBUG: [Block10] market_score {"num":9,"score_a":25,"score_b":0,"score_c":0,"score_d":null,"score_e":6,"valid_max":65,"total":38,"f1":true,"f5":true} 
[2026-09-20 11:41:05] local.INFO: [B-13] 市場過小評価フラグ {"date":"2026-09-20","kaisuu":4,"basho_code":"09","day":6,"race":4,"num":9,"total_score":38,"score_a":25,"score_c":0,"valid_max":65,"undereval":false} 
[2026-09-20 11:41:05] local.DEBUG: [Block10] market_score {"num":10,"score_a":0,"score_b":0,"score_c":0,"score_d":null,"score_e":0,"valid_max":65,"total":0,"f1":false,"f5":false} 
[2026-09-20 11:41:05] local.INFO: [B-13] 市場過小評価フラグ {"date":"2026-09-20","kaisuu":4,"basho_code":"09","day":6,"race":4,"num":10,"total_score":0,"score_a":0,"score_c":0,"valid_max":65,"undereval":false} 
[2026-09-20 11:41:05] local.DEBUG: [Block10] market_score {"num":11,"score_a":0,"score_b":0,"score_c":0,"score_d":null,"score_e":0,"valid_max":65,"total":0,"f1":false,"f5":false} 
[2026-09-20 11:41:05] local.INFO: [B-13] 市場過小評価フラグ {"date":"2026-09-20","kaisuu":4,"basho_code":"09","day":6,"race":4,"num":11,"total_score":0,"score_a":0,"score_c":0,"valid_max":65,"undereval":false} 
[2026-09-20 11:41:05] local.DEBUG: [Block10] market_score {"num":12,"score_a":0,"score_b":0,"score_c":15,"score_d":null,"score_e":0,"valid_max":65,"total":18,"f1":false,"f5":false} 
[2026-09-20 11:41:05] local.INFO: [B-13] 市場過小評価フラグ {"date":"2026-09-20","kaisuu":4,"basho_code":"09","day":6,"race":4,"num":12,"total_score":18,"score_a":0,"score_c":15,"valid_max":65,"undereval":false} 
[2026-09-20 11:41:05] local.DEBUG: [Block10] market_score {"num":13,"score_a":0,"score_b":5,"score_c":0,"score_d":null,"score_e":0,"valid_max":65,"total":6,"f1":false,"f5":false} 
[2026-09-20 11:41:05] local.INFO: [B-13] 市場過小評価フラグ {"date":"2026-09-20","kaisuu":4,"basho_code":"09","day":6,"race":4,"num":13,"total_score":6,"score_a":0,"score_c":0,"valid_max":65,"undereval":false} 
[2026-09-20 11:41:05] local.DEBUG: [Block10] market_score {"num":14,"score_a":0,"score_b":0,"score_c":0,"score_d":null,"score_e":0,"valid_max":65,"total":0,"f1":false,"f5":false} 
[2026-09-20 11:41:05] local.INFO: [B-13] 市場過小評価フラグ {"date":"2026-09-20","kaisuu":4,"basho_code":"09","day":6,"race":4,"num":14,"total_score":0,"score_a":0,"score_c":0,"valid_max":65,"undereval":false} 
[2026-09-20 11:41:05] local.DEBUG: [Block10] market_score {"num":15,"score_a":0,"score_b":0,"score_c":0,"score_d":null,"score_e":0,"valid_max":65,"total":0,"f1":false,"f5":false} 
[2026-09-20 11:41:05] local.INFO: [B-13] 市場過小評価フラグ {"date":"2026-09-20","kaisuu":4,"basho_code":"09","day":6,"race":4,"num":15,"total_score":0,"score_a":0,"score_c":0,"valid_max":65,"undereval":false} 
[2026-09-20 11:41:11] local.WARNING: [B-7] DeepSeek形式不正（再試行禁止）、1st AI単独継続 {"date":"2026-09-20","kaisuu":"4","basho":"09","day":"6","race":"4","text":"厳選穴レース|1
レース指標|波乱度: 2|下位進入度: 2|大穴進入度: 1
馬番：3、馬名：テリオスベラ、人気順: 2、6分前オッズ: 6.2、おすすめ度: 78、選出理由：能力適性:D（0点）。複勝1位/3頭中で1.7-2.5倍へ22.7%下落、単勝も16.2%下落と複勝主導で継続流入。OPI0.71の妙味ゾーンで予測補正0.74、複勝OPI0.82。断層最上位グループ(2番人気)に位置し類"} 
[2026-09-20 11:41:11] local.ERROR: [Block14] ai_merge_result UPSERT failed {"err":"SQLSTATE[42S22]: Column not found: 1054 Unknown column 'updated_at' in 'field list' (SQL: INSERT INTO t_horse_odds_finder_ai_merge_result (date, kaisuu, basho, basho_code, day, race, race_name, merge_result) VALUES (2026-09-20, 4, 阪神, 09, 6, 4, メイクデビュー阪神, {\"upset_race\":0,\"gap_type\":\"A\",\"wave_level\":null,\"lower_entry\":null,\"big_gap_entry\":null,\"merged_horses\":[]}) ON DUPLICATE KEY UPDATE   merge_result = VALUES(merge_result),   race_name    = VALUES(race_name),   basho        = VALUES(basho),   updated_at   = CURRENT_TIMESTAMP)"} 
[2026-09-20 11:41:11] local.DEBUG: [Block11] ml_snapshot saved {"date":"2026-09-20","kaisuu":4,"basho_code":"09","day":6,"race":4,"gap_type":"A","merged_cnt":0} 
[2026-09-20 13:10:50] local.DEBUG: [Block10] market_score {"num":1,"score_a":0,"score_b":5,"score_c":0,"score_d":null,"score_e":0,"valid_max":65,"total":6,"f1":false,"f5":false} 
[2026-09-20 13:10:50] local.INFO: [B-13] 市場過小評価フラグ {"date":"2026-09-20","kaisuu":4,"basho_code":"09","day":6,"race":7,"num":1,"total_score":6,"score_a":0,"score_c":0,"valid_max":65,"undereval":false} 
[2026-09-20 13:10:50] local.DEBUG: [Block10] market_score {"num":2,"score_a":0,"score_b":0,"score_c":15,"score_d":null,"score_e":0,"valid_max":65,"total":18,"f1":false,"f5":false} 
[2026-09-20 13:10:50] local.INFO: [B-13] 市場過小評価フラグ {"date":"2026-09-20","kaisuu":4,"basho_code":"09","day":6,"race":7,"num":2,"total_score":18,"score_a":0,"score_c":15,"valid_max":65,"undereval":false} 
[2026-09-20 13:10:50] local.DEBUG: [Block10] market_score {"num":3,"score_a":12,"score_b":5,"score_c":0,"score_d":null,"score_e":6,"valid_max":65,"total":28,"f1":true,"f5":true} 
[2026-09-20 13:10:50] local.INFO: [B-13] 市場過小評価フラグ {"date":"2026-09-20","kaisuu":4,"basho_code":"09","day":6,"race":7,"num":3,"total_score":28,"score_a":12,"score_c":0,"valid_max":65,"undereval":false} 
[2026-09-20 13:10:50] local.DEBUG: [Block10] market_score {"num":4,"score_a":12,"score_b":0,"score_c":0,"score_d":null,"score_e":6,"valid_max":65,"total":22,"f1":true,"f5":true} 
[2026-09-20 13:10:50] local.INFO: [B-13] 市場過小評価フラグ {"date":"2026-09-20","kaisuu":4,"basho_code":"09","day":6,"race":7,"num":4,"total_score":22,"score_a":12,"score_c":0,"valid_max":65,"undereval":false} 
[2026-09-20 13:10:50] local.DEBUG: [Block10] market_score {"num":5,"score_a":0,"score_b":0,"score_c":0,"score_d":null,"score_e":0,"valid_max":65,"total":0,"f1":false,"f5":false} 
[2026-09-20 13:10:50] local.INFO: [B-13] 市場過小評価フラグ {"date":"2026-09-20","kaisuu":4,"basho_code":"09","day":6,"race":7,"num":5,"total_score":0,"score_a":0,"score_c":0,"valid_max":65,"undereval":false} 
[2026-09-20 13:10:50] local.DEBUG: [Block10] market_score {"num":6,"score_a":12,"score_b":5,"score_c":3,"score_d":null,"score_e":6,"valid_max":65,"total":32,"f1":true,"f5":true} 
[2026-09-20 13:10:50] local.INFO: [B-13] 市場過小評価フラグ {"date":"2026-09-20","kaisuu":4,"basho_code":"09","day":6,"race":7,"num":6,"total_score":32,"score_a":12,"score_c":3,"valid_max":65,"undereval":false} 
[2026-09-20 13:10:50] local.DEBUG: [Block10] market_score {"num":7,"score_a":0,"score_b":0,"score_c":15,"score_d":null,"score_e":0,"valid_max":65,"total":18,"f1":false,"f5":false} 
[2026-09-20 13:10:50] local.INFO: [B-13] 市場過小評価フラグ {"date":"2026-09-20","kaisuu":4,"basho_code":"09","day":6,"race":7,"num":7,"total_score":18,"score_a":0,"score_c":15,"valid_max":65,"undereval":false} 
[2026-09-20 13:10:50] local.DEBUG: [Block10] market_score {"num":8,"score_a":25,"score_b":0,"score_c":15,"score_d":null,"score_e":6,"valid_max":65,"total":57,"f1":true,"f5":true} 
[2026-09-20 13:10:50] local.INFO: [B-13] 市場過小評価フラグ {"date":"2026-09-20","kaisuu":4,"basho_code":"09","day":6,"race":7,"num":8,"total_score":57,"score_a":25,"score_c":15,"valid_max":65,"undereval":true} 
[2026-09-20 13:10:50] local.DEBUG: [Block10] market_score {"num":9,"score_a":0,"score_b":0,"score_c":0,"score_d":null,"score_e":0,"valid_max":65,"total":0,"f1":false,"f5":false} 
[2026-09-20 13:10:50] local.INFO: [B-13] 市場過小評価フラグ {"date":"2026-09-20","kaisuu":4,"basho_code":"09","day":6,"race":7,"num":9,"total_score":0,"score_a":0,"score_c":0,"valid_max":65,"undereval":false} 
[2026-09-20 13:10:50] local.DEBUG: [Block10] market_score {"num":10,"score_a":0,"score_b":5,"score_c":15,"score_d":null,"score_e":0,"valid_max":65,"total":25,"f1":false,"f5":false} 
[2026-09-20 13:10:50] local.INFO: [B-13] 市場過小評価フラグ {"date":"2026-09-20","kaisuu":4,"basho_code":"09","day":6,"race":7,"num":10,"total_score":25,"score_a":0,"score_c":15,"valid_max":65,"undereval":false} 
[2026-09-20 13:10:50] local.DEBUG: [Block10] market_score {"num":11,"score_a":25,"score_b":0,"score_c":12,"score_d":null,"score_e":6,"valid_max":65,"total":53,"f1":true,"f5":true} 
[2026-09-20 13:10:50] local.INFO: [B-13] 市場過小評価フラグ {"date":"2026-09-20","kaisuu":4,"basho_code":"09","day":6,"race":7,"num":11,"total_score":53,"score_a":25,"score_c":12,"valid_max":65,"undereval":false} 
[2026-09-20 13:10:50] local.DEBUG: [Block10] market_score {"num":12,"score_a":0,"score_b":5,"score_c":0,"score_d":null,"score_e":0,"valid_max":65,"total":6,"f1":false,"f5":false} 
[2026-09-20 13:10:50] local.INFO: [B-13] 市場過小評価フラグ {"date":"2026-09-20","kaisuu":4,"basho_code":"09","day":6,"race":7,"num":12,"total_score":6,"score_a":0,"score_c":0,"valid_max":65,"undereval":false} 
[2026-09-20 13:10:56] local.WARNING: [B-7] DeepSeek形式不正（再試行禁止）、1st AI単独継続 {"date":"2026-09-20","kaisuu":"4","basho":"09","day":"6","race":"7","text":"厳選穴レース|0
レース指標|波乱度: 2|下位進入度: 2|大穴進入度: 1

馬番：6、馬名：テーオーカイザー、人気順: 2、6分前オッズ: 4.5、おすすめ度: 73、選出理由：能力適性:B（76点）。複勝流入ランク1位/3頭中で短縮率+14.3%と複勝が継続下落し、複勝最小1.2倍と安定支持が厚い。単勝も-11.8%下落で単複二重の資金流入が確認でき、OPI0.98・予測補正OPI1.02"} 
[2026-09-20 13:10:56] local.ERROR: [Block14] ai_merge_result UPSERT failed {"err":"SQLSTATE[42S22]: Column not found: 1054 Unknown column 'updated_at' in 'field list' (SQL: INSERT INTO t_horse_odds_finder_ai_merge_result (date, kaisuu, basho, basho_code, day, race, race_name, merge_result) VALUES (2026-09-20, 4, 阪神, 09, 6, 7, 3歳以上1勝クラス[指定], {\"upset_race\":0,\"gap_type\":\"A\",\"wave_level\":null,\"lower_entry\":null,\"big_gap_entry\":null,\"merged_horses\":[]}) ON DUPLICATE KEY UPDATE   merge_result = VALUES(merge_result),   race_name    = VALUES(race_name),   basho        = VALUES(basho),   updated_at   = CURRENT_TIMESTAMP)"} 
[2026-09-20 13:10:56] local.DEBUG: [Block11] ml_snapshot saved {"date":"2026-09-20","kaisuu":4,"basho_code":"09","day":6,"race":7,"gap_type":"A","merged_cnt":0} 
[2026-09-20 13:25:25] local.DEBUG: [Block10] market_score {"num":1,"score_a":12,"score_b":0,"score_c":7,"score_d":null,"score_e":null,"valid_max":55,"total":28,"f1":true,"f5":false} 
[2026-09-20 13:25:25] local.INFO: [B-13] 市場過小評価フラグ {"date":"2026-09-20","kaisuu":4,"basho_code":"06","day":6,"race":7,"num":1,"total_score":28,"score_a":12,"score_c":7,"valid_max":55,"undereval":false} 
[2026-09-20 13:25:25] local.DEBUG: [Block10] market_score {"num":2,"score_a":0,"score_b":5,"score_c":0,"score_d":null,"score_e":null,"valid_max":55,"total":7,"f1":false,"f5":false} 
[2026-09-20 13:25:25] local.INFO: [B-13] 市場過小評価フラグ {"date":"2026-09-20","kaisuu":4,"basho_code":"06","day":6,"race":7,"num":2,"total_score":7,"score_a":0,"score_c":0,"valid_max":55,"undereval":false} 
[2026-09-20 13:25:25] local.DEBUG: [Block10] market_score {"num":3,"score_a":0,"score_b":0,"score_c":0,"score_d":null,"score_e":null,"valid_max":55,"total":0,"f1":false,"f5":false} 
[2026-09-20 13:25:25] local.INFO: [B-13] 市場過小評価フラグ {"date":"2026-09-20","kaisuu":4,"basho_code":"06","day":6,"race":7,"num":3,"total_score":0,"score_a":0,"score_c":0,"valid_max":55,"undereval":false} 
[2026-09-20 13:25:25] local.DEBUG: [Block10] market_score {"num":4,"score_a":0,"score_b":5,"score_c":0,"score_d":null,"score_e":null,"valid_max":55,"total":7,"f1":false,"f5":false} 
[2026-09-20 13:25:25] local.INFO: [B-13] 市場過小評価フラグ {"date":"2026-09-20","kaisuu":4,"basho_code":"06","day":6,"race":7,"num":4,"total_score":7,"score_a":0,"score_c":0,"valid_max":55,"undereval":false} 
[2026-09-20 13:25:25] local.DEBUG: [Block10] market_score {"num":5,"score_a":0,"score_b":0,"score_c":0,"score_d":null,"score_e":null,"valid_max":55,"total":0,"f1":false,"f5":false} 
[2026-09-20 13:25:25] local.INFO: [B-13] 市場過小評価フラグ {"date":"2026-09-20","kaisuu":4,"basho_code":"06","day":6,"race":7,"num":5,"total_score":0,"score_a":0,"score_c":0,"valid_max":55,"undereval":false} 
[2026-09-20 13:25:25] local.DEBUG: [Block10] market_score {"num":6,"score_a":25,"score_b":0,"score_c":3,"score_d":null,"score_e":null,"valid_max":55,"total":41,"f1":true,"f5":false} 
[2026-09-20 13:25:25] local.INFO: [B-13] 市場過小評価フラグ {"date":"2026-09-20","kaisuu":4,"basho_code":"06","day":6,"race":7,"num":6,"total_score":41,"score_a":25,"score_c":3,"valid_max":55,"undereval":false} 
[2026-09-20 13:25:25] local.DEBUG: [Block10] market_score {"num":7,"score_a":0,"score_b":0,"score_c":0,"score_d":null,"score_e":null,"valid_max":55,"total":0,"f1":false,"f5":false} 
[2026-09-20 13:25:25] local.INFO: [B-13] 市場過小評価フラグ {"date":"2026-09-20","kaisuu":4,"basho_code":"06","day":6,"race":7,"num":7,"total_score":0,"score_a":0,"score_c":0,"valid_max":55,"undereval":false} 
[2026-09-20 13:25:25] local.DEBUG: [Block10] market_score {"num":8,"score_a":12,"score_b":0,"score_c":0,"score_d":null,"score_e":null,"valid_max":55,"total":17,"f1":true,"f5":false} 
[2026-09-20 13:25:25] local.INFO: [B-13] 市場過小評価フラグ {"date":"2026-09-20","kaisuu":4,"basho_code":"06","day":6,"race":7,"num":8,"total_score":17,"score_a":12,"score_c":0,"valid_max":55,"undereval":false} 
[2026-09-20 13:25:25] local.DEBUG: [Block10] market_score {"num":9,"score_a":0,"score_b":10,"score_c":0,"score_d":null,"score_e":null,"valid_max":55,"total":15,"f1":false,"f5":false} 
[2026-09-20 13:25:25] local.INFO: [B-13] 市場過小評価フラグ {"date":"2026-09-20","kaisuu":4,"basho_code":"06","day":6,"race":7,"num":9,"total_score":15,"score_a":0,"score_c":0,"valid_max":55,"undereval":false} 
[2026-09-20 13:25:25] local.DEBUG: [Block10] market_score {"num":10,"score_a":0,"score_b":0,"score_c":0,"score_d":null,"score_e":null,"valid_max":55,"total":0,"f1":false,"f5":false} 
[2026-09-20 13:25:25] local.INFO: [B-13] 市場過小評価フラグ {"date":"2026-09-20","kaisuu":4,"basho_code":"06","day":6,"race":7,"num":10,"total_score":0,"score_a":0,"score_c":0,"valid_max":55,"undereval":false} 
[2026-09-20 13:25:25] local.DEBUG: [Block10] market_score {"num":11,"score_a":0,"score_b":0,"score_c":7,"score_d":null,"score_e":null,"valid_max":55,"total":10,"f1":false,"f5":false} 
[2026-09-20 13:25:25] local.INFO: [B-13] 市場過小評価フラグ {"date":"2026-09-20","kaisuu":4,"basho_code":"06","day":6,"race":7,"num":11,"total_score":10,"score_a":0,"score_c":7,"valid_max":55,"undereval":false} 
[2026-09-20 13:25:25] local.DEBUG: [Block10] market_score {"num":12,"score_a":0,"score_b":0,"score_c":3,"score_d":null,"score_e":null,"valid_max":55,"total":4,"f1":false,"f5":false} 
[2026-09-20 13:25:25] local.INFO: [B-13] 市場過小評価フラグ {"date":"2026-09-20","kaisuu":4,"basho_code":"06","day":6,"race":7,"num":12,"total_score":4,"score_a":0,"score_c":3,"valid_max":55,"undereval":false} 
[2026-09-20 13:25:25] local.DEBUG: [Block10] market_score {"num":13,"score_a":0,"score_b":0,"score_c":0,"score_d":null,"score_e":null,"valid_max":55,"total":0,"f1":false,"f5":false} 
[2026-09-20 13:25:25] local.INFO: [B-13] 市場過小評価フラグ {"date":"2026-09-20","kaisuu":4,"basho_code":"06","day":6,"race":7,"num":13,"total_score":0,"score_a":0,"score_c":0,"valid_max":55,"undereval":false} 
[2026-09-20 13:25:25] local.DEBUG: [Block10] market_score {"num":14,"score_a":0,"score_b":0,"score_c":0,"score_d":null,"score_e":null,"valid_max":55,"total":0,"f1":false,"f5":false} 
[2026-09-20 13:25:25] local.INFO: [B-13] 市場過小評価フラグ {"date":"2026-09-20","kaisuu":4,"basho_code":"06","day":6,"race":7,"num":14,"total_score":0,"score_a":0,"score_c":0,"valid_max":55,"undereval":false} 
[2026-09-20 13:25:25] local.DEBUG: [Block10] market_score {"num":15,"score_a":0,"score_b":0,"score_c":0,"score_d":null,"score_e":null,"valid_max":55,"total":0,"f1":false,"f5":false} 
[2026-09-20 13:25:25] local.INFO: [B-13] 市場過小評価フラグ {"date":"2026-09-20","kaisuu":4,"basho_code":"06","day":6,"race":7,"num":15,"total_score":0,"score_a":0,"score_c":0,"valid_max":55,"undereval":false} 
[2026-09-20 13:25:25] local.DEBUG: [Block10] market_score {"num":16,"score_a":0,"score_b":0,"score_c":3,"score_d":null,"score_e":null,"valid_max":55,"total":4,"f1":false,"f5":false} 
[2026-09-20 13:25:25] local.INFO: [B-13] 市場過小評価フラグ {"date":"2026-09-20","kaisuu":4,"basho_code":"06","day":6,"race":7,"num":16,"total_score":4,"score_a":0,"score_c":3,"valid_max":55,"undereval":false} 
[2026-09-20 13:25:25] local.DEBUG: [Block10] market_score {"num":17,"score_a":0,"score_b":0,"score_c":0,"score_d":null,"score_e":null,"valid_max":55,"total":0,"f1":false,"f5":false} 
[2026-09-20 13:25:25] local.INFO: [B-13] 市場過小評価フラグ {"date":"2026-09-20","kaisuu":4,"basho_code":"06","day":6,"race":7,"num":17,"total_score":0,"score_a":0,"score_c":0,"valid_max":55,"undereval":false} 
[2026-09-20 13:25:25] local.DEBUG: [Block10] market_score {"num":18,"score_a":0,"score_b":0,"score_c":0,"score_d":null,"score_e":null,"valid_max":55,"total":0,"f1":false,"f5":false} 
[2026-09-20 13:25:25] local.INFO: [B-13] 市場過小評価フラグ {"date":"2026-09-20","kaisuu":4,"basho_code":"06","day":6,"race":7,"num":18,"total_score":0,"score_a":0,"score_c":0,"valid_max":55,"undereval":false} 
[2026-09-20 13:25:30] local.WARNING: [B-7] DeepSeek形式不正（再試行禁止）、1st AI単独継続 {"date":"2026-09-20","kaisuu":"4","basho":"06","day":"6","race":"7","text":"厳選穴レース|0
レース指標|波乱度: 4|下位進入度: 2|大穴進入度: 1
馬番：11、馬名：エピックフライト、人気順: 1、6分前オッズ: 3.1、おすすめ度: 78、選出理由：能力適性:B（78点）。新馬戦を中山2000mで1着、複勝OPI0.76で妙味あり、複勝オッズが1.7-2.2倍と安定、単複比1.8で複勝支持が厚く、類似統計の3着以内率62.5%・5着以内率77.4%、OPI帯別回"} 
[2026-09-20 13:25:30] local.ERROR: [Block14] ai_merge_result UPSERT failed {"err":"SQLSTATE[42S22]: Column not found: 1054 Unknown column 'updated_at' in 'field list' (SQL: INSERT INTO t_horse_odds_finder_ai_merge_result (date, kaisuu, basho, basho_code, day, race, race_name, merge_result) VALUES (2026-09-20, 4, 中山, 06, 6, 7, 3歳以上1勝クラス（混合）［指定］, {\"upset_race\":0,\"gap_type\":\"D\",\"wave_level\":null,\"lower_entry\":null,\"big_gap_entry\":null,\"merged_horses\":[]}) ON DUPLICATE KEY UPDATE   merge_result = VALUES(merge_result),   race_name    = VALUES(race_name),   basho        = VALUES(basho),   updated_at   = CURRENT_TIMESTAMP)"} 
[2026-09-20 13:25:30] local.DEBUG: [Block11] ml_snapshot saved {"date":"2026-09-20","kaisuu":4,"basho_code":"06","day":6,"race":7,"gap_type":"D","merged_cnt":0} 
[2026-09-20 13:40:04] local.DEBUG: [Block10] market_score {"num":1,"score_a":25,"score_b":5,"score_c":0,"score_d":null,"score_e":6,"valid_max":65,"total":44,"f1":true,"f5":true} 
[2026-09-20 13:40:04] local.INFO: [B-13] 市場過小評価フラグ {"date":"2026-09-20","kaisuu":4,"basho_code":"09","day":6,"race":8,"num":1,"total_score":44,"score_a":25,"score_c":0,"valid_max":65,"undereval":false} 
[2026-09-20 13:40:04] local.DEBUG: [Block10] market_score {"num":2,"score_a":0,"score_b":0,"score_c":3,"score_d":null,"score_e":0,"valid_max":65,"total":4,"f1":false,"f5":false} 
[2026-09-20 13:40:04] local.INFO: [B-13] 市場過小評価フラグ {"date":"2026-09-20","kaisuu":4,"basho_code":"09","day":6,"race":8,"num":2,"total_score":4,"score_a":0,"score_c":3,"valid_max":65,"undereval":false} 
[2026-09-20 13:40:04] local.DEBUG: [Block10] market_score {"num":3,"score_a":0,"score_b":0,"score_c":0,"score_d":null,"score_e":0,"valid_max":65,"total":0,"f1":false,"f5":false} 
[2026-09-20 13:40:04] local.INFO: [B-13] 市場過小評価フラグ {"date":"2026-09-20","kaisuu":4,"basho_code":"09","day":6,"race":8,"num":3,"total_score":0,"score_a":0,"score_c":0,"valid_max":65,"undereval":false} 
[2026-09-20 13:40:04] local.DEBUG: [Block10] market_score {"num":4,"score_a":0,"score_b":0,"score_c":0,"score_d":null,"score_e":0,"valid_max":65,"total":0,"f1":false,"f5":false} 
[2026-09-20 13:40:04] local.INFO: [B-13] 市場過小評価フラグ {"date":"2026-09-20","kaisuu":4,"basho_code":"09","day":6,"race":8,"num":4,"total_score":0,"score_a":0,"score_c":0,"valid_max":65,"undereval":false} 
[2026-09-20 13:40:04] local.DEBUG: [Block10] market_score {"num":5,"score_a":0,"score_b":0,"score_c":0,"score_d":null,"score_e":0,"valid_max":65,"total":0,"f1":false,"f5":false} 
[2026-09-20 13:40:04] local.INFO: [B-13] 市場過小評価フラグ {"date":"2026-09-20","kaisuu":4,"basho_code":"09","day":6,"race":8,"num":5,"total_score":0,"score_a":0,"score_c":0,"valid_max":65,"undereval":false} 
[2026-09-20 13:40:04] local.DEBUG: [Block10] market_score {"num":6,"score_a":0,"score_b":0,"score_c":0,"score_d":null,"score_e":0,"valid_max":65,"total":0,"f1":false,"f5":false} 
[2026-09-20 13:40:04] local.INFO: [B-13] 市場過小評価フラグ {"date":"2026-09-20","kaisuu":4,"basho_code":"09","day":6,"race":8,"num":6,"total_score":0,"score_a":0,"score_c":0,"valid_max":65,"undereval":false} 
[2026-09-20 13:40:04] local.DEBUG: [Block10] market_score {"num":7,"score_a":12,"score_b":0,"score_c":7,"score_d":null,"score_e":6,"valid_max":65,"total":31,"f1":true,"f5":true} 
[2026-09-20 13:40:04] local.INFO: [B-13] 市場過小評価フラグ {"date":"2026-09-20","kaisuu":4,"basho_code":"09","day":6,"race":8,"num":7,"total_score":31,"score_a":12,"score_c":7,"valid_max":65,"undereval":false} 
[2026-09-20 13:40:04] local.DEBUG: [Block10] market_score {"num":8,"score_a":0,"score_b":0,"score_c":0,"score_d":null,"score_e":0,"valid_max":65,"total":0,"f1":false,"f5":false} 
[2026-09-20 13:40:04] local.INFO: [B-13] 市場過小評価フラグ {"date":"2026-09-20","kaisuu":4,"basho_code":"09","day":6,"race":8,"num":8,"total_score":0,"score_a":0,"score_c":0,"valid_max":65,"undereval":false} 
[2026-09-20 13:40:04] local.DEBUG: [Block10] market_score {"num":9,"score_a":0,"score_b":5,"score_c":0,"score_d":null,"score_e":0,"valid_max":65,"total":6,"f1":false,"f5":false} 
[2026-09-20 13:40:04] local.INFO: [B-13] 市場過小評価フラグ {"date":"2026-09-20","kaisuu":4,"basho_code":"09","day":6,"race":8,"num":9,"total_score":6,"score_a":0,"score_c":0,"valid_max":65,"undereval":false} 
[2026-09-20 13:40:04] local.DEBUG: [Block10] market_score {"num":10,"score_a":25,"score_b":0,"score_c":3,"score_d":null,"score_e":6,"valid_max":65,"total":42,"f1":true,"f5":true} 
[2026-09-20 13:40:04] local.INFO: [B-13] 市場過小評価フラグ {"date":"2026-09-20","kaisuu":4,"basho_code":"09","day":6,"race":8,"num":10,"total_score":42,"score_a":25,"score_c":3,"valid_max":65,"undereval":false} 
[2026-09-20 13:40:04] local.DEBUG: [Block10] market_score {"num":11,"score_a":0,"score_b":0,"score_c":0,"score_d":null,"score_e":0,"valid_max":65,"total":0,"f1":false,"f5":false} 
[2026-09-20 13:40:04] local.INFO: [B-13] 市場過小評価フラグ {"date":"2026-09-20","kaisuu":4,"basho_code":"09","day":6,"race":8,"num":11,"total_score":0,"score_a":0,"score_c":0,"valid_max":65,"undereval":false} 
[2026-09-20 13:40:04] local.DEBUG: [Block10] market_score {"num":12,"score_a":0,"score_b":0,"score_c":3,"score_d":null,"score_e":0,"valid_max":65,"total":4,"f1":false,"f5":false} 
[2026-09-20 13:40:04] local.INFO: [B-13] 市場過小評価フラグ {"date":"2026-09-20","kaisuu":4,"basho_code":"09","day":6,"race":8,"num":12,"total_score":4,"score_a":0,"score_c":3,"valid_max":65,"undereval":false} 
[2026-09-20 13:40:04] local.DEBUG: [Block10] market_score {"num":13,"score_a":25,"score_b":0,"score_c":12,"score_d":null,"score_e":6,"valid_max":65,"total":53,"f1":true,"f5":true} 
[2026-09-20 13:40:04] local.INFO: [B-13] 市場過小評価フラグ {"date":"2026-09-20","kaisuu":4,"basho_code":"09","day":6,"race":8,"num":13,"total_score":53,"score_a":25,"score_c":12,"valid_max":65,"undereval":false} 
[2026-09-20 13:40:04] local.DEBUG: [Block10] market_score {"num":14,"score_a":0,"score_b":5,"score_c":0,"score_d":null,"score_e":0,"valid_max":65,"total":6,"f1":false,"f5":false} 
[2026-09-20 13:40:04] local.INFO: [B-13] 市場過小評価フラグ {"date":"2026-09-20","kaisuu":4,"basho_code":"09","day":6,"race":8,"num":14,"total_score":6,"score_a":0,"score_c":0,"valid_max":65,"undereval":false} 
[2026-09-20 13:40:04] local.DEBUG: [Block10] market_score {"num":15,"score_a":0,"score_b":0,"score_c":3,"score_d":null,"score_e":0,"valid_max":65,"total":4,"f1":false,"f5":false} 
[2026-09-20 13:40:04] local.INFO: [B-13] 市場過小評価フラグ {"date":"2026-09-20","kaisuu":4,"basho_code":"09","day":6,"race":8,"num":15,"total_score":4,"score_a":0,"score_c":3,"valid_max":65,"undereval":false} 
[2026-09-20 13:40:09] local.WARNING: [B-7] DeepSeek形式不正（再試行禁止）、1st AI単独継続 {"date":"2026-09-20","kaisuu":"4","basho":"09","day":"6","race":"8","text":"厳選穴レース|0
レース指標|波乱度: 2|下位進入度: 2|大穴進入度: 1
馬番：11、馬名：リアンマヒナ、人気順: 1、6分前オッズ: 2.1、おすすめ度: 78、選出理由：能力適性:A（84点）。単勝が2.6→2.1倍へ下落し1〜3人気グループ単勝流入ランク1位。複勝も1.2→1.1倍で最多支持が継続。1〜2番人気間に比率2.81の強い断層が安定維持され断層上側の最上位に位置する。推定確定"} 
[2026-09-20 13:40:10] local.ERROR: [Block14] ai_merge_result UPSERT failed {"err":"SQLSTATE[42S22]: Column not found: 1054 Unknown column 'updated_at' in 'field list' (SQL: INSERT INTO t_horse_odds_finder_ai_merge_result (date, kaisuu, basho, basho_code, day, race, race_name, merge_result) VALUES (2026-09-20, 4, 阪神, 09, 6, 8, 3歳以上1勝クラス（混合）［指定］, {\"upset_race\":0,\"gap_type\":\"A\",\"wave_level\":null,\"lower_entry\":null,\"big_gap_entry\":null,\"merged_horses\":[]}) ON DUPLICATE KEY UPDATE   merge_result = VALUES(merge_result),   race_name    = VALUES(race_name),   basho        = VALUES(basho),   updated_at   = CURRENT_TIMESTAMP)"} 
[2026-09-20 13:40:10] local.DEBUG: [Block11] ml_snapshot saved {"date":"2026-09-20","kaisuu":4,"basho_code":"09","day":6,"race":8,"gap_type":"A","merged_cnt":0} 
[2026-09-20 13:55:34] local.DEBUG: [Block10] market_score {"num":1,"score_a":0,"score_b":0,"score_c":15,"score_d":null,"score_e":null,"valid_max":55,"total":22,"f1":false,"f5":false} 
[2026-09-20 13:55:34] local.INFO: [B-13] 市場過小評価フラグ {"date":"2026-09-20","kaisuu":4,"basho_code":"06","day":6,"race":8,"num":1,"total_score":22,"score_a":0,"score_c":15,"valid_max":55,"undereval":false} 
[2026-09-20 13:55:34] local.DEBUG: [Block10] market_score {"num":2,"score_a":0,"score_b":0,"score_c":0,"score_d":null,"score_e":null,"valid_max":55,"total":0,"f1":false,"f5":false} 
[2026-09-20 13:55:34] local.INFO: [B-13] 市場過小評価フラグ {"date":"2026-09-20","kaisuu":4,"basho_code":"06","day":6,"race":8,"num":2,"total_score":0,"score_a":0,"score_c":0,"valid_max":55,"undereval":false} 
[2026-09-20 13:55:34] local.DEBUG: [Block10] market_score {"num":3,"score_a":0,"score_b":0,"score_c":0,"score_d":null,"score_e":null,"valid_max":55,"total":0,"f1":false,"f5":false} 
[2026-09-20 13:55:34] local.INFO: [B-13] 市場過小評価フラグ {"date":"2026-09-20","kaisuu":4,"basho_code":"06","day":6,"race":8,"num":3,"total_score":0,"score_a":0,"score_c":0,"valid_max":55,"undereval":false} 
[2026-09-20 13:55:34] local.DEBUG: [Block10] market_score {"num":4,"score_a":0,"score_b":0,"score_c":12,"score_d":null,"score_e":null,"valid_max":55,"total":17,"f1":false,"f5":false} 
[2026-09-20 13:55:34] local.INFO: [B-13] 市場過小評価フラグ {"date":"2026-09-20","kaisuu":4,"basho_code":"06","day":6,"race":8,"num":4,"total_score":17,"score_a":0,"score_c":12,"valid_max":55,"undereval":false} 
[2026-09-20 13:55:34] local.DEBUG: [Block10] market_score {"num":5,"score_a":0,"score_b":0,"score_c":0,"score_d":null,"score_e":null,"valid_max":55,"total":0,"f1":false,"f5":false} 
[2026-09-20 13:55:34] local.INFO: [B-13] 市場過小評価フラグ {"date":"2026-09-20","kaisuu":4,"basho_code":"06","day":6,"race":8,"num":5,"total_score":0,"score_a":0,"score_c":0,"valid_max":55,"undereval":false} 
[2026-09-20 13:55:34] local.DEBUG: [Block10] market_score {"num":6,"score_a":0,"score_b":0,"score_c":0,"score_d":null,"score_e":null,"valid_max":55,"total":0,"f1":false,"f5":false} 
[2026-09-20 13:55:34] local.INFO: [B-13] 市場過小評価フラグ {"date":"2026-09-20","kaisuu":4,"basho_code":"06","day":6,"race":8,"num":6,"total_score":0,"score_a":0,"score_c":0,"valid_max":55,"undereval":false} 
[2026-09-20 13:55:34] local.DEBUG: [Block10] market_score {"num":7,"score_a":0,"score_b":0,"score_c":0,"score_d":null,"score_e":null,"valid_max":55,"total":0,"f1":false,"f5":false} 
[2026-09-20 13:55:34] local.INFO: [B-13] 市場過小評価フラグ {"date":"2026-09-20","kaisuu":4,"basho_code":"06","day":6,"race":8,"num":7,"total_score":0,"score_a":0,"score_c":0,"valid_max":55,"undereval":false} 
[2026-09-20 13:55:34] local.DEBUG: [Block10] market_score {"num":8,"score_a":0,"score_b":10,"score_c":0,"score_d":null,"score_e":null,"valid_max":55,"total":15,"f1":false,"f5":false} 
[2026-09-20 13:55:34] local.INFO: [B-13] 市場過小評価フラグ {"date":"2026-09-20","kaisuu":4,"basho_code":"06","day":6,"race":8,"num":8,"total_score":15,"score_a":0,"score_c":0,"valid_max":55,"undereval":false} 
[2026-09-20 13:55:34] local.DEBUG: [Block10] market_score {"num":9,"score_a":25,"score_b":0,"score_c":3,"score_d":null,"score_e":null,"valid_max":55,"total":41,"f1":true,"f5":false} 
[2026-09-20 13:55:34] local.INFO: [B-13] 市場過小評価フラグ {"date":"2026-09-20","kaisuu":4,"basho_code":"06","day":6,"race":8,"num":9,"total_score":41,"score_a":25,"score_c":3,"valid_max":55,"undereval":false} 
[2026-09-20 13:55:34] local.DEBUG: [Block10] market_score {"num":10,"score_a":25,"score_b":0,"score_c":0,"score_d":null,"score_e":null,"valid_max":55,"total":36,"f1":true,"f5":false} 
[2026-09-20 13:55:34] local.INFO: [B-13] 市場過小評価フラグ {"date":"2026-09-20","kaisuu":4,"basho_code":"06","day":6,"race":8,"num":10,"total_score":36,"score_a":25,"score_c":0,"valid_max":55,"undereval":false} 
[2026-09-20 13:55:34] local.DEBUG: [Block10] market_score {"num":11,"score_a":0,"score_b":0,"score_c":15,"score_d":null,"score_e":null,"valid_max":55,"total":22,"f1":false,"f5":false} 
[2026-09-20 13:55:34] local.INFO: [B-13] 市場過小評価フラグ {"date":"2026-09-20","kaisuu":4,"basho_code":"06","day":6,"race":8,"num":11,"total_score":22,"score_a":0,"score_c":15,"valid_max":55,"undereval":false} 
[2026-09-20 13:55:34] local.DEBUG: [Block10] market_score {"num":12,"score_a":0,"score_b":0,"score_c":0,"score_d":null,"score_e":null,"valid_max":55,"total":0,"f1":false,"f5":false} 
[2026-09-20 13:55:34] local.INFO: [B-13] 市場過小評価フラグ {"date":"2026-09-20","kaisuu":4,"basho_code":"06","day":6,"race":8,"num":12,"total_score":0,"score_a":0,"score_c":0,"valid_max":55,"undereval":false} 
[2026-09-20 13:55:34] local.DEBUG: [Block10] market_score {"num":13,"score_a":0,"score_b":0,"score_c":0,"score_d":null,"score_e":null,"valid_max":55,"total":0,"f1":false,"f5":false} 
[2026-09-20 13:55:34] local.INFO: [B-13] 市場過小評価フラグ {"date":"2026-09-20","kaisuu":4,"basho_code":"06","day":6,"race":8,"num":13,"total_score":0,"score_a":0,"score_c":0,"valid_max":55,"undereval":false} 
[2026-09-20 13:55:34] local.DEBUG: [Block10] market_score {"num":14,"score_a":0,"score_b":10,"score_c":0,"score_d":null,"score_e":null,"valid_max":55,"total":15,"f1":false,"f5":false} 
[2026-09-20 13:55:34] local.INFO: [B-13] 市場過小評価フラグ {"date":"2026-09-20","kaisuu":4,"basho_code":"06","day":6,"race":8,"num":14,"total_score":15,"score_a":0,"score_c":0,"valid_max":55,"undereval":false} 
[2026-09-20 13:55:34] local.DEBUG: [Block10] market_score {"num":15,"score_a":18,"score_b":0,"score_c":0,"score_d":null,"score_e":null,"valid_max":55,"total":26,"f1":true,"f5":false} 
[2026-09-20 13:55:34] local.INFO: [B-13] 市場過小評価フラグ {"date":"2026-09-20","kaisuu":4,"basho_code":"06","day":6,"race":8,"num":15,"total_score":26,"score_a":18,"score_c":0,"valid_max":55,"undereval":false} 
[2026-09-20 13:55:34] local.DEBUG: [Block10] market_score {"num":16,"score_a":0,"score_b":0,"score_c":0,"score_d":null,"score_e":null,"valid_max":55,"total":0,"f1":false,"f5":false} 
[2026-09-20 13:55:34] local.INFO: [B-13] 市場過小評価フラグ {"date":"2026-09-20","kaisuu":4,"basho_code":"06","day":6,"race":8,"num":16,"total_score":0,"score_a":0,"score_c":0,"valid_max":55,"undereval":false} 
[2026-09-20 13:55:42] local.WARNING: [B-7] DeepSeek形式不正（再試行禁止）、1st AI単独継続 {"date":"2026-09-20","kaisuu":"4","basho":"06","day":"6","race":"8","text":"厳選穴レース|0
レース指標|波乱度: 4|下位進入度: 3|大穴進入度: 1
馬番：4、馬名：グラティアム、人気順: 1、6分前オッズ: 3.2、おすすめ度: 74、選出理由：能力適性:A（80点）。複勝1.4-1.9倍で最小と最大の幅が狭く支持安定、複勝流入ランク2位で複勝オッズは下落方向。推定確定3.0倍は6分前より下落補正で直前人気集中傾向。OPI0.81・予測補正OPI0.85で市場評価"} 
[2026-09-20 13:55:42] local.ERROR: [Block14] ai_merge_result UPSERT failed {"err":"SQLSTATE[42S22]: Column not found: 1054 Unknown column 'updated_at' in 'field list' (SQL: INSERT INTO t_horse_odds_finder_ai_merge_result (date, kaisuu, basho, basho_code, day, race, race_name, merge_result) VALUES (2026-09-20, 4, 中山, 06, 6, 8, 3歳以上1勝クラス牝［指定］, {\"upset_race\":0,\"gap_type\":\"E\",\"wave_level\":null,\"lower_entry\":null,\"big_gap_entry\":null,\"merged_horses\":[]}) ON DUPLICATE KEY UPDATE   merge_result = VALUES(merge_result),   race_name    = VALUES(race_name),   basho        = VALUES(basho),   updated_at   = CURRENT_TIMESTAMP)"} 
[2026-09-20 13:55:42] local.DEBUG: [Block11] ml_snapshot saved {"date":"2026-09-20","kaisuu":4,"basho_code":"06","day":6,"race":8,"gap_type":"E","merged_cnt":0} 
[2026-09-20 14:12:59] local.DEBUG: [Block10] market_score {"num":1,"score_a":0,"score_b":5,"score_c":3,"score_d":null,"score_e":0,"valid_max":65,"total":10,"f1":false,"f5":false} 
[2026-09-20 14:12:59] local.INFO: [B-13] 市場過小評価フラグ {"date":"2026-09-20","kaisuu":4,"basho_code":"09","day":6,"race":9,"num":1,"total_score":10,"score_a":0,"score_c":3,"valid_max":65,"undereval":false} 
[2026-09-20 14:12:59] local.DEBUG: [Block10] market_score {"num":2,"score_a":0,"score_b":0,"score_c":0,"score_d":null,"score_e":0,"valid_max":65,"total":0,"f1":false,"f5":false} 
[2026-09-20 14:12:59] local.INFO: [B-13] 市場過小評価フラグ {"date":"2026-09-20","kaisuu":4,"basho_code":"09","day":6,"race":9,"num":2,"total_score":0,"score_a":0,"score_c":0,"valid_max":65,"undereval":false} 
[2026-09-20 14:12:59] local.DEBUG: [Block10] market_score {"num":3,"score_a":0,"score_b":0,"score_c":15,"score_d":null,"score_e":0,"valid_max":65,"total":18,"f1":false,"f5":false} 
[2026-09-20 14:12:59] local.INFO: [B-13] 市場過小評価フラグ {"date":"2026-09-20","kaisuu":4,"basho_code":"09","day":6,"race":9,"num":3,"total_score":18,"score_a":0,"score_c":15,"valid_max":65,"undereval":false} 
[2026-09-20 14:12:59] local.DEBUG: [Block10] market_score {"num":4,"score_a":0,"score_b":0,"score_c":0,"score_d":null,"score_e":0,"valid_max":65,"total":0,"f1":false,"f5":false} 
[2026-09-20 14:12:59] local.INFO: [B-13] 市場過小評価フラグ {"date":"2026-09-20","kaisuu":4,"basho_code":"09","day":6,"race":9,"num":4,"total_score":0,"score_a":0,"score_c":0,"valid_max":65,"undereval":false} 
[2026-09-20 14:12:59] local.DEBUG: [Block10] market_score {"num":5,"score_a":25,"score_b":5,"score_c":3,"score_d":null,"score_e":6,"valid_max":65,"total":48,"f1":true,"f5":true} 
[2026-09-20 14:12:59] local.INFO: [B-13] 市場過小評価フラグ {"date":"2026-09-20","kaisuu":4,"basho_code":"09","day":6,"race":9,"num":5,"total_score":48,"score_a":25,"score_c":3,"valid_max":65,"undereval":false} 
[2026-09-20 14:12:59] local.DEBUG: [Block10] market_score {"num":6,"score_a":0,"score_b":0,"score_c":3,"score_d":null,"score_e":0,"valid_max":65,"total":4,"f1":false,"f5":false} 
[2026-09-20 14:12:59] local.INFO: [B-13] 市場過小評価フラグ {"date":"2026-09-20","kaisuu":4,"basho_code":"09","day":6,"race":9,"num":6,"total_score":4,"score_a":0,"score_c":3,"valid_max":65,"undereval":false} 
[2026-09-20 14:12:59] local.DEBUG: [Block10] market_score {"num":7,"score_a":0,"score_b":0,"score_c":12,"score_d":null,"score_e":0,"valid_max":65,"total":15,"f1":false,"f5":false} 
[2026-09-20 14:12:59] local.INFO: [B-13] 市場過小評価フラグ {"date":"2026-09-20","kaisuu":4,"basho_code":"09","day":6,"race":9,"num":7,"total_score":15,"score_a":0,"score_c":12,"valid_max":65,"undereval":false} 
[2026-09-20 14:12:59] local.DEBUG: [Block10] market_score {"num":8,"score_a":0,"score_b":0,"score_c":0,"score_d":null,"score_e":0,"valid_max":65,"total":0,"f1":false,"f5":false} 
[2026-09-20 14:12:59] local.INFO: [B-13] 市場過小評価フラグ {"date":"2026-09-20","kaisuu":4,"basho_code":"09","day":6,"race":9,"num":8,"total_score":0,"score_a":0,"score_c":0,"valid_max":65,"undereval":false} 
[2026-09-20 14:12:59] local.DEBUG: [Block10] market_score {"num":9,"score_a":0,"score_b":0,"score_c":3,"score_d":null,"score_e":0,"valid_max":65,"total":4,"f1":false,"f5":false} 
[2026-09-20 14:12:59] local.INFO: [B-13] 市場過小評価フラグ {"date":"2026-09-20","kaisuu":4,"basho_code":"09","day":6,"race":9,"num":9,"total_score":4,"score_a":0,"score_c":3,"valid_max":65,"undereval":false} 
[2026-09-20 14:12:59] local.DEBUG: [Block10] market_score {"num":10,"score_a":0,"score_b":0,"score_c":15,"score_d":null,"score_e":0,"valid_max":65,"total":18,"f1":false,"f5":false} 
[2026-09-20 14:12:59] local.INFO: [B-13] 市場過小評価フラグ {"date":"2026-09-20","kaisuu":4,"basho_code":"09","day":6,"race":9,"num":10,"total_score":18,"score_a":0,"score_c":15,"valid_max":65,"undereval":false} 
[2026-09-20 14:13:05] local.WARNING: [B-7] DeepSeek形式不正（再試行禁止）、1st AI単独継続 {"date":"2026-09-20","kaisuu":"4","basho":"09","day":"6","race":"9","text":"厳選穴レース|0
レース指標|波乱度: 3|下位進入度: 2|大穴進入度: 1
馬番：6、馬名：ガーネットフレア、人気順: 2、6分前オッズ: 4.7、おすすめ度: 78、選出理由：能力適性:B（76点）。複勝流入ランク1位で複勝オッズが1.7-2.9から1.5-2.9へ下落、前半上昇・後半下落フェーズの回収率100.5%（サンプル136件）と高水準。類似統計5着以内率75.5%、推定確定4.5倍"} 
[2026-09-20 14:13:05] local.ERROR: [Block14] ai_merge_result UPSERT failed {"err":"SQLSTATE[42S22]: Column not found: 1054 Unknown column 'updated_at' in 'field list' (SQL: INSERT INTO t_horse_odds_finder_ai_merge_result (date, kaisuu, basho, basho_code, day, race, race_name, merge_result) VALUES (2026-09-20, 4, 阪神, 09, 6, 9, 夕月特別, {\"upset_race\":0,\"gap_type\":\"B\",\"wave_level\":null,\"lower_entry\":null,\"big_gap_entry\":null,\"merged_horses\":[]}) ON DUPLICATE KEY UPDATE   merge_result = VALUES(merge_result),   race_name    = VALUES(race_name),   basho        = VALUES(basho),   updated_at   = CURRENT_TIMESTAMP)"} 
[2026-09-20 14:13:05] local.DEBUG: [Block11] ml_snapshot saved {"date":"2026-09-20","kaisuu":4,"basho_code":"09","day":6,"race":9,"gap_type":"B","merged_cnt":0} 
[2026-09-20 15:03:20] local.DEBUG: [Block10] market_score {"num":1,"score_a":12,"score_b":5,"score_c":15,"score_d":null,"score_e":null,"valid_max":55,"total":47,"f1":true,"f5":false} 
[2026-09-20 15:03:20] local.INFO: [B-13] 市場過小評価フラグ {"date":"2026-09-20","kaisuu":4,"basho_code":"06","day":6,"race":10,"num":1,"total_score":47,"score_a":12,"score_c":15,"valid_max":55,"undereval":false} 
[2026-09-20 15:03:20] local.DEBUG: [Block10] market_score {"num":2,"score_a":25,"score_b":0,"score_c":15,"score_d":null,"score_e":null,"valid_max":55,"total":58,"f1":true,"f5":false} 
[2026-09-20 15:03:20] local.INFO: [B-13] 市場過小評価フラグ {"date":"2026-09-20","kaisuu":4,"basho_code":"06","day":6,"race":10,"num":2,"total_score":58,"score_a":25,"score_c":15,"valid_max":55,"undereval":false} 
[2026-09-20 15:03:20] local.DEBUG: [Block10] market_score {"num":3,"score_a":0,"score_b":5,"score_c":0,"score_d":null,"score_e":null,"valid_max":55,"total":7,"f1":false,"f5":false} 
[2026-09-20 15:03:20] local.INFO: [B-13] 市場過小評価フラグ {"date":"2026-09-20","kaisuu":4,"basho_code":"06","day":6,"race":10,"num":3,"total_score":7,"score_a":0,"score_c":0,"valid_max":55,"undereval":false} 
[2026-09-20 15:03:20] local.DEBUG: [Block10] market_score {"num":4,"score_a":0,"score_b":0,"score_c":3,"score_d":null,"score_e":null,"valid_max":55,"total":4,"f1":false,"f5":false} 
[2026-09-20 15:03:20] local.INFO: [B-13] 市場過小評価フラグ {"date":"2026-09-20","kaisuu":4,"basho_code":"06","day":6,"race":10,"num":4,"total_score":4,"score_a":0,"score_c":3,"valid_max":55,"undereval":false} 
[2026-09-20 15:03:20] local.DEBUG: [Block10] market_score {"num":5,"score_a":0,"score_b":0,"score_c":0,"score_d":null,"score_e":null,"valid_max":55,"total":0,"f1":false,"f5":false} 
[2026-09-20 15:03:20] local.INFO: [B-13] 市場過小評価フラグ {"date":"2026-09-20","kaisuu":4,"basho_code":"06","day":6,"race":10,"num":5,"total_score":0,"score_a":0,"score_c":0,"valid_max":55,"undereval":false} 
[2026-09-20 15:03:20] local.DEBUG: [Block10] market_score {"num":6,"score_a":0,"score_b":0,"score_c":3,"score_d":null,"score_e":null,"valid_max":55,"total":4,"f1":false,"f5":false} 
[2026-09-20 15:03:20] local.INFO: [B-13] 市場過小評価フラグ {"date":"2026-09-20","kaisuu":4,"basho_code":"06","day":6,"race":10,"num":6,"total_score":4,"score_a":0,"score_c":3,"valid_max":55,"undereval":false} 
[2026-09-20 15:03:20] local.DEBUG: [Block10] market_score {"num":7,"score_a":0,"score_b":0,"score_c":0,"score_d":null,"score_e":null,"valid_max":55,"total":0,"f1":false,"f5":false} 
[2026-09-20 15:03:20] local.INFO: [B-13] 市場過小評価フラグ {"date":"2026-09-20","kaisuu":4,"basho_code":"06","day":6,"race":10,"num":7,"total_score":0,"score_a":0,"score_c":0,"valid_max":55,"undereval":false} 
[2026-09-20 15:03:20] local.DEBUG: [Block10] market_score {"num":8,"score_a":0,"score_b":0,"score_c":0,"score_d":null,"score_e":null,"valid_max":55,"total":0,"f1":false,"f5":false} 
[2026-09-20 15:03:20] local.INFO: [B-13] 市場過小評価フラグ {"date":"2026-09-20","kaisuu":4,"basho_code":"06","day":6,"race":10,"num":8,"total_score":0,"score_a":0,"score_c":0,"valid_max":55,"undereval":false} 
[2026-09-20 15:03:20] local.DEBUG: [Block10] market_score {"num":9,"score_a":0,"score_b":0,"score_c":15,"score_d":null,"score_e":null,"valid_max":55,"total":22,"f1":false,"f5":false} 
[2026-09-20 15:03:20] local.INFO: [B-13] 市場過小評価フラグ {"date":"2026-09-20","kaisuu":4,"basho_code":"06","day":6,"race":10,"num":9,"total_score":22,"score_a":0,"score_c":15,"valid_max":55,"undereval":false} 
[2026-09-20 15:03:20] local.DEBUG: [Block10] market_score {"num":10,"score_a":0,"score_b":0,"score_c":0,"score_d":null,"score_e":null,"valid_max":55,"total":0,"f1":false,"f5":false} 
[2026-09-20 15:03:20] local.INFO: [B-13] 市場過小評価フラグ {"date":"2026-09-20","kaisuu":4,"basho_code":"06","day":6,"race":10,"num":10,"total_score":0,"score_a":0,"score_c":0,"valid_max":55,"undereval":false} 
[2026-09-20 15:03:20] local.DEBUG: [Block10] market_score {"num":11,"score_a":0,"score_b":0,"score_c":3,"score_d":null,"score_e":null,"valid_max":55,"total":4,"f1":false,"f5":false} 
[2026-09-20 15:03:20] local.INFO: [B-13] 市場過小評価フラグ {"date":"2026-09-20","kaisuu":4,"basho_code":"06","day":6,"race":10,"num":11,"total_score":4,"score_a":0,"score_c":3,"valid_max":55,"undereval":false} 
[2026-09-20 15:03:20] local.DEBUG: [Block10] market_score {"num":12,"score_a":25,"score_b":0,"score_c":7,"score_d":null,"score_e":null,"valid_max":55,"total":47,"f1":true,"f5":false} 
[2026-09-20 15:03:20] local.INFO: [B-13] 市場過小評価フラグ {"date":"2026-09-20","kaisuu":4,"basho_code":"06","day":6,"race":10,"num":12,"total_score":47,"score_a":25,"score_c":7,"valid_max":55,"undereval":false} 
[2026-09-20 15:03:20] local.DEBUG: [Block10] market_score {"num":13,"score_a":0,"score_b":5,"score_c":0,"score_d":null,"score_e":null,"valid_max":55,"total":7,"f1":false,"f5":false} 
[2026-09-20 15:03:20] local.INFO: [B-13] 市場過小評価フラグ {"date":"2026-09-20","kaisuu":4,"basho_code":"06","day":6,"race":10,"num":13,"total_score":7,"score_a":0,"score_c":0,"valid_max":55,"undereval":false} 
[2026-09-20 15:03:20] local.DEBUG: [Block10] market_score {"num":14,"score_a":0,"score_b":0,"score_c":0,"score_d":null,"score_e":null,"valid_max":55,"total":0,"f1":false,"f5":false} 
[2026-09-20 15:03:20] local.INFO: [B-13] 市場過小評価フラグ {"date":"2026-09-20","kaisuu":4,"basho_code":"06","day":6,"race":10,"num":14,"total_score":0,"score_a":0,"score_c":0,"valid_max":55,"undereval":false} 
[2026-09-20 15:03:20] local.DEBUG: [Block10] market_score {"num":15,"score_a":0,"score_b":0,"score_c":12,"score_d":null,"score_e":null,"valid_max":55,"total":17,"f1":false,"f5":false} 
[2026-09-20 15:03:20] local.INFO: [B-13] 市場過小評価フラグ {"date":"2026-09-20","kaisuu":4,"basho_code":"06","day":6,"race":10,"num":15,"total_score":17,"score_a":0,"score_c":12,"valid_max":55,"undereval":false} 
[2026-09-20 15:03:20] local.DEBUG: [Block10] market_score {"num":16,"score_a":0,"score_b":0,"score_c":3,"score_d":null,"score_e":null,"valid_max":55,"total":4,"f1":false,"f5":false} 
[2026-09-20 15:03:20] local.INFO: [B-13] 市場過小評価フラグ {"date":"2026-09-20","kaisuu":4,"basho_code":"06","day":6,"race":10,"num":16,"total_score":4,"score_a":0,"score_c":3,"valid_max":55,"undereval":false} 
[2026-09-20 15:03:26] local.WARNING: [B-7] DeepSeek形式不正（再試行禁止）、1st AI単独継続 {"date":"2026-09-20","kaisuu":"4","basho":"06","day":"6","race":"10","text":"厳選穴レース|0
レース指標|波乱度: 3|下位進入度: 3|大穴進入度: 2
馬番：15、馬名：ブルーマッキンジー、人気順: 2、6分前オッズ: 5.8、おすすめ度: 78、選出理由：能力適性:B（76点）。単勝5.8倍へ18.3%下落・複勝1.6-2.6倍へ20%下落と単複1位の流入で、予測補正OPI0.79の妙味ゾーン。OPI帯別回収率84.0%（N=491）、1〜3人気ながら前後半下落パタ"} 
[2026-09-20 15:03:26] local.ERROR: [Block14] ai_merge_result UPSERT failed {"err":"SQLSTATE[42S22]: Column not found: 1054 Unknown column 'updated_at' in 'field list' (SQL: INSERT INTO t_horse_odds_finder_ai_merge_result (date, kaisuu, basho, basho_code, day, race, race_name, merge_result) VALUES (2026-09-20, 4, 中山, 06, 6, 10, 汐留特別, {\"upset_race\":0,\"gap_type\":\"E\",\"wave_level\":null,\"lower_entry\":null,\"big_gap_entry\":null,\"merged_horses\":[]}) ON DUPLICATE KEY UPDATE   merge_result = VALUES(merge_result),   race_name    = VALUES(race_name),   basho        = VALUES(basho),   updated_at   = CURRENT_TIMESTAMP)"} 
[2026-09-20 15:03:26] local.DEBUG: [Block11] ml_snapshot saved {"date":"2026-09-20","kaisuu":4,"basho_code":"06","day":6,"race":10,"gap_type":"E","merged_cnt":0} 
[2026-09-20 15:04:51] local.DEBUG: [Block10] market_score {"num":1,"score_a":0,"score_b":0,"score_c":0,"score_d":null,"score_e":null,"valid_max":55,"total":0,"f1":false,"f5":false} 
[2026-09-20 15:04:51] local.INFO: [B-13] 市場過小評価フラグ {"date":"2026-09-20","kaisuu":4,"basho_code":"09","day":6,"race":10,"num":1,"total_score":0,"score_a":0,"score_c":0,"valid_max":55,"undereval":false} 
[2026-09-20 15:04:51] local.DEBUG: [Block10] market_score {"num":2,"score_a":0,"score_b":0,"score_c":0,"score_d":null,"score_e":null,"valid_max":55,"total":0,"f1":false,"f5":false} 
[2026-09-20 15:04:51] local.INFO: [B-13] 市場過小評価フラグ {"date":"2026-09-20","kaisuu":4,"basho_code":"09","day":6,"race":10,"num":2,"total_score":0,"score_a":0,"score_c":0,"valid_max":55,"undereval":false} 
[2026-09-20 15:04:51] local.DEBUG: [Block10] market_score {"num":3,"score_a":0,"score_b":5,"score_c":3,"score_d":null,"score_e":null,"valid_max":55,"total":12,"f1":false,"f5":false} 
[2026-09-20 15:04:51] local.INFO: [B-13] 市場過小評価フラグ {"date":"2026-09-20","kaisuu":4,"basho_code":"09","day":6,"race":10,"num":3,"total_score":12,"score_a":0,"score_c":3,"valid_max":55,"undereval":false} 
[2026-09-20 15:04:51] local.DEBUG: [Block10] market_score {"num":4,"score_a":0,"score_b":0,"score_c":0,"score_d":null,"score_e":null,"valid_max":55,"total":0,"f1":false,"f5":false} 
[2026-09-20 15:04:51] local.INFO: [B-13] 市場過小評価フラグ {"date":"2026-09-20","kaisuu":4,"basho_code":"09","day":6,"race":10,"num":4,"total_score":0,"score_a":0,"score_c":0,"valid_max":55,"undereval":false} 
[2026-09-20 15:04:51] local.DEBUG: [Block10] market_score {"num":5,"score_a":0,"score_b":0,"score_c":12,"score_d":null,"score_e":null,"valid_max":55,"total":17,"f1":false,"f5":false} 
[2026-09-20 15:04:51] local.INFO: [B-13] 市場過小評価フラグ {"date":"2026-09-20","kaisuu":4,"basho_code":"09","day":6,"race":10,"num":5,"total_score":17,"score_a":0,"score_c":12,"valid_max":55,"undereval":false} 
[2026-09-20 15:04:51] local.DEBUG: [Block10] market_score {"num":6,"score_a":12,"score_b":0,"score_c":0,"score_d":null,"score_e":null,"valid_max":55,"total":17,"f1":true,"f5":false} 
[2026-09-20 15:04:51] local.INFO: [B-13] 市場過小評価フラグ {"date":"2026-09-20","kaisuu":4,"basho_code":"09","day":6,"race":10,"num":6,"total_score":17,"score_a":12,"score_c":0,"valid_max":55,"undereval":false} 
[2026-09-20 15:04:51] local.DEBUG: [Block10] market_score {"num":7,"score_a":0,"score_b":0,"score_c":0,"score_d":null,"score_e":null,"valid_max":55,"total":0,"f1":false,"f5":false} 
[2026-09-20 15:04:51] local.INFO: [B-13] 市場過小評価フラグ {"date":"2026-09-20","kaisuu":4,"basho_code":"09","day":6,"race":10,"num":7,"total_score":0,"score_a":0,"score_c":0,"valid_max":55,"undereval":false} 
[2026-09-20 15:04:51] local.DEBUG: [Block10] market_score {"num":8,"score_a":0,"score_b":0,"score_c":0,"score_d":null,"score_e":null,"valid_max":55,"total":0,"f1":false,"f5":false} 
[2026-09-20 15:04:51] local.INFO: [B-13] 市場過小評価フラグ {"date":"2026-09-20","kaisuu":4,"basho_code":"09","day":6,"race":10,"num":8,"total_score":0,"score_a":0,"score_c":0,"valid_max":55,"undereval":false} 
[2026-09-20 15:04:51] local.DEBUG: [Block10] market_score {"num":9,"score_a":0,"score_b":0,"score_c":3,"score_d":null,"score_e":null,"valid_max":55,"total":4,"f1":false,"f5":false} 
[2026-09-20 15:04:51] local.INFO: [B-13] 市場過小評価フラグ {"date":"2026-09-20","kaisuu":4,"basho_code":"09","day":6,"race":10,"num":9,"total_score":4,"score_a":0,"score_c":3,"valid_max":55,"undereval":false} 
[2026-09-20 15:04:51] local.DEBUG: [Block10] market_score {"num":10,"score_a":0,"score_b":0,"score_c":3,"score_d":null,"score_e":null,"valid_max":55,"total":4,"f1":false,"f5":false} 
[2026-09-20 15:04:51] local.INFO: [B-13] 市場過小評価フラグ {"date":"2026-09-20","kaisuu":4,"basho_code":"09","day":6,"race":10,"num":10,"total_score":4,"score_a":0,"score_c":3,"valid_max":55,"undereval":false} 
[2026-09-20 15:04:51] local.DEBUG: [Block10] market_score {"num":11,"score_a":0,"score_b":0,"score_c":0,"score_d":null,"score_e":null,"valid_max":55,"total":0,"f1":false,"f5":false} 
[2026-09-20 15:04:51] local.INFO: [B-13] 市場過小評価フラグ {"date":"2026-09-20","kaisuu":4,"basho_code":"09","day":6,"race":10,"num":11,"total_score":0,"score_a":0,"score_c":0,"valid_max":55,"undereval":false} 
[2026-09-20 15:04:51] local.DEBUG: [Block10] market_score {"num":12,"score_a":0,"score_b":0,"score_c":0,"score_d":null,"score_e":null,"valid_max":55,"total":0,"f1":false,"f5":false} 
[2026-09-20 15:04:51] local.INFO: [B-13] 市場過小評価フラグ {"date":"2026-09-20","kaisuu":4,"basho_code":"09","day":6,"race":10,"num":12,"total_score":0,"score_a":0,"score_c":0,"valid_max":55,"undereval":false} 
[2026-09-20 15:04:51] local.DEBUG: [Block10] market_score {"num":13,"score_a":0,"score_b":5,"score_c":0,"score_d":null,"score_e":null,"valid_max":55,"total":7,"f1":false,"f5":false} 
[2026-09-20 15:04:51] local.INFO: [B-13] 市場過小評価フラグ {"date":"2026-09-20","kaisuu":4,"basho_code":"09","day":6,"race":10,"num":13,"total_score":7,"score_a":0,"score_c":0,"valid_max":55,"undereval":false} 
[2026-09-20 15:04:51] local.DEBUG: [Block10] market_score {"num":14,"score_a":0,"score_b":0,"score_c":0,"score_d":null,"score_e":null,"valid_max":55,"total":0,"f1":false,"f5":false} 
[2026-09-20 15:04:51] local.INFO: [B-13] 市場過小評価フラグ {"date":"2026-09-20","kaisuu":4,"basho_code":"09","day":6,"race":10,"num":14,"total_score":0,"score_a":0,"score_c":0,"valid_max":55,"undereval":false} 
[2026-09-20 15:04:51] local.DEBUG: [Block10] market_score {"num":15,"score_a":0,"score_b":0,"score_c":0,"score_d":null,"score_e":null,"valid_max":55,"total":0,"f1":false,"f5":false} 
[2026-09-20 15:04:51] local.INFO: [B-13] 市場過小評価フラグ {"date":"2026-09-20","kaisuu":4,"basho_code":"09","day":6,"race":10,"num":15,"total_score":0,"score_a":0,"score_c":0,"valid_max":55,"undereval":false} 
[2026-09-20 15:04:58] local.WARNING: [B-7] DeepSeek形式不正（再試行禁止）、1st AI単独継続 {"date":"2026-09-20","kaisuu":"4","basho":"09","day":"6","race":"10","text":"厳選穴レース|1
レース指標|波乱度: 4|下位進入度: 3|大穴進入度: 2
馬番：5、馬名：ソルチェリア、人気順: 1、6分前オッズ: 3.4、おすすめ度: 78、選出理由：能力適性:B（74点）。1番人気ながらOPI0.76の妙味ゾーンで複勝OPI0.93も過小評価気味。フェーズパターン別回収率（前半上昇・後半横ばい×1〜3人気）が101.6%と高く、複勝は計測前1.6-2.0倍から6分前1"} 
[2026-09-20 15:04:58] local.ERROR: [Block14] ai_merge_result UPSERT failed {"err":"SQLSTATE[42S22]: Column not found: 1054 Unknown column 'updated_at' in 'field list' (SQL: INSERT INTO t_horse_odds_finder_ai_merge_result (date, kaisuu, basho, basho_code, day, race, race_name, merge_result) VALUES (2026-09-20, 4, 阪神, 09, 6, 10, 鳥取特別, {\"upset_race\":0,\"gap_type\":\"D\",\"wave_level\":null,\"lower_entry\":null,\"big_gap_entry\":null,\"merged_horses\":[]}) ON DUPLICATE KEY UPDATE   merge_result = VALUES(merge_result),   race_name    = VALUES(race_name),   basho        = VALUES(basho),   updated_at   = CURRENT_TIMESTAMP)"} 
[2026-09-20 15:04:58] local.DEBUG: [Block11] ml_snapshot saved {"date":"2026-09-20","kaisuu":4,"basho_code":"09","day":6,"race":10,"gap_type":"D","merged_cnt":0} 
[2026-09-20 15:31:15] local.DEBUG: [Block10] market_score {"num":1,"score_a":0,"score_b":0,"score_c":0,"score_d":null,"score_e":null,"valid_max":55,"total":0,"f1":false,"f5":false} 
[2026-09-20 15:31:15] local.INFO: [B-13] 市場過小評価フラグ {"date":"2026-09-20","kaisuu":4,"basho_code":"09","day":6,"race":11,"num":1,"total_score":0,"score_a":0,"score_c":0,"valid_max":55,"undereval":false} 
[2026-09-20 15:31:15] local.DEBUG: [Block10] market_score {"num":2,"score_a":12,"score_b":0,"score_c":15,"score_d":null,"score_e":null,"valid_max":55,"total":39,"f1":true,"f5":false} 
[2026-09-20 15:31:15] local.INFO: [B-13] 市場過小評価フラグ {"date":"2026-09-20","kaisuu":4,"basho_code":"09","day":6,"race":11,"num":2,"total_score":39,"score_a":12,"score_c":15,"valid_max":55,"undereval":false} 
[2026-09-20 15:31:15] local.DEBUG: [Block10] market_score {"num":3,"score_a":0,"score_b":0,"score_c":0,"score_d":null,"score_e":null,"valid_max":55,"total":0,"f1":false,"f5":false} 
[2026-09-20 15:31:15] local.INFO: [B-13] 市場過小評価フラグ {"date":"2026-09-20","kaisuu":4,"basho_code":"09","day":6,"race":11,"num":3,"total_score":0,"score_a":0,"score_c":0,"valid_max":55,"undereval":false} 
[2026-09-20 15:31:15] local.DEBUG: [Block10] market_score {"num":4,"score_a":25,"score_b":5,"score_c":15,"score_d":null,"score_e":null,"valid_max":55,"total":65,"f1":true,"f5":false} 
[2026-09-20 15:31:15] local.INFO: [B-13] 市場過小評価フラグ {"date":"2026-09-20","kaisuu":4,"basho_code":"09","day":6,"race":11,"num":4,"total_score":65,"score_a":25,"score_c":15,"valid_max":55,"undereval":true} 
[2026-09-20 15:31:15] local.DEBUG: [Block10] market_score {"num":5,"score_a":0,"score_b":0,"score_c":7,"score_d":null,"score_e":null,"valid_max":55,"total":10,"f1":false,"f5":false} 
[2026-09-20 15:31:15] local.INFO: [B-13] 市場過小評価フラグ {"date":"2026-09-20","kaisuu":4,"basho_code":"09","day":6,"race":11,"num":5,"total_score":10,"score_a":0,"score_c":7,"valid_max":55,"undereval":false} 
[2026-09-20 15:31:15] local.DEBUG: [Block10] market_score {"num":6,"score_a":0,"score_b":0,"score_c":0,"score_d":null,"score_e":null,"valid_max":55,"total":0,"f1":false,"f5":false} 
[2026-09-20 15:31:15] local.INFO: [B-13] 市場過小評価フラグ {"date":"2026-09-20","kaisuu":4,"basho_code":"09","day":6,"race":11,"num":6,"total_score":0,"score_a":0,"score_c":0,"valid_max":55,"undereval":false} 
[2026-09-20 15:31:15] local.DEBUG: [Block10] market_score {"num":7,"score_a":12,"score_b":0,"score_c":0,"score_d":null,"score_e":null,"valid_max":55,"total":17,"f1":true,"f5":false} 
[2026-09-20 15:31:15] local.INFO: [B-13] 市場過小評価フラグ {"date":"2026-09-20","kaisuu":4,"basho_code":"09","day":6,"race":11,"num":7,"total_score":17,"score_a":12,"score_c":0,"valid_max":55,"undereval":false} 
[2026-09-20 15:31:15] local.DEBUG: [Block10] market_score {"num":8,"score_a":0,"score_b":0,"score_c":0,"score_d":null,"score_e":null,"valid_max":55,"total":0,"f1":false,"f5":false} 
[2026-09-20 15:31:15] local.INFO: [B-13] 市場過小評価フラグ {"date":"2026-09-20","kaisuu":4,"basho_code":"09","day":6,"race":11,"num":8,"total_score":0,"score_a":0,"score_c":0,"valid_max":55,"undereval":false} 
[2026-09-20 15:31:15] local.DEBUG: [Block10] market_score {"num":9,"score_a":0,"score_b":0,"score_c":0,"score_d":null,"score_e":null,"valid_max":55,"total":0,"f1":false,"f5":false} 
[2026-09-20 15:31:15] local.INFO: [B-13] 市場過小評価フラグ {"date":"2026-09-20","kaisuu":4,"basho_code":"09","day":6,"race":11,"num":9,"total_score":0,"score_a":0,"score_c":0,"valid_max":55,"undereval":false} 
[2026-09-20 15:31:15] local.DEBUG: [Block10] market_score {"num":10,"score_a":12,"score_b":5,"score_c":0,"score_d":null,"score_e":null,"valid_max":55,"total":25,"f1":true,"f5":false} 
[2026-09-20 15:31:15] local.INFO: [B-13] 市場過小評価フラグ {"date":"2026-09-20","kaisuu":4,"basho_code":"09","day":6,"race":11,"num":10,"total_score":25,"score_a":12,"score_c":0,"valid_max":55,"undereval":false} 
[2026-09-20 15:31:15] local.DEBUG: [Block10] market_score {"num":11,"score_a":0,"score_b":5,"score_c":0,"score_d":null,"score_e":null,"valid_max":55,"total":7,"f1":false,"f5":false} 
[2026-09-20 15:31:15] local.INFO: [B-13] 市場過小評価フラグ {"date":"2026-09-20","kaisuu":4,"basho_code":"09","day":6,"race":11,"num":11,"total_score":7,"score_a":0,"score_c":0,"valid_max":55,"undereval":false} 
[2026-09-20 15:31:15] local.DEBUG: [Block10] market_score {"num":12,"score_a":18,"score_b":10,"score_c":0,"score_d":null,"score_e":null,"valid_max":55,"total":41,"f1":true,"f5":false} 
[2026-09-20 15:31:15] local.INFO: [B-13] 市場過小評価フラグ {"date":"2026-09-20","kaisuu":4,"basho_code":"09","day":6,"race":11,"num":12,"total_score":41,"score_a":18,"score_c":0,"valid_max":55,"undereval":false} 
[2026-09-20 15:31:15] local.DEBUG: [Block10] market_score {"num":13,"score_a":18,"score_b":10,"score_c":0,"score_d":null,"score_e":null,"valid_max":55,"total":41,"f1":true,"f5":false} 
[2026-09-20 15:31:15] local.INFO: [B-13] 市場過小評価フラグ {"date":"2026-09-20","kaisuu":4,"basho_code":"09","day":6,"race":11,"num":13,"total_score":41,"score_a":18,"score_c":0,"valid_max":55,"undereval":false} 
[2026-09-20 15:31:15] local.DEBUG: [Block10] market_score {"num":14,"score_a":0,"score_b":0,"score_c":0,"score_d":null,"score_e":null,"valid_max":55,"total":0,"f1":false,"f5":false} 
[2026-09-20 15:31:15] local.INFO: [B-13] 市場過小評価フラグ {"date":"2026-09-20","kaisuu":4,"basho_code":"09","day":6,"race":11,"num":14,"total_score":0,"score_a":0,"score_c":0,"valid_max":55,"undereval":false} 
[2026-09-20 15:31:15] local.DEBUG: [Block10] market_score {"num":15,"score_a":25,"score_b":0,"score_c":0,"score_d":null,"score_e":null,"valid_max":55,"total":36,"f1":true,"f5":false} 
[2026-09-20 15:31:15] local.INFO: [B-13] 市場過小評価フラグ {"date":"2026-09-20","kaisuu":4,"basho_code":"09","day":6,"race":11,"num":15,"total_score":36,"score_a":25,"score_c":0,"valid_max":55,"undereval":false} 
[2026-09-20 15:31:15] local.DEBUG: [Block10] market_score {"num":16,"score_a":0,"score_b":0,"score_c":0,"score_d":null,"score_e":null,"valid_max":55,"total":0,"f1":false,"f5":false} 
[2026-09-20 15:31:15] local.INFO: [B-13] 市場過小評価フラグ {"date":"2026-09-20","kaisuu":4,"basho_code":"09","day":6,"race":11,"num":16,"total_score":0,"score_a":0,"score_c":0,"valid_max":55,"undereval":false} 
[2026-09-20 15:31:22] local.WARNING: [B-7] DeepSeek形式不正（再試行禁止）、1st AI単独継続 {"date":"2026-09-20","kaisuu":"4","basho":"09","day":"6","race":"11","text":"厳選穴レース|0
レース指標|波乱度: 4|下位進入度: 3|大穴進入度: 2
馬番：4、馬名：インブロリオ、人気順: 2、6分前オッズ: 6.4、おすすめ度: 76、選出理由：能力適性:B（76点）。複勝オッズが計測前2.6-3.2倍から6分前2.0-2.4倍へ23.1%下落し、単勝流入ランク1位・複勝流入ランク1位と同人気帯で最も資金を集めている。複勝最小2.0倍と安定感が高く、OPI0.69"} 
[2026-09-20 15:31:22] local.ERROR: [Block14] ai_merge_result UPSERT failed {"err":"SQLSTATE[42S22]: Column not found: 1054 Unknown column 'updated_at' in 'field list' (SQL: INSERT INTO t_horse_odds_finder_ai_merge_result (date, kaisuu, basho, basho_code, day, race, race_name, merge_result) VALUES (2026-09-20, 4, 阪神, 09, 6, 11, 道頓堀ステークス, {\"upset_race\":0,\"gap_type\":\"E\",\"wave_level\":null,\"lower_entry\":null,\"big_gap_entry\":null,\"merged_horses\":[]}) ON DUPLICATE KEY UPDATE   merge_result = VALUES(merge_result),   race_name    = VALUES(race_name),   basho        = VALUES(basho),   updated_at   = CURRENT_TIMESTAMP)"} 
[2026-09-20 15:31:22] local.DEBUG: [Block11] ml_snapshot saved {"date":"2026-09-20","kaisuu":4,"basho_code":"09","day":6,"race":11,"gap_type":"E","merged_cnt":0} 
[2026-09-20 15:44:16] local.DEBUG: [Block10] market_score {"num":1,"score_a":0,"score_b":0,"score_c":0,"score_d":null,"score_e":null,"valid_max":55,"total":0,"f1":false,"f5":false} 
[2026-09-20 15:44:16] local.INFO: [B-13] 市場過小評価フラグ {"date":"2026-09-20","kaisuu":4,"basho_code":"06","day":6,"race":11,"num":1,"total_score":0,"score_a":0,"score_c":0,"valid_max":55,"undereval":false} 
[2026-09-20 15:44:16] local.DEBUG: [Block10] market_score {"num":2,"score_a":0,"score_b":5,"score_c":0,"score_d":null,"score_e":null,"valid_max":55,"total":7,"f1":false,"f5":false} 
[2026-09-20 15:44:16] local.INFO: [B-13] 市場過小評価フラグ {"date":"2026-09-20","kaisuu":4,"basho_code":"06","day":6,"race":11,"num":2,"total_score":7,"score_a":0,"score_c":0,"valid_max":55,"undereval":false} 
[2026-09-20 15:44:16] local.DEBUG: [Block10] market_score {"num":3,"score_a":0,"score_b":0,"score_c":3,"score_d":null,"score_e":null,"valid_max":55,"total":4,"f1":false,"f5":false} 
[2026-09-20 15:44:16] local.INFO: [B-13] 市場過小評価フラグ {"date":"2026-09-20","kaisuu":4,"basho_code":"06","day":6,"race":11,"num":3,"total_score":4,"score_a":0,"score_c":3,"valid_max":55,"undereval":false} 
[2026-09-20 15:44:16] local.DEBUG: [Block10] market_score {"num":4,"score_a":0,"score_b":0,"score_c":3,"score_d":null,"score_e":null,"valid_max":55,"total":4,"f1":false,"f5":false} 
[2026-09-20 15:44:16] local.INFO: [B-13] 市場過小評価フラグ {"date":"2026-09-20","kaisuu":4,"basho_code":"06","day":6,"race":11,"num":4,"total_score":4,"score_a":0,"score_c":3,"valid_max":55,"undereval":false} 
[2026-09-20 15:44:16] local.DEBUG: [Block10] market_score {"num":5,"score_a":0,"score_b":0,"score_c":15,"score_d":null,"score_e":null,"valid_max":55,"total":22,"f1":false,"f5":false} 
[2026-09-20 15:44:16] local.INFO: [B-13] 市場過小評価フラグ {"date":"2026-09-20","kaisuu":4,"basho_code":"06","day":6,"race":11,"num":5,"total_score":22,"score_a":0,"score_c":15,"valid_max":55,"undereval":false} 
[2026-09-20 15:44:16] local.DEBUG: [Block10] market_score {"num":6,"score_a":0,"score_b":0,"score_c":0,"score_d":null,"score_e":null,"valid_max":55,"total":0,"f1":false,"f5":false} 
[2026-09-20 15:44:16] local.INFO: [B-13] 市場過小評価フラグ {"date":"2026-09-20","kaisuu":4,"basho_code":"06","day":6,"race":11,"num":6,"total_score":0,"score_a":0,"score_c":0,"valid_max":55,"undereval":false} 
[2026-09-20 15:44:16] local.DEBUG: [Block10] market_score {"num":7,"score_a":0,"score_b":0,"score_c":3,"score_d":null,"score_e":null,"valid_max":55,"total":4,"f1":false,"f5":false} 
[2026-09-20 15:44:16] local.INFO: [B-13] 市場過小評価フラグ {"date":"2026-09-20","kaisuu":4,"basho_code":"06","day":6,"race":11,"num":7,"total_score":4,"score_a":0,"score_c":3,"valid_max":55,"undereval":false} 
[2026-09-20 15:44:16] local.DEBUG: [Block10] market_score {"num":8,"score_a":0,"score_b":0,"score_c":0,"score_d":null,"score_e":null,"valid_max":55,"total":0,"f1":false,"f5":false} 
[2026-09-20 15:44:16] local.INFO: [B-13] 市場過小評価フラグ {"date":"2026-09-20","kaisuu":4,"basho_code":"06","day":6,"race":11,"num":8,"total_score":0,"score_a":0,"score_c":0,"valid_max":55,"undereval":false} 
[2026-09-20 15:44:16] local.DEBUG: [Block10] market_score {"num":9,"score_a":0,"score_b":5,"score_c":0,"score_d":null,"score_e":null,"valid_max":55,"total":7,"f1":false,"f5":false} 
[2026-09-20 15:44:16] local.INFO: [B-13] 市場過小評価フラグ {"date":"2026-09-20","kaisuu":4,"basho_code":"06","day":6,"race":11,"num":9,"total_score":7,"score_a":0,"score_c":0,"valid_max":55,"undereval":false} 
[2026-09-20 15:44:16] local.DEBUG: [Block10] market_score {"num":10,"score_a":0,"score_b":5,"score_c":3,"score_d":null,"score_e":null,"valid_max":55,"total":12,"f1":false,"f5":false} 
[2026-09-20 15:44:16] local.INFO: [B-13] 市場過小評価フラグ {"date":"2026-09-20","kaisuu":4,"basho_code":"06","day":6,"race":11,"num":10,"total_score":12,"score_a":0,"score_c":3,"valid_max":55,"undereval":false} 
[2026-09-20 15:44:16] local.DEBUG: [Block10] market_score {"num":11,"score_a":0,"score_b":0,"score_c":12,"score_d":null,"score_e":null,"valid_max":55,"total":17,"f1":false,"f5":false} 
[2026-09-20 15:44:16] local.INFO: [B-13] 市場過小評価フラグ {"date":"2026-09-20","kaisuu":4,"basho_code":"06","day":6,"race":11,"num":11,"total_score":17,"score_a":0,"score_c":12,"valid_max":55,"undereval":false} 
[2026-09-20 15:44:16] local.DEBUG: [Block10] market_score {"num":12,"score_a":0,"score_b":5,"score_c":0,"score_d":null,"score_e":null,"valid_max":55,"total":7,"f1":false,"f5":false} 
[2026-09-20 15:44:16] local.INFO: [B-13] 市場過小評価フラグ {"date":"2026-09-20","kaisuu":4,"basho_code":"06","day":6,"race":11,"num":12,"total_score":7,"score_a":0,"score_c":0,"valid_max":55,"undereval":false} 
[2026-09-20 15:44:16] local.DEBUG: [Block10] market_score {"num":13,"score_a":0,"score_b":0,"score_c":7,"score_d":null,"score_e":null,"valid_max":55,"total":10,"f1":false,"f5":false} 
[2026-09-20 15:44:16] local.INFO: [B-13] 市場過小評価フラグ {"date":"2026-09-20","kaisuu":4,"basho_code":"06","day":6,"race":11,"num":13,"total_score":10,"score_a":0,"score_c":7,"valid_max":55,"undereval":false} 
[2026-09-20 15:44:22] local.WARNING: [B-7] DeepSeek形式不正（再試行禁止）、1st AI単独継続 {"date":"2026-09-20","kaisuu":"4","basho":"06","day":"6","race":"11","text":"厳選穴レース|0
レース指標|波乱度: 4|下位進入度: 2|大穴進入度: 2
馬番：7、馬名：レガレイラ、人気順: 1、6分前オッズ: 2.7、おすすめ度: 78、選出理由：能力適性:A（88点）。前年オールカマー1着・エリザベス杯1着の中山2200m実績十分。単勝は横ばいながら推定確定2.6倍と補正係数0.95で直前に人気集中、複勝は1.4-1.9倍で安定。類似1番人気統計は3着以内率68.0"} 
[2026-09-20 15:44:22] local.ERROR: [Block14] ai_merge_result UPSERT failed {"err":"SQLSTATE[42S22]: Column not found: 1054 Unknown column 'updated_at' in 'field list' (SQL: INSERT INTO t_horse_odds_finder_ai_merge_result (date, kaisuu, basho, basho_code, day, race, race_name, merge_result) VALUES (2026-09-20, 4, 中山, 06, 6, 11, 産経賞オールカマー, {\"upset_race\":0,\"gap_type\":\"E\",\"wave_level\":null,\"lower_entry\":null,\"big_gap_entry\":null,\"merged_horses\":[]}) ON DUPLICATE KEY UPDATE   merge_result = VALUES(merge_result),   race_name    = VALUES(race_name),   basho        = VALUES(basho),   updated_at   = CURRENT_TIMESTAMP)"} 
[2026-09-20 15:44:22] local.DEBUG: [Block11] ml_snapshot saved {"date":"2026-09-20","kaisuu":4,"basho_code":"06","day":6,"race":11,"gap_type":"E","merged_cnt":0} 
[2026-09-20 16:40:50] local.INFO: WebPush購読期限切れ・削除済み (410): endpoint=https://web.push.apple.com/QJ7E-gNyYaduSU1g9hydKtQ5zVhgXdruFagTn8AypaGju5ykazxzneeY54GcvZQqynBzcHS7ezGMsbQV5iTk77T1cbep8nrolf7V2WrLD42WwdSsSFmjlCwNCS1UgtdyrvRCiHYJGFNNMb_CzHdV_7T-_HqQQxQsSVRT2w6ayUs deleted=1  
[2026-09-20 16:40:50] local.INFO: WebPush購読期限切れ・削除済み (410): endpoint=https://web.push.apple.com/QPyc-BrRTZ5uwI8F3gu6WJgFBTy-8hfAAeoL7EbhklKSy6G0RCJrRouE05UljTv5QjTUU36f0iQEZ-z6_U07UgE7GNYXtRnUth2_Nwbx1y2xYJOKlcMnbWMJw3J_Wl8ULhAmQ0jkiPYfyrBSpFg3xMXW7IU1pHnsfSKNolsqwA0 deleted=1  
[2026-09-20 16:40:50] local.INFO: WebPush購読期限切れ・削除済み (410): endpoint=https://web.push.apple.com/QAaDj7LnS41aO0cp0Cf12rUgjWAv9Opkdahb3KY7x_-OqGLGHnEpH_KDKaW_ZOPJ_6t5HmevHP0yADnwTNOH-Umz5UEM2nbt-Qo0vfhC43ERfVY4RcKPsTc9Xp4f46hZoyRMO_smr6qHs8MlaP-6xBM_SNmmg5OILCJaREgiMO8 deleted=1  
[2026-09-20 16:40:50] local.INFO: WebPush購読期限切れ・削除済み (410): endpoint=https://web.push.apple.com/QNqKTTuqJVlQMiJj_JWyp4Od8NTKeQ9waPLuLc36Xf6vvs6s25Aa-HNT3u6ggwDAGaA4ACoVYZdCR0iCj5zRNkSUErmZedpgKGBnRYLTkWhj6aSbTUMxmIgQLQWR0i9fqq6Bi6MleuyBcn_AerirMH8jlkzql4_QpdjhZjNtdNg deleted=1  
[2026-09-20 17:02:49] local.DEBUG: [Block10] market_score {"num":1,"score_a":0,"score_b":0,"score_c":15,"score_d":null,"score_e":null,"valid_max":55,"total":22,"f1":false,"f5":false} 
[2026-09-20 17:02:49] local.INFO: [B-13] 市場過小評価フラグ {"date":"2026-09-20","kaisuu":4,"basho_code":"09","day":6,"race":12,"num":1,"total_score":22,"score_a":0,"score_c":15,"valid_max":55,"undereval":false} 
[2026-09-20 17:02:49] local.DEBUG: [Block10] market_score {"num":2,"score_a":0,"score_b":0,"score_c":3,"score_d":null,"score_e":null,"valid_max":55,"total":4,"f1":false,"f5":false} 
[2026-09-20 17:02:49] local.INFO: [B-13] 市場過小評価フラグ {"date":"2026-09-20","kaisuu":4,"basho_code":"09","day":6,"race":12,"num":2,"total_score":4,"score_a":0,"score_c":3,"valid_max":55,"undereval":false} 
[2026-09-20 17:02:49] local.DEBUG: [Block10] market_score {"num":3,"score_a":0,"score_b":0,"score_c":0,"score_d":null,"score_e":null,"valid_max":55,"total":0,"f1":false,"f5":false} 
[2026-09-20 17:02:49] local.INFO: [B-13] 市場過小評価フラグ {"date":"2026-09-20","kaisuu":4,"basho_code":"09","day":6,"race":12,"num":3,"total_score":0,"score_a":0,"score_c":0,"valid_max":55,"undereval":false} 
[2026-09-20 17:02:49] local.DEBUG: [Block10] market_score {"num":4,"score_a":0,"score_b":0,"score_c":0,"score_d":null,"score_e":null,"valid_max":55,"total":0,"f1":false,"f5":false} 
[2026-09-20 17:02:49] local.INFO: [B-13] 市場過小評価フラグ {"date":"2026-09-20","kaisuu":4,"basho_code":"09","day":6,"race":12,"num":4,"total_score":0,"score_a":0,"score_c":0,"valid_max":55,"undereval":false} 
[2026-09-20 17:02:49] local.DEBUG: [Block10] market_score {"num":5,"score_a":0,"score_b":0,"score_c":12,"score_d":null,"score_e":null,"valid_max":55,"total":17,"f1":false,"f5":false} 
[2026-09-20 17:02:49] local.INFO: [B-13] 市場過小評価フラグ {"date":"2026-09-20","kaisuu":4,"basho_code":"09","day":6,"race":12,"num":5,"total_score":17,"score_a":0,"score_c":12,"valid_max":55,"undereval":false} 
[2026-09-20 17:02:49] local.DEBUG: [Block10] market_score {"num":6,"score_a":0,"score_b":5,"score_c":0,"score_d":null,"score_e":null,"valid_max":55,"total":7,"f1":false,"f5":false} 
[2026-09-20 17:02:49] local.INFO: [B-13] 市場過小評価フラグ {"date":"2026-09-20","kaisuu":4,"basho_code":"09","day":6,"race":12,"num":6,"total_score":7,"score_a":0,"score_c":0,"valid_max":55,"undereval":false} 
[2026-09-20 17:02:49] local.DEBUG: [Block10] market_score {"num":7,"score_a":0,"score_b":0,"score_c":0,"score_d":null,"score_e":null,"valid_max":55,"total":0,"f1":false,"f5":false} 
[2026-09-20 17:02:49] local.INFO: [B-13] 市場過小評価フラグ {"date":"2026-09-20","kaisuu":4,"basho_code":"09","day":6,"race":12,"num":7,"total_score":0,"score_a":0,"score_c":0,"valid_max":55,"undereval":false} 
[2026-09-20 17:02:49] local.DEBUG: [Block10] market_score {"num":8,"score_a":25,"score_b":0,"score_c":15,"score_d":null,"score_e":null,"valid_max":55,"total":58,"f1":true,"f5":false} 
[2026-09-20 17:02:49] local.INFO: [B-13] 市場過小評価フラグ {"date":"2026-09-20","kaisuu":4,"basho_code":"09","day":6,"race":12,"num":8,"total_score":58,"score_a":25,"score_c":15,"valid_max":55,"undereval":false} 
[2026-09-20 17:02:49] local.DEBUG: [Block10] market_score {"num":9,"score_a":0,"score_b":10,"score_c":0,"score_d":null,"score_e":null,"valid_max":55,"total":15,"f1":false,"f5":false} 
[2026-09-20 17:02:49] local.INFO: [B-13] 市場過小評価フラグ {"date":"2026-09-20","kaisuu":4,"basho_code":"09","day":6,"race":12,"num":9,"total_score":15,"score_a":0,"score_c":0,"valid_max":55,"undereval":false} 
[2026-09-20 17:02:49] local.DEBUG: [Block10] market_score {"num":10,"score_a":18,"score_b":0,"score_c":15,"score_d":null,"score_e":null,"valid_max":55,"total":48,"f1":true,"f5":false} 
[2026-09-20 17:02:49] local.INFO: [B-13] 市場過小評価フラグ {"date":"2026-09-20","kaisuu":4,"basho_code":"09","day":6,"race":12,"num":10,"total_score":48,"score_a":18,"score_c":15,"valid_max":55,"undereval":false} 
[2026-09-20 17:02:49] local.DEBUG: [Block10] market_score {"num":11,"score_a":0,"score_b":0,"score_c":0,"score_d":null,"score_e":null,"valid_max":55,"total":0,"f1":false,"f5":false} 
[2026-09-20 17:02:49] local.INFO: [B-13] 市場過小評価フラグ {"date":"2026-09-20","kaisuu":4,"basho_code":"09","day":6,"race":12,"num":11,"total_score":0,"score_a":0,"score_c":0,"valid_max":55,"undereval":false} 
[2026-09-20 17:02:49] local.DEBUG: [Block10] market_score {"num":12,"score_a":0,"score_b":0,"score_c":0,"score_d":null,"score_e":null,"valid_max":55,"total":0,"f1":false,"f5":false} 
[2026-09-20 17:02:49] local.INFO: [B-13] 市場過小評価フラグ {"date":"2026-09-20","kaisuu":4,"basho_code":"09","day":6,"race":12,"num":12,"total_score":0,"score_a":0,"score_c":0,"valid_max":55,"undereval":false} 
[2026-09-20 17:02:49] local.DEBUG: [Block10] market_score {"num":13,"score_a":0,"score_b":0,"score_c":0,"score_d":null,"score_e":null,"valid_max":55,"total":0,"f1":false,"f5":false} 
[2026-09-20 17:02:49] local.INFO: [B-13] 市場過小評価フラグ {"date":"2026-09-20","kaisuu":4,"basho_code":"09","day":6,"race":12,"num":13,"total_score":0,"score_a":0,"score_c":0,"valid_max":55,"undereval":false} 
[2026-09-20 17:02:49] local.DEBUG: [Block10] market_score {"num":14,"score_a":0,"score_b":0,"score_c":3,"score_d":null,"score_e":null,"valid_max":55,"total":4,"f1":false,"f5":false} 
[2026-09-20 17:02:49] local.INFO: [B-13] 市場過小評価フラグ {"date":"2026-09-20","kaisuu":4,"basho_code":"09","day":6,"race":12,"num":14,"total_score":4,"score_a":0,"score_c":3,"valid_max":55,"undereval":false} 
[2026-09-20 17:02:49] local.DEBUG: [Block10] market_score {"num":15,"score_a":25,"score_b":0,"score_c":7,"score_d":null,"score_e":null,"valid_max":55,"total":47,"f1":true,"f5":false} 
[2026-09-20 17:02:49] local.INFO: [B-13] 市場過小評価フラグ {"date":"2026-09-20","kaisuu":4,"basho_code":"09","day":6,"race":12,"num":15,"total_score":47,"score_a":25,"score_c":7,"valid_max":55,"undereval":false} 
[2026-09-20 17:02:56] local.WARNING: [B-7] DeepSeek形式不正（再試行禁止）、1st AI単独継続 {"date":"2026-09-20","kaisuu":"4","basho":"09","day":"6","race":"12","text":"厳選穴レース|0
レース指標|波乱度: 4|下位進入度: 3|大穴進入度: 1
馬番：3、馬名：タイニーワンダー、人気順: 1、6分前オッズ: 1.6、おすすめ度: 72、選出理由：能力適性:B（78点）。単勝1.6倍で断層最上位に位置し複勝1.1倍は全馬最安定、類似レース統計1番人気の3着以内率62.5%で信頼度は高い。ただしOPI1.63・予測補正OPI1.70と市場の過大評価が顕著でフェーズ"} 
[2026-09-20 17:02:56] local.ERROR: [Block14] ai_merge_result UPSERT failed {"err":"SQLSTATE[42S22]: Column not found: 1054 Unknown column 'updated_at' in 'field list' (SQL: INSERT INTO t_horse_odds_finder_ai_merge_result (date, kaisuu, basho, basho_code, day, race, race_name, merge_result) VALUES (2026-09-20, 4, 阪神, 09, 6, 12, 3歳以上1勝クラス牝［指定］, {\"upset_race\":0,\"gap_type\":\"E\",\"wave_level\":null,\"lower_entry\":null,\"big_gap_entry\":null,\"merged_horses\":[]}) ON DUPLICATE KEY UPDATE   merge_result = VALUES(merge_result),   race_name    = VALUES(race_name),   basho        = VALUES(basho),   updated_at   = CURRENT_TIMESTAMP)"} 
[2026-09-20 17:02:56] local.DEBUG: [Block11] ml_snapshot saved {"date":"2026-09-20","kaisuu":4,"basho_code":"09","day":6,"race":12,"gap_type":"E","merged_cnt":0} 
[2026-09-20 17:03:34] local.DEBUG: [Block10] market_score {"num":1,"score_a":0,"score_b":0,"score_c":0,"score_d":null,"score_e":null,"valid_max":55,"total":0,"f1":false,"f5":false} 
[2026-09-20 17:03:34] local.INFO: [B-13] 市場過小評価フラグ {"date":"2026-09-20","kaisuu":4,"basho_code":"06","day":6,"race":12,"num":1,"total_score":0,"score_a":0,"score_c":0,"valid_max":55,"undereval":false} 
[2026-09-20 17:03:34] local.DEBUG: [Block10] market_score {"num":2,"score_a":0,"score_b":5,"score_c":0,"score_d":null,"score_e":null,"valid_max":55,"total":7,"f1":false,"f5":false} 
[2026-09-20 17:03:34] local.INFO: [B-13] 市場過小評価フラグ {"date":"2026-09-20","kaisuu":4,"basho_code":"06","day":6,"race":12,"num":2,"total_score":7,"score_a":0,"score_c":0,"valid_max":55,"undereval":false} 
[2026-09-20 17:03:34] local.DEBUG: [Block10] market_score {"num":3,"score_a":0,"score_b":0,"score_c":0,"score_d":null,"score_e":null,"valid_max":55,"total":0,"f1":false,"f5":false} 
[2026-09-20 17:03:34] local.INFO: [B-13] 市場過小評価フラグ {"date":"2026-09-20","kaisuu":4,"basho_code":"06","day":6,"race":12,"num":3,"total_score":0,"score_a":0,"score_c":0,"valid_max":55,"undereval":false} 
[2026-09-20 17:03:34] local.DEBUG: [Block10] market_score {"num":4,"score_a":0,"score_b":0,"score_c":0,"score_d":null,"score_e":null,"valid_max":55,"total":0,"f1":false,"f5":false} 
[2026-09-20 17:03:34] local.INFO: [B-13] 市場過小評価フラグ {"date":"2026-09-20","kaisuu":4,"basho_code":"06","day":6,"race":12,"num":4,"total_score":0,"score_a":0,"score_c":0,"valid_max":55,"undereval":false} 
[2026-09-20 17:03:34] local.DEBUG: [Block10] market_score {"num":5,"score_a":0,"score_b":0,"score_c":3,"score_d":null,"score_e":null,"valid_max":55,"total":4,"f1":false,"f5":false} 
[2026-09-20 17:03:34] local.INFO: [B-13] 市場過小評価フラグ {"date":"2026-09-20","kaisuu":4,"basho_code":"06","day":6,"race":12,"num":5,"total_score":4,"score_a":0,"score_c":3,"valid_max":55,"undereval":false} 
[2026-09-20 17:03:34] local.DEBUG: [Block10] market_score {"num":6,"score_a":18,"score_b":0,"score_c":7,"score_d":null,"score_e":null,"valid_max":55,"total":36,"f1":true,"f5":false} 
[2026-09-20 17:03:34] local.INFO: [B-13] 市場過小評価フラグ {"date":"2026-09-20","kaisuu":4,"basho_code":"06","day":6,"race":12,"num":6,"total_score":36,"score_a":18,"score_c":7,"valid_max":55,"undereval":false} 
[2026-09-20 17:03:34] local.DEBUG: [Block10] market_score {"num":7,"score_a":0,"score_b":0,"score_c":0,"score_d":null,"score_e":null,"valid_max":55,"total":0,"f1":false,"f5":false} 
[2026-09-20 17:03:34] local.INFO: [B-13] 市場過小評価フラグ {"date":"2026-09-20","kaisuu":4,"basho_code":"06","day":6,"race":12,"num":7,"total_score":0,"score_a":0,"score_c":0,"valid_max":55,"undereval":false} 
[2026-09-20 17:03:34] local.DEBUG: [Block10] market_score {"num":8,"score_a":0,"score_b":0,"score_c":0,"score_d":null,"score_e":null,"valid_max":55,"total":0,"f1":false,"f5":false} 
[2026-09-20 17:03:34] local.INFO: [B-13] 市場過小評価フラグ {"date":"2026-09-20","kaisuu":4,"basho_code":"06","day":6,"race":12,"num":8,"total_score":0,"score_a":0,"score_c":0,"valid_max":55,"undereval":false} 
[2026-09-20 17:03:34] local.DEBUG: [Block10] market_score {"num":9,"score_a":12,"score_b":5,"score_c":0,"score_d":null,"score_e":null,"valid_max":55,"total":25,"f1":true,"f5":false} 
[2026-09-20 17:03:34] local.INFO: [B-13] 市場過小評価フラグ {"date":"2026-09-20","kaisuu":4,"basho_code":"06","day":6,"race":12,"num":9,"total_score":25,"score_a":12,"score_c":0,"valid_max":55,"undereval":false} 
[2026-09-20 17:03:34] local.DEBUG: [Block10] market_score {"num":10,"score_a":0,"score_b":0,"score_c":0,"score_d":null,"score_e":null,"valid_max":55,"total":0,"f1":false,"f5":false} 
[2026-09-20 17:03:34] local.INFO: [B-13] 市場過小評価フラグ {"date":"2026-09-20","kaisuu":4,"basho_code":"06","day":6,"race":12,"num":10,"total_score":0,"score_a":0,"score_c":0,"valid_max":55,"undereval":false} 
[2026-09-20 17:03:34] local.DEBUG: [Block10] market_score {"num":11,"score_a":0,"score_b":5,"score_c":0,"score_d":null,"score_e":null,"valid_max":55,"total":7,"f1":false,"f5":false} 
[2026-09-20 17:03:34] local.INFO: [B-13] 市場過小評価フラグ {"date":"2026-09-20","kaisuu":4,"basho_code":"06","day":6,"race":12,"num":11,"total_score":7,"score_a":0,"score_c":0,"valid_max":55,"undereval":false} 
[2026-09-20 17:03:34] local.DEBUG: [Block10] market_score {"num":12,"score_a":12,"score_b":0,"score_c":15,"score_d":null,"score_e":null,"valid_max":55,"total":39,"f1":true,"f5":false} 
[2026-09-20 17:03:34] local.INFO: [B-13] 市場過小評価フラグ {"date":"2026-09-20","kaisuu":4,"basho_code":"06","day":6,"race":12,"num":12,"total_score":39,"score_a":12,"score_c":15,"valid_max":55,"undereval":false} 
[2026-09-20 17:03:34] local.DEBUG: [Block10] market_score {"num":13,"score_a":0,"score_b":0,"score_c":0,"score_d":null,"score_e":null,"valid_max":55,"total":0,"f1":false,"f5":false} 
[2026-09-20 17:03:34] local.INFO: [B-13] 市場過小評価フラグ {"date":"2026-09-20","kaisuu":4,"basho_code":"06","day":6,"race":12,"num":13,"total_score":0,"score_a":0,"score_c":0,"valid_max":55,"undereval":false} 
[2026-09-20 17:03:34] local.DEBUG: [Block10] market_score {"num":14,"score_a":0,"score_b":5,"score_c":0,"score_d":null,"score_e":null,"valid_max":55,"total":7,"f1":false,"f5":false} 
[2026-09-20 17:03:34] local.INFO: [B-13] 市場過小評価フラグ {"date":"2026-09-20","kaisuu":4,"basho_code":"06","day":6,"race":12,"num":14,"total_score":7,"score_a":0,"score_c":0,"valid_max":55,"undereval":false} 
[2026-09-20 17:03:34] local.DEBUG: [Block10] market_score {"num":15,"score_a":0,"score_b":0,"score_c":0,"score_d":null,"score_e":null,"valid_max":55,"total":0,"f1":false,"f5":false} 
[2026-09-20 17:03:34] local.INFO: [B-13] 市場過小評価フラグ {"date":"2026-09-20","kaisuu":4,"basho_code":"06","day":6,"race":12,"num":15,"total_score":0,"score_a":0,"score_c":0,"valid_max":55,"undereval":false} 
[2026-09-20 17:03:34] local.DEBUG: [Block10] market_score {"num":16,"score_a":0,"score_b":0,"score_c":0,"score_d":null,"score_e":null,"valid_max":55,"total":0,"f1":false,"f5":false} 
[2026-09-20 17:03:34] local.INFO: [B-13] 市場過小評価フラグ {"date":"2026-09-20","kaisuu":4,"basho_code":"06","day":6,"race":12,"num":16,"total_score":0,"score_a":0,"score_c":0,"valid_max":55,"undereval":false} 
[2026-09-20 17:03:41] local.WARNING: [B-7] DeepSeek形式不正（再試行禁止）、1st AI単独継続 {"date":"2026-09-20","kaisuu":"4","basho":"06","day":"6","race":"12","text":"厳選穴レース|0
レース指標|波乱度: 3|下位進入度: 2|大穴進入度: 1
馬番：12、馬名：カシオペア、人気順: 1、6分前オッズ: 4.3、おすすめ度: 84、選出理由：能力適性:A（84点）。複勝1.5-1.9倍で最小最大の幅が狭く安定支持、単複比2.9で軸として信頼。OPI0.60・予測補正OPI0.63と市場が過去同人気より過小評価、OPI帯別回収率84.9%・フェーズ別84.8%・"} 
[2026-09-20 17:03:41] local.ERROR: [Block14] ai_merge_result UPSERT failed {"err":"SQLSTATE[42S22]: Column not found: 1054 Unknown column 'updated_at' in 'field list' (SQL: INSERT INTO t_horse_odds_finder_ai_merge_result (date, kaisuu, basho, basho_code, day, race, race_name, merge_result) VALUES (2026-09-20, 4, 中山, 06, 6, 12, 3歳以上1勝クラス[指定], {\"upset_race\":0,\"gap_type\":\"D\",\"wave_level\":null,\"lower_entry\":null,\"big_gap_entry\":null,\"merged_horses\":[]}) ON DUPLICATE KEY UPDATE   merge_result = VALUES(merge_result),   race_name    = VALUES(race_name),   basho        = VALUES(basho),   updated_at   = CURRENT_TIMESTAMP)"} 
[2026-09-20 17:03:41] local.DEBUG: [Block11] ml_snapshot saved {"date":"2026-09-20","kaisuu":4,"basho_code":"06","day":6,"race":12,"gap_type":"D","merged_cnt":0} 
[2026-09-20 20:50:17] local.WARNING: SummaryRacesIntrospection: 着順データ不足のためスキップ {"label":"東京 11R","r1":4,"r2":14,"r3":"?"} 
[2026-09-20 20:50:17] local.WARNING: SummaryRacesIntrospection: 着順データ不足のためスキップ {"label":"函館 4R","r1":"?","r2":"?","r3":"?"} 
[2026-09-20 20:50:17] local.WARNING: SummaryRacesIntrospection: 着順データ不足のためスキップ {"label":"阪神 9R","r1":"?","r2":"?","r3":"?"} 
[2026-09-20 20:50:18] local.WARNING: SummaryRacesIntrospection: 着順データ不足のためスキップ {"label":"函館 12R","r1":1,"r2":7,"r3":"?"} 
[2026-09-20 20:50:18] local.WARNING: SummaryRacesIntrospection: 着順データ不足のためスキップ {"label":"中京 11R","r1":15,"r2":"?","r3":12} 
[2026-09-20 20:50:25] local.WARNING: SummaryRacesIntrospection: ## 結果 の検証失敗。自動補正を試みます。 {"label":"2026-09-20 中山 4回6日目 1R","r1":"8","r2":"4","r3":"15"} 
[2026-09-20 20:50:25] local.INFO: SummaryRacesIntrospection: 自動補正成功 {"label":"2026-09-20 中山 4回6日目 1R"} 
[2026-09-20 20:50:25] local.WARNING: SummaryRacesIntrospection: ## 結果 の検証失敗。自動補正を試みます。 {"label":"2026-09-20 中山 4回6日目 2R","r1":"11","r2":"2","r3":"7"} 
[2026-09-20 20:50:25] local.INFO: SummaryRacesIntrospection: 自動補正成功 {"label":"2026-09-20 中山 4回6日目 2R"} 
[2026-09-20 20:50:25] local.WARNING: SummaryRacesIntrospection: ## 結果 の検証失敗。自動補正を試みます。 {"label":"2026-09-20 中山 4回6日目 3R","r1":"13","r2":"12","r3":"2"} 
[2026-09-20 20:50:25] local.INFO: SummaryRacesIntrospection: 自動補正成功 {"label":"2026-09-20 中山 4回6日目 3R"} 
[2026-09-20 20:50:25] local.WARNING: SummaryRacesIntrospection: ## 結果 の検証失敗。自動補正を試みます。 {"label":"2026-09-20 中山 4回6日目 4R","r1":"3","r2":"10","r3":"4"} 
[2026-09-20 20:50:25] local.INFO: SummaryRacesIntrospection: 自動補正成功 {"label":"2026-09-20 中山 4回6日目 4R"} 
[2026-09-20 20:50:41] local.WARNING: SummaryRacesIntrospection: ## 結果 の検証失敗。自動補正を試みます。 {"label":"2026-09-20 中山 4回6日目 7R","r1":"2","r2":"13","r3":"1"} 
[2026-09-20 20:50:41] local.INFO: SummaryRacesIntrospection: 自動補正成功 {"label":"2026-09-20 中山 4回6日目 7R"} 
[2026-09-20 20:50:41] local.WARNING: SummaryRacesIntrospection: ## 結果 の検証失敗。自動補正を試みます。 {"label":"2026-09-20 中山 4回6日目 10R","r1":"10","r2":"8","r3":"15"} 
[2026-09-20 20:50:41] local.INFO: SummaryRacesIntrospection: 自動補正成功 {"label":"2026-09-20 中山 4回6日目 10R"} 
[2026-09-20 20:50:56] local.WARNING: SummaryRacesIntrospection: ## 結果 の検証失敗。自動補正を試みます。 {"label":"2026-09-20 中山 4回6日目 11R","r1":"8","r2":"1","r3":"4"} 
[2026-09-20 20:50:56] local.INFO: SummaryRacesIntrospection: 自動補正成功 {"label":"2026-09-20 中山 4回6日目 11R"} 
[2026-09-20 20:50:56] local.WARNING: SummaryRacesIntrospection: ## 結果 の検証失敗。自動補正を試みます。 {"label":"2026-09-20 中山 4回6日目 12R","r1":"11","r2":"13","r3":"1"} 
[2026-09-20 20:50:56] local.INFO: SummaryRacesIntrospection: 自動補正成功 {"label":"2026-09-20 中山 4回6日目 12R"} 
[2026-09-20 20:50:56] local.WARNING: SummaryRacesIntrospection: ## 結果 の検証失敗。自動補正を試みます。 {"label":"2026-09-20 阪神 4回6日目 1R","r1":"12","r2":"9","r3":"4"} 
[2026-09-20 20:50:56] local.INFO: SummaryRacesIntrospection: 自動補正成功 {"label":"2026-09-20 阪神 4回6日目 1R"} 
[2026-09-20 20:50:56] local.WARNING: SummaryRacesIntrospection: ## 結果 の検証失敗。自動補正を試みます。 {"label":"2026-09-20 阪神 4回6日目 2R","r1":"8","r2":"11","r3":"3"} 
[2026-09-20 20:50:56] local.INFO: SummaryRacesIntrospection: 自動補正成功 {"label":"2026-09-20 阪神 4回6日目 2R"} 
[2026-09-20 20:50:56] local.WARNING: SummaryRacesIntrospection: ## 結果 の検証失敗。自動補正を試みます。 {"label":"2026-09-20 阪神 4回6日目 3R","r1":"3","r2":"7","r3":"4"} 
[2026-09-20 20:50:56] local.INFO: SummaryRacesIntrospection: 自動補正成功 {"label":"2026-09-20 阪神 4回6日目 3R"} 
[2026-09-20 20:51:12] local.WARNING: SummaryRacesIntrospection: ## 結果 の検証失敗。自動補正を試みます。 {"label":"2026-09-20 阪神 4回6日目 4R","r1":"10","r2":"3","r3":"12"} 
[2026-09-20 20:51:12] local.INFO: SummaryRacesIntrospection: 自動補正成功 {"label":"2026-09-20 阪神 4回6日目 4R"} 
[2026-09-20 20:51:12] local.WARNING: SummaryRacesIntrospection: ## 結果 の検証失敗。自動補正を試みます。 {"label":"2026-09-20 阪神 4回6日目 5R","r1":"10","r2":"5","r3":"1"} 
[2026-09-20 20:51:12] local.INFO: SummaryRacesIntrospection: 自動補正成功 {"label":"2026-09-20 阪神 4回6日目 5R"} 
[2026-09-20 20:51:12] local.WARNING: SummaryRacesIntrospection: ## 結果 の検証失敗。自動補正を試みます。 {"label":"2026-09-20 阪神 4回6日目 7R","r1":"9","r2":"11","r3":"1"} 
[2026-09-20 20:51:12] local.INFO: SummaryRacesIntrospection: 自動補正成功 {"label":"2026-09-20 阪神 4回6日目 7R"} 
[2026-09-20 20:51:12] local.WARNING: SummaryRacesIntrospection: ## 結果 の検証失敗。自動補正を試みます。 {"label":"2026-09-20 阪神 4回6日目 8R","r1":"11","r2":"1","r3":"13"} 
[2026-09-20 20:51:12] local.INFO: SummaryRacesIntrospection: 自動補正成功 {"label":"2026-09-20 阪神 4回6日目 8R"} 
[2026-09-20 20:51:26] local.WARNING: SummaryRacesIntrospection: ## 結果 の検証失敗。自動補正を試みます。 {"label":"2026-09-20 阪神 4回6日目 9R","r1":"6","r2":"8","r3":"7"} 
[2026-09-20 20:51:26] local.INFO: SummaryRacesIntrospection: 自動補正成功 {"label":"2026-09-20 阪神 4回6日目 9R"} 
[2026-09-20 20:51:26] local.WARNING: SummaryRacesIntrospection: ## 結果 の検証失敗。自動補正を試みます。 {"label":"2026-09-20 阪神 4回6日目 11R","r1":"4","r2":"3","r3":"2"} 
[2026-09-20 20:51:26] local.INFO: SummaryRacesIntrospection: 自動補正成功 {"label":"2026-09-20 阪神 4回6日目 11R"} 
[2026-09-20 20:51:26] local.WARNING: SummaryRacesIntrospection: ## 結果 の検証失敗。自動補正を試みます。 {"label":"2026-09-20 阪神 4回6日目 12R","r1":"3","r2":"5","r3":"1"} 
[2026-09-20 20:51:26] local.INFO: SummaryRacesIntrospection: 自動補正成功 {"label":"2026-09-20 阪神 4回6日目 12R"} 
[2026-09-20 21:20:02] local.INFO: SummaryComputeOddsCorrection 完了 {"upsert_count":18} 
[2026-09-20 21:40:02] local.INFO: SummaryOddsPhasePatternRecoveryRate 完了 {"upsert_count":36} 
[2026-09-20 21:42:21] local.DEBUG: [Block10] market_score {"num":1,"score_a":0,"score_b":0,"score_c":3,"score_d":null,"score_e":0,"valid_max":65,"total":4,"f1":false,"f5":false} 
[2026-09-20 21:42:21] local.INFO: [B-13] 市場過小評価フラグ {"date":"2026-09-20","kaisuu":4,"basho_code":"06","day":6,"race":9,"num":1,"total_score":4,"score_a":0,"score_c":3,"valid_max":65,"undereval":false} 
[2026-09-20 21:42:21] local.DEBUG: [Block10] market_score {"num":2,"score_a":0,"score_b":0,"score_c":15,"score_d":null,"score_e":0,"valid_max":65,"total":18,"f1":false,"f5":false} 
[2026-09-20 21:42:21] local.INFO: [B-13] 市場過小評価フラグ {"date":"2026-09-20","kaisuu":4,"basho_code":"06","day":6,"race":9,"num":2,"total_score":18,"score_a":0,"score_c":15,"valid_max":65,"undereval":false} 
[2026-09-20 21:42:21] local.DEBUG: [Block10] market_score {"num":3,"score_a":0,"score_b":0,"score_c":3,"score_d":null,"score_e":0,"valid_max":65,"total":4,"f1":false,"f5":false} 
[2026-09-20 21:42:21] local.INFO: [B-13] 市場過小評価フラグ {"date":"2026-09-20","kaisuu":4,"basho_code":"06","day":6,"race":9,"num":3,"total_score":4,"score_a":0,"score_c":3,"valid_max":65,"undereval":false} 
[2026-09-20 21:42:21] local.DEBUG: [Block10] market_score {"num":4,"score_a":0,"score_b":0,"score_c":0,"score_d":null,"score_e":0,"valid_max":65,"total":0,"f1":false,"f5":false} 
[2026-09-20 21:42:21] local.INFO: [B-13] 市場過小評価フラグ {"date":"2026-09-20","kaisuu":4,"basho_code":"06","day":6,"race":9,"num":4,"total_score":0,"score_a":0,"score_c":0,"valid_max":65,"undereval":false} 
[2026-09-20 21:42:21] local.DEBUG: [Block10] market_score {"num":5,"score_a":12,"score_b":0,"score_c":0,"score_d":null,"score_e":0,"valid_max":65,"total":15,"f1":true,"f5":false} 
[2026-09-20 21:42:21] local.INFO: [B-13] 市場過小評価フラグ {"date":"2026-09-20","kaisuu":4,"basho_code":"06","day":6,"race":9,"num":5,"total_score":15,"score_a":12,"score_c":0,"valid_max":65,"undereval":false} 
[2026-09-20 21:42:21] local.DEBUG: [Block10] market_score {"num":6,"score_a":0,"score_b":0,"score_c":0,"score_d":null,"score_e":0,"valid_max":65,"total":0,"f1":false,"f5":false} 
[2026-09-20 21:42:21] local.INFO: [B-13] 市場過小評価フラグ {"date":"2026-09-20","kaisuu":4,"basho_code":"06","day":6,"race":9,"num":6,"total_score":0,"score_a":0,"score_c":0,"valid_max":65,"undereval":false} 
[2026-09-20 21:42:21] local.DEBUG: [Block10] market_score {"num":7,"score_a":12,"score_b":15,"score_c":0,"score_d":null,"score_e":6,"valid_max":65,"total":41,"f1":true,"f5":true} 
[2026-09-20 21:42:21] local.INFO: [B-13] 市場過小評価フラグ {"date":"2026-09-20","kaisuu":4,"basho_code":"06","day":6,"race":9,"num":7,"total_score":41,"score_a":12,"score_c":0,"valid_max":65,"undereval":false} 
[2026-09-20 21:42:21] local.DEBUG: [Block10] market_score {"num":8,"score_a":0,"score_b":0,"score_c":0,"score_d":null,"score_e":0,"valid_max":65,"total":0,"f1":false,"f5":false} 
[2026-09-20 21:42:21] local.INFO: [B-13] 市場過小評価フラグ {"date":"2026-09-20","kaisuu":4,"basho_code":"06","day":6,"race":9,"num":8,"total_score":0,"score_a":0,"score_c":0,"valid_max":65,"undereval":false} 
[2026-09-20 21:42:21] local.DEBUG: [Block10] market_score {"num":9,"score_a":0,"score_b":5,"score_c":0,"score_d":null,"score_e":0,"valid_max":65,"total":6,"f1":false,"f5":false} 
[2026-09-20 21:42:21] local.INFO: [B-13] 市場過小評価フラグ {"date":"2026-09-20","kaisuu":4,"basho_code":"06","day":6,"race":9,"num":9,"total_score":6,"score_a":0,"score_c":0,"valid_max":65,"undereval":false} 
[2026-09-20 21:42:21] local.DEBUG: [Block10] market_score {"num":10,"score_a":0,"score_b":0,"score_c":0,"score_d":null,"score_e":0,"valid_max":65,"total":0,"f1":false,"f5":false} 
[2026-09-20 21:42:21] local.INFO: [B-13] 市場過小評価フラグ {"date":"2026-09-20","kaisuu":4,"basho_code":"06","day":6,"race":9,"num":10,"total_score":0,"score_a":0,"score_c":0,"valid_max":65,"undereval":false} 
[2026-09-20 21:42:21] local.DEBUG: [Block10] market_score {"num":11,"score_a":0,"score_b":0,"score_c":0,"score_d":null,"score_e":0,"valid_max":65,"total":0,"f1":false,"f5":false} 
[2026-09-20 21:42:21] local.INFO: [B-13] 市場過小評価フラグ {"date":"2026-09-20","kaisuu":4,"basho_code":"06","day":6,"race":9,"num":11,"total_score":0,"score_a":0,"score_c":0,"valid_max":65,"undereval":false} 
[2026-09-20 21:42:21] local.DEBUG: [Block10] market_score {"num":12,"score_a":0,"score_b":5,"score_c":0,"score_d":null,"score_e":0,"valid_max":65,"total":6,"f1":false,"f5":false} 
[2026-09-20 21:42:21] local.INFO: [B-13] 市場過小評価フラグ {"date":"2026-09-20","kaisuu":4,"basho_code":"06","day":6,"race":9,"num":12,"total_score":6,"score_a":0,"score_c":0,"valid_max":65,"undereval":false} 
[2026-09-20 21:42:22] local.DEBUG: [Block10] market_score {"num":1,"score_a":0,"score_b":0,"score_c":15,"score_d":null,"score_e":null,"valid_max":55,"total":22,"f1":false,"f5":false} 
[2026-09-20 21:42:22] local.INFO: [B-13] 市場過小評価フラグ {"date":"2026-09-20","kaisuu":4,"basho_code":"09","day":6,"race":6,"num":1,"total_score":22,"score_a":0,"score_c":15,"valid_max":55,"undereval":false} 
[2026-09-20 21:42:22] local.DEBUG: [Block10] market_score {"num":2,"score_a":0,"score_b":5,"score_c":0,"score_d":null,"score_e":null,"valid_max":55,"total":7,"f1":false,"f5":false} 
[2026-09-20 21:42:22] local.INFO: [B-13] 市場過小評価フラグ {"date":"2026-09-20","kaisuu":4,"basho_code":"09","day":6,"race":6,"num":2,"total_score":7,"score_a":0,"score_c":0,"valid_max":55,"undereval":false} 
[2026-09-20 21:42:22] local.DEBUG: [Block10] market_score {"num":3,"score_a":12,"score_b":0,"score_c":0,"score_d":null,"score_e":null,"valid_max":55,"total":17,"f1":true,"f5":false} 
[2026-09-20 21:42:22] local.INFO: [B-13] 市場過小評価フラグ {"date":"2026-09-20","kaisuu":4,"basho_code":"09","day":6,"race":6,"num":3,"total_score":17,"score_a":12,"score_c":0,"valid_max":55,"undereval":false} 
[2026-09-20 21:42:22] local.DEBUG: [Block10] market_score {"num":4,"score_a":0,"score_b":5,"score_c":0,"score_d":null,"score_e":null,"valid_max":55,"total":7,"f1":false,"f5":false} 
[2026-09-20 21:42:22] local.INFO: [B-13] 市場過小評価フラグ {"date":"2026-09-20","kaisuu":4,"basho_code":"09","day":6,"race":6,"num":4,"total_score":7,"score_a":0,"score_c":0,"valid_max":55,"undereval":false} 
[2026-09-20 21:42:22] local.DEBUG: [Block10] market_score {"num":5,"score_a":0,"score_b":0,"score_c":0,"score_d":null,"score_e":null,"valid_max":55,"total":0,"f1":false,"f5":false} 
[2026-09-20 21:42:22] local.INFO: [B-13] 市場過小評価フラグ {"date":"2026-09-20","kaisuu":4,"basho_code":"09","day":6,"race":6,"num":5,"total_score":0,"score_a":0,"score_c":0,"valid_max":55,"undereval":false} 
[2026-09-20 21:42:22] local.DEBUG: [Block10] market_score {"num":6,"score_a":0,"score_b":0,"score_c":7,"score_d":null,"score_e":null,"valid_max":55,"total":10,"f1":false,"f5":false} 
[2026-09-20 21:42:22] local.INFO: [B-13] 市場過小評価フラグ {"date":"2026-09-20","kaisuu":4,"basho_code":"09","day":6,"race":6,"num":6,"total_score":10,"score_a":0,"score_c":7,"valid_max":55,"undereval":false} 
[2026-09-20 21:42:22] local.DEBUG: [Block10] market_score {"num":7,"score_a":0,"score_b":0,"score_c":7,"score_d":null,"score_e":null,"valid_max":55,"total":10,"f1":false,"f5":false} 
[2026-09-20 21:42:22] local.INFO: [B-13] 市場過小評価フラグ {"date":"2026-09-20","kaisuu":4,"basho_code":"09","day":6,"race":6,"num":7,"total_score":10,"score_a":0,"score_c":7,"valid_max":55,"undereval":false} 
[2026-09-20 21:42:22] local.DEBUG: [Block10] market_score {"num":8,"score_a":0,"score_b":0,"score_c":0,"score_d":null,"score_e":null,"valid_max":55,"total":0,"f1":false,"f5":false} 
[2026-09-20 21:42:22] local.INFO: [B-13] 市場過小評価フラグ {"date":"2026-09-20","kaisuu":4,"basho_code":"09","day":6,"race":6,"num":8,"total_score":0,"score_a":0,"score_c":0,"valid_max":55,"undereval":false} 
[2026-09-20 21:42:22] local.DEBUG: [Block10] market_score {"num":9,"score_a":0,"score_b":0,"score_c":15,"score_d":null,"score_e":null,"valid_max":55,"total":22,"f1":false,"f5":false} 
[2026-09-20 21:42:22] local.INFO: [B-13] 市場過小評価フラグ {"date":"2026-09-20","kaisuu":4,"basho_code":"09","day":6,"race":6,"num":9,"total_score":22,"score_a":0,"score_c":15,"valid_max":55,"undereval":false} 
[2026-09-20 21:42:22] local.DEBUG: [Block10] market_score {"num":10,"score_a":18,"score_b":0,"score_c":3,"score_d":null,"score_e":null,"valid_max":55,"total":31,"f1":true,"f5":false} 
[2026-09-20 21:42:22] local.INFO: [B-13] 市場過小評価フラグ {"date":"2026-09-20","kaisuu":4,"basho_code":"09","day":6,"race":6,"num":10,"total_score":31,"score_a":18,"score_c":3,"valid_max":55,"undereval":false} 
[2026-09-20 21:42:22] local.DEBUG: [Block10] market_score {"num":11,"score_a":0,"score_b":5,"score_c":0,"score_d":null,"score_e":null,"valid_max":55,"total":7,"f1":false,"f5":false} 
[2026-09-20 21:42:22] local.INFO: [B-13] 市場過小評価フラグ {"date":"2026-09-20","kaisuu":4,"basho_code":"09","day":6,"race":6,"num":11,"total_score":7,"score_a":0,"score_c":0,"valid_max":55,"undereval":false} 
[2026-09-20 21:42:23] local.DEBUG: [Block10] market_score {"num":1,"score_a":0,"score_b":0,"score_c":0,"score_d":null,"score_e":null,"valid_max":55,"total":0,"f1":false,"f5":false} 
[2026-09-20 21:42:23] local.INFO: [B-13] 市場過小評価フラグ {"date":"2026-09-20","kaisuu":4,"basho_code":"06","day":6,"race":5,"num":1,"total_score":0,"score_a":0,"score_c":0,"valid_max":55,"undereval":false} 
[2026-09-20 21:42:23] local.DEBUG: [Block10] market_score {"num":2,"score_a":25,"score_b":5,"score_c":7,"score_d":null,"score_e":null,"valid_max":55,"total":54,"f1":true,"f5":false} 
[2026-09-20 21:42:23] local.INFO: [B-13] 市場過小評価フラグ {"date":"2026-09-20","kaisuu":4,"basho_code":"06","day":6,"race":5,"num":2,"total_score":54,"score_a":25,"score_c":7,"valid_max":55,"undereval":false} 
[2026-09-20 21:42:23] local.DEBUG: [Block10] market_score {"num":3,"score_a":0,"score_b":0,"score_c":0,"score_d":null,"score_e":null,"valid_max":55,"total":0,"f1":false,"f5":false} 
[2026-09-20 21:42:23] local.INFO: [B-13] 市場過小評価フラグ {"date":"2026-09-20","kaisuu":4,"basho_code":"06","day":6,"race":5,"num":3,"total_score":0,"score_a":0,"score_c":0,"valid_max":55,"undereval":false} 
[2026-09-20 21:42:23] local.DEBUG: [Block10] market_score {"num":4,"score_a":0,"score_b":0,"score_c":0,"score_d":null,"score_e":null,"valid_max":55,"total":0,"f1":false,"f5":false} 
[2026-09-20 21:42:23] local.INFO: [B-13] 市場過小評価フラグ {"date":"2026-09-20","kaisuu":4,"basho_code":"06","day":6,"race":5,"num":4,"total_score":0,"score_a":0,"score_c":0,"valid_max":55,"undereval":false} 
[2026-09-20 21:42:23] local.DEBUG: [Block10] market_score {"num":5,"score_a":0,"score_b":0,"score_c":15,"score_d":null,"score_e":null,"valid_max":55,"total":22,"f1":false,"f5":false} 
[2026-09-20 21:42:23] local.INFO: [B-13] 市場過小評価フラグ {"date":"2026-09-20","kaisuu":4,"basho_code":"06","day":6,"race":5,"num":5,"total_score":22,"score_a":0,"score_c":15,"valid_max":55,"undereval":false} 
[2026-09-20 21:42:23] local.DEBUG: [Block10] market_score {"num":6,"score_a":0,"score_b":0,"score_c":0,"score_d":null,"score_e":null,"valid_max":55,"total":0,"f1":false,"f5":false} 
[2026-09-20 21:42:23] local.INFO: [B-13] 市場過小評価フラグ {"date":"2026-09-20","kaisuu":4,"basho_code":"06","day":6,"race":5,"num":6,"total_score":0,"score_a":0,"score_c":0,"valid_max":55,"undereval":false} 
[2026-09-20 21:42:23] local.DEBUG: [Block10] market_score {"num":7,"score_a":0,"score_b":5,"score_c":0,"score_d":null,"score_e":null,"valid_max":55,"total":7,"f1":false,"f5":false} 
[2026-09-20 21:42:23] local.INFO: [B-13] 市場過小評価フラグ {"date":"2026-09-20","kaisuu":4,"basho_code":"06","day":6,"race":5,"num":7,"total_score":7,"score_a":0,"score_c":0,"valid_max":55,"undereval":false} 
[2026-09-20 21:42:23] local.DEBUG: [Block10] market_score {"num":8,"score_a":0,"score_b":5,"score_c":0,"score_d":null,"score_e":null,"valid_max":55,"total":7,"f1":false,"f5":false} 
[2026-09-20 21:42:23] local.INFO: [B-13] 市場過小評価フラグ {"date":"2026-09-20","kaisuu":4,"basho_code":"06","day":6,"race":5,"num":8,"total_score":7,"score_a":0,"score_c":0,"valid_max":55,"undereval":false} 
[2026-09-20 21:42:23] local.DEBUG: [Block10] market_score {"num":9,"score_a":0,"score_b":0,"score_c":12,"score_d":null,"score_e":null,"valid_max":55,"total":17,"f1":false,"f5":false} 
[2026-09-20 21:42:23] local.INFO: [B-13] 市場過小評価フラグ {"date":"2026-09-20","kaisuu":4,"basho_code":"06","day":6,"race":5,"num":9,"total_score":17,"score_a":0,"score_c":12,"valid_max":55,"undereval":false} 
[2026-09-20 21:42:23] local.DEBUG: [Block10] market_score {"num":10,"score_a":25,"score_b":0,"score_c":3,"score_d":null,"score_e":null,"valid_max":55,"total":41,"f1":true,"f5":false} 
[2026-09-20 21:42:23] local.INFO: [B-13] 市場過小評価フラグ {"date":"2026-09-20","kaisuu":4,"basho_code":"06","day":6,"race":5,"num":10,"total_score":41,"score_a":25,"score_c":3,"valid_max":55,"undereval":false} 
[2026-09-20 21:42:23] local.DEBUG: [Block10] market_score {"num":11,"score_a":0,"score_b":0,"score_c":0,"score_d":null,"score_e":null,"valid_max":55,"total":0,"f1":false,"f5":false} 
[2026-09-20 21:42:23] local.INFO: [B-13] 市場過小評価フラグ {"date":"2026-09-20","kaisuu":4,"basho_code":"06","day":6,"race":5,"num":11,"total_score":0,"score_a":0,"score_c":0,"valid_max":55,"undereval":false} 
[2026-09-20 21:42:23] local.DEBUG: [Block10] market_score {"num":12,"score_a":0,"score_b":0,"score_c":12,"score_d":null,"score_e":null,"valid_max":55,"total":17,"f1":false,"f5":false} 
[2026-09-20 21:42:23] local.INFO: [B-13] 市場過小評価フラグ {"date":"2026-09-20","kaisuu":4,"basho_code":"06","day":6,"race":5,"num":12,"total_score":17,"score_a":0,"score_c":12,"valid_max":55,"undereval":false} 
[2026-09-20 21:42:23] local.DEBUG: [Block10] market_score {"num":13,"score_a":0,"score_b":0,"score_c":0,"score_d":null,"score_e":null,"valid_max":55,"total":0,"f1":false,"f5":false} 
[2026-09-20 21:42:23] local.INFO: [B-13] 市場過小評価フラグ {"date":"2026-09-20","kaisuu":4,"basho_code":"06","day":6,"race":5,"num":13,"total_score":0,"score_a":0,"score_c":0,"valid_max":55,"undereval":false} 
[2026-09-20 21:42:23] local.DEBUG: [Block10] market_score {"num":14,"score_a":25,"score_b":0,"score_c":0,"score_d":null,"score_e":null,"valid_max":55,"total":36,"f1":true,"f5":false} 
[2026-09-20 21:42:23] local.INFO: [B-13] 市場過小評価フラグ {"date":"2026-09-20","kaisuu":4,"basho_code":"06","day":6,"race":5,"num":14,"total_score":36,"score_a":25,"score_c":0,"valid_max":55,"undereval":false} 
[2026-09-20 21:42:23] local.DEBUG: [Block10] market_score {"num":15,"score_a":0,"score_b":0,"score_c":0,"score_d":null,"score_e":null,"valid_max":55,"total":0,"f1":false,"f5":false} 
[2026-09-20 21:42:23] local.INFO: [B-13] 市場過小評価フラグ {"date":"2026-09-20","kaisuu":4,"basho_code":"06","day":6,"race":5,"num":15,"total_score":0,"score_a":0,"score_c":0,"valid_max":55,"undereval":false} 
[2026-09-20 21:42:23] local.DEBUG: [Block10] market_score {"num":16,"score_a":0,"score_b":10,"score_c":0,"score_d":null,"score_e":null,"valid_max":55,"total":15,"f1":false,"f5":false} 
[2026-09-20 21:42:23] local.INFO: [B-13] 市場過小評価フラグ {"date":"2026-09-20","kaisuu":4,"basho_code":"06","day":6,"race":5,"num":16,"total_score":15,"score_a":0,"score_c":0,"valid_max":55,"undereval":false} 
[2026-09-20 21:42:28] local.WARNING: [B-7] DeepSeek形式不正（再試行禁止）、1st AI単独継続 {"date":"2026-09-20","kaisuu":"4","basho":"06","day":"6","race":"5","text":"厳選穴レース|0
レース指標|波乱度: 4|下位進入度: 3|大穴進入度: 1
馬番：14、馬名：ジュベルシャムス、人気順: 1、6分前オッズ: 2.1、おすすめ度: 78、選出理由：能力適性:D（0点）。全馬未出走の新馬戦で履歴なし。単勝2.1倍へ下落し複勝最小1.2倍と断層最上位に位置する。推定確定2.1倍（補正係数0.9864）で直前も人気維持。類似統計の5着以内率77.4%は16頭中で最上"} 
[2026-09-20 21:42:28] local.ERROR: [Block14] ai_merge_result UPSERT failed {"err":"SQLSTATE[42S22]: Column not found: 1054 Unknown column 'updated_at' in 'field list' (SQL: INSERT INTO t_horse_odds_finder_ai_merge_result (date, kaisuu, basho, basho_code, day, race, race_name, merge_result) VALUES (2026-09-20, 4, 中山, 06, 6, 5, メイクデビュー中山, {\"upset_race\":0,\"gap_type\":\"E\",\"wave_level\":null,\"lower_entry\":null,\"big_gap_entry\":null,\"merged_horses\":[]}) ON DUPLICATE KEY UPDATE   merge_result = VALUES(merge_result),   race_name    = VALUES(race_name),   basho        = VALUES(basho),   updated_at   = CURRENT_TIMESTAMP)"} 
[2026-09-20 21:42:28] local.DEBUG: [Block11] ml_snapshot saved {"date":"2026-09-20","kaisuu":4,"basho_code":"06","day":6,"race":5,"gap_type":"E","merged_cnt":0} 
[2026-09-20 21:42:28] local.DEBUG: [Block10] market_score {"num":1,"score_a":0,"score_b":0,"score_c":0,"score_d":null,"score_e":null,"valid_max":55,"total":0,"f1":false,"f5":false} 
[2026-09-20 21:42:28] local.INFO: [B-13] 市場過小評価フラグ {"date":"2026-09-20","kaisuu":4,"basho_code":"06","day":6,"race":6,"num":1,"total_score":0,"score_a":0,"score_c":0,"valid_max":55,"undereval":false} 
[2026-09-20 21:42:28] local.DEBUG: [Block10] market_score {"num":2,"score_a":12,"score_b":0,"score_c":7,"score_d":null,"score_e":null,"valid_max":55,"total":28,"f1":true,"f5":false} 
[2026-09-20 21:42:28] local.INFO: [B-13] 市場過小評価フラグ {"date":"2026-09-20","kaisuu":4,"basho_code":"06","day":6,"race":6,"num":2,"total_score":28,"score_a":12,"score_c":7,"valid_max":55,"undereval":false} 
[2026-09-20 21:42:28] local.DEBUG: [Block10] market_score {"num":3,"score_a":25,"score_b":5,"score_c":0,"score_d":null,"score_e":null,"valid_max":55,"total":44,"f1":true,"f5":false} 
[2026-09-20 21:42:28] local.INFO: [B-13] 市場過小評価フラグ {"date":"2026-09-20","kaisuu":4,"basho_code":"06","day":6,"race":6,"num":3,"total_score":44,"score_a":25,"score_c":0,"valid_max":55,"undereval":false} 
[2026-09-20 21:42:28] local.DEBUG: [Block10] market_score {"num":4,"score_a":0,"score_b":0,"score_c":0,"score_d":null,"score_e":null,"valid_max":55,"total":0,"f1":false,"f5":false} 
[2026-09-20 21:42:28] local.INFO: [B-13] 市場過小評価フラグ {"date":"2026-09-20","kaisuu":4,"basho_code":"06","day":6,"race":6,"num":4,"total_score":0,"score_a":0,"score_c":0,"valid_max":55,"undereval":false} 
[2026-09-20 21:42:28] local.DEBUG: [Block10] market_score {"num":5,"score_a":0,"score_b":5,"score_c":0,"score_d":null,"score_e":null,"valid_max":55,"total":7,"f1":false,"f5":false} 
[2026-09-20 21:42:28] local.INFO: [B-13] 市場過小評価フラグ {"date":"2026-09-20","kaisuu":4,"basho_code":"06","day":6,"race":6,"num":5,"total_score":7,"score_a":0,"score_c":0,"valid_max":55,"undereval":false} 
[2026-09-20 21:42:28] local.DEBUG: [Block10] market_score {"num":6,"score_a":0,"score_b":0,"score_c":0,"score_d":null,"score_e":null,"valid_max":55,"total":0,"f1":false,"f5":false} 
[2026-09-20 21:42:28] local.INFO: [B-13] 市場過小評価フラグ {"date":"2026-09-20","kaisuu":4,"basho_code":"06","day":6,"race":6,"num":6,"total_score":0,"score_a":0,"score_c":0,"valid_max":55,"undereval":false} 
[2026-09-20 21:42:28] local.DEBUG: [Block10] market_score {"num":7,"score_a":12,"score_b":10,"score_c":0,"score_d":null,"score_e":null,"valid_max":55,"total":32,"f1":true,"f5":false} 
[2026-09-20 21:42:28] local.INFO: [B-13] 市場過小評価フラグ {"date":"2026-09-20","kaisuu":4,"basho_code":"06","day":6,"race":6,"num":7,"total_score":32,"score_a":12,"score_c":0,"valid_max":55,"undereval":false} 
[2026-09-20 21:42:28] local.DEBUG: [Block10] market_score {"num":8,"score_a":0,"score_b":0,"score_c":3,"score_d":null,"score_e":null,"valid_max":55,"total":4,"f1":false,"f5":false} 
[2026-09-20 21:42:28] local.INFO: [B-13] 市場過小評価フラグ {"date":"2026-09-20","kaisuu":4,"basho_code":"06","day":6,"race":6,"num":8,"total_score":4,"score_a":0,"score_c":3,"valid_max":55,"undereval":false} 
[2026-09-20 21:42:28] local.DEBUG: [Block10] market_score {"num":9,"score_a":25,"score_b":0,"score_c":3,"score_d":null,"score_e":null,"valid_max":55,"total":41,"f1":true,"f5":false} 
[2026-09-20 21:42:28] local.INFO: [B-13] 市場過小評価フラグ {"date":"2026-09-20","kaisuu":4,"basho_code":"06","day":6,"race":6,"num":9,"total_score":41,"score_a":25,"score_c":3,"valid_max":55,"undereval":false} 
[2026-09-20 21:42:28] local.DEBUG: [Block10] market_score {"num":10,"score_a":0,"score_b":0,"score_c":0,"score_d":null,"score_e":null,"valid_max":55,"total":0,"f1":false,"f5":false} 
[2026-09-20 21:42:28] local.INFO: [B-13] 市場過小評価フラグ {"date":"2026-09-20","kaisuu":4,"basho_code":"06","day":6,"race":6,"num":10,"total_score":0,"score_a":0,"score_c":0,"valid_max":55,"undereval":false} 
[2026-09-20 21:42:28] local.DEBUG: [Block10] market_score {"num":11,"score_a":0,"score_b":0,"score_c":0,"score_d":null,"score_e":null,"valid_max":55,"total":0,"f1":false,"f5":false} 
[2026-09-20 21:42:28] local.INFO: [B-13] 市場過小評価フラグ {"date":"2026-09-20","kaisuu":4,"basho_code":"06","day":6,"race":6,"num":11,"total_score":0,"score_a":0,"score_c":0,"valid_max":55,"undereval":false} 
[2026-09-20 21:42:28] local.DEBUG: [Block10] market_score {"num":12,"score_a":0,"score_b":0,"score_c":0,"score_d":null,"score_e":null,"valid_max":55,"total":0,"f1":false,"f5":false} 
[2026-09-20 21:42:28] local.INFO: [B-13] 市場過小評価フラグ {"date":"2026-09-20","kaisuu":4,"basho_code":"06","day":6,"race":6,"num":12,"total_score":0,"score_a":0,"score_c":0,"valid_max":55,"undereval":false} 
[2026-09-20 21:42:28] local.DEBUG: [Block10] market_score {"num":13,"score_a":0,"score_b":0,"score_c":0,"score_d":null,"score_e":null,"valid_max":55,"total":0,"f1":false,"f5":false} 
[2026-09-20 21:42:28] local.INFO: [B-13] 市場過小評価フラグ {"date":"2026-09-20","kaisuu":4,"basho_code":"06","day":6,"race":6,"num":13,"total_score":0,"score_a":0,"score_c":0,"valid_max":55,"undereval":false} 
[2026-09-20 21:42:28] local.DEBUG: [Block10] market_score {"num":14,"score_a":0,"score_b":0,"score_c":0,"score_d":null,"score_e":null,"valid_max":55,"total":0,"f1":false,"f5":false} 
[2026-09-20 21:42:28] local.INFO: [B-13] 市場過小評価フラグ {"date":"2026-09-20","kaisuu":4,"basho_code":"06","day":6,"race":6,"num":14,"total_score":0,"score_a":0,"score_c":0,"valid_max":55,"undereval":false} 
[2026-09-20 21:42:29] local.WARNING: [B-7] DeepSeek形式不正（再試行禁止）、1st AI単独継続 {"date":"2026-09-20","kaisuu":"4","basho":"09","day":"6","race":"6","text":"厳選穴レース|0
レース指標|波乱度: 4|下位進入度: 3|大穴進入度: 1
馬番：4、馬名：サラコスティ、人気順: 3、6分前オッズ: 4.6、おすすめ度: 83、選出理由：能力適性:A（82点）。複勝1.3→1.4倍で最小幅1.4-1.9倍に収まり支持は安定。単勝11.5%下落で単勝流入ランク1位、過去回収率75.5%・OPI帯別81.2%・フェーズ別78.1%と回収率裏付け十分。複勝OPI"} 
[2026-09-20 21:42:29] local.ERROR: [Block14] ai_merge_result UPSERT failed {"err":"SQLSTATE[42S22]: Column not found: 1054 Unknown column 'updated_at' in 'field list' (SQL: INSERT INTO t_horse_odds_finder_ai_merge_result (date, kaisuu, basho, basho_code, day, race, race_name, merge_result) VALUES (2026-09-20, 4, 阪神, 09, 6, 6, 3歳以上1勝クラス（混合）［指定］, {\"upset_race\":0,\"gap_type\":\"E\",\"wave_level\":null,\"lower_entry\":null,\"big_gap_entry\":null,\"merged_horses\":[]}) ON DUPLICATE KEY UPDATE   merge_result = VALUES(merge_result),   race_name    = VALUES(race_name),   basho        = VALUES(basho),   updated_at   = CURRENT_TIMESTAMP)"} 
[2026-09-20 21:42:29] local.DEBUG: [Block11] ml_snapshot saved {"date":"2026-09-20","kaisuu":4,"basho_code":"09","day":6,"race":6,"gap_type":"E","merged_cnt":0} 
[2026-09-20 21:42:29] local.DEBUG: [Block10] market_score {"num":1,"score_a":0,"score_b":0,"score_c":0,"score_d":null,"score_e":0,"valid_max":65,"total":0,"f1":false,"f5":false} 
[2026-09-20 21:42:29] local.INFO: [B-13] 市場過小評価フラグ {"date":"2026-09-20","kaisuu":4,"basho_code":"09","day":6,"race":5,"num":1,"total_score":0,"score_a":0,"score_c":0,"valid_max":65,"undereval":false} 
[2026-09-20 21:42:29] local.DEBUG: [Block10] market_score {"num":2,"score_a":25,"score_b":0,"score_c":15,"score_d":null,"score_e":6,"valid_max":65,"total":57,"f1":true,"f5":true} 
[2026-09-20 21:42:29] local.INFO: [B-13] 市場過小評価フラグ {"date":"2026-09-20","kaisuu":4,"basho_code":"09","day":6,"race":5,"num":2,"total_score":57,"score_a":25,"score_c":15,"valid_max":65,"undereval":true} 
[2026-09-20 21:42:29] local.DEBUG: [Block10] market_score {"num":3,"score_a":0,"score_b":0,"score_c":0,"score_d":null,"score_e":0,"valid_max":65,"total":0,"f1":false,"f5":false} 
[2026-09-20 21:42:29] local.INFO: [B-13] 市場過小評価フラグ {"date":"2026-09-20","kaisuu":4,"basho_code":"09","day":6,"race":5,"num":3,"total_score":0,"score_a":0,"score_c":0,"valid_max":65,"undereval":false} 
[2026-09-20 21:42:29] local.DEBUG: [Block10] market_score {"num":4,"score_a":0,"score_b":0,"score_c":0,"score_d":null,"score_e":0,"valid_max":65,"total":0,"f1":false,"f5":false} 
[2026-09-20 21:42:29] local.INFO: [B-13] 市場過小評価フラグ {"date":"2026-09-20","kaisuu":4,"basho_code":"09","day":6,"race":5,"num":4,"total_score":0,"score_a":0,"score_c":0,"valid_max":65,"undereval":false} 
[2026-09-20 21:42:29] local.DEBUG: [Block10] market_score {"num":5,"score_a":25,"score_b":0,"score_c":3,"score_d":null,"score_e":0,"valid_max":65,"total":34,"f1":true,"f5":false} 
[2026-09-20 21:42:29] local.INFO: [B-13] 市場過小評価フラグ {"date":"2026-09-20","kaisuu":4,"basho_code":"09","day":6,"race":5,"num":5,"total_score":34,"score_a":25,"score_c":3,"valid_max":65,"undereval":false} 
[2026-09-20 21:42:29] local.DEBUG: [Block10] market_score {"num":6,"score_a":25,"score_b":10,"score_c":0,"score_d":null,"score_e":6,"valid_max":65,"total":50,"f1":true,"f5":true} 
[2026-09-20 21:42:29] local.INFO: [B-13] 市場過小評価フラグ {"date":"2026-09-20","kaisuu":4,"basho_code":"09","day":6,"race":5,"num":6,"total_score":50,"score_a":25,"score_c":0,"valid_max":65,"undereval":false} 
[2026-09-20 21:42:29] local.DEBUG: [Block10] market_score {"num":7,"score_a":0,"score_b":0,"score_c":0,"score_d":null,"score_e":0,"valid_max":65,"total":0,"f1":false,"f5":false} 
[2026-09-20 21:42:29] local.INFO: [B-13] 市場過小評価フラグ {"date":"2026-09-20","kaisuu":4,"basho_code":"09","day":6,"race":5,"num":7,"total_score":0,"score_a":0,"score_c":0,"valid_max":65,"undereval":false} 
[2026-09-20 21:42:29] local.DEBUG: [Block10] market_score {"num":8,"score_a":25,"score_b":0,"score_c":0,"score_d":null,"score_e":6,"valid_max":65,"total":38,"f1":true,"f5":true} 
[2026-09-20 21:42:29] local.INFO: [B-13] 市場過小評価フラグ {"date":"2026-09-20","kaisuu":4,"basho_code":"09","day":6,"race":5,"num":8,"total_score":38,"score_a":25,"score_c":0,"valid_max":65,"undereval":false} 
[2026-09-20 21:42:29] local.DEBUG: [Block10] market_score {"num":9,"score_a":0,"score_b":5,"score_c":12,"score_d":null,"score_e":0,"valid_max":65,"total":21,"f1":false,"f5":false} 
[2026-09-20 21:42:29] local.INFO: [B-13] 市場過小評価フラグ {"date":"2026-09-20","kaisuu":4,"basho_code":"09","day":6,"race":5,"num":9,"total_score":21,"score_a":0,"score_c":12,"valid_max":65,"undereval":false} 
[2026-09-20 21:42:29] local.DEBUG: [Block10] market_score {"num":10,"score_a":0,"score_b":0,"score_c":0,"score_d":null,"score_e":0,"valid_max":65,"total":0,"f1":false,"f5":false} 
[2026-09-20 21:42:29] local.INFO: [B-13] 市場過小評価フラグ {"date":"2026-09-20","kaisuu":4,"basho_code":"09","day":6,"race":5,"num":10,"total_score":0,"score_a":0,"score_c":0,"valid_max":65,"undereval":false} 
[2026-09-20 21:42:29] local.DEBUG: [Block10] market_score {"num":11,"score_a":25,"score_b":0,"score_c":12,"score_d":null,"score_e":6,"valid_max":65,"total":53,"f1":true,"f5":true} 
[2026-09-20 21:42:29] local.INFO: [B-13] 市場過小評価フラグ {"date":"2026-09-20","kaisuu":4,"basho_code":"09","day":6,"race":5,"num":11,"total_score":53,"score_a":25,"score_c":12,"valid_max":65,"undereval":false} 
[2026-09-20 21:42:29] local.DEBUG: [Block10] market_score {"num":12,"score_a":0,"score_b":0,"score_c":0,"score_d":null,"score_e":0,"valid_max":65,"total":0,"f1":false,"f5":false} 
[2026-09-20 21:42:29] local.INFO: [B-13] 市場過小評価フラグ {"date":"2026-09-20","kaisuu":4,"basho_code":"09","day":6,"race":5,"num":12,"total_score":0,"score_a":0,"score_c":0,"valid_max":65,"undereval":false} 
[2026-09-20 21:42:29] local.DEBUG: [Block10] market_score {"num":13,"score_a":12,"score_b":0,"score_c":3,"score_d":null,"score_e":6,"valid_max":65,"total":26,"f1":true,"f5":true} 
[2026-09-20 21:42:29] local.INFO: [B-13] 市場過小評価フラグ {"date":"2026-09-20","kaisuu":4,"basho_code":"09","day":6,"race":5,"num":13,"total_score":26,"score_a":12,"score_c":3,"valid_max":65,"undereval":false} 
[2026-09-20 21:42:29] local.DEBUG: [Block10] market_score {"num":14,"score_a":0,"score_b":0,"score_c":3,"score_d":null,"score_e":0,"valid_max":65,"total":4,"f1":false,"f5":false} 
[2026-09-20 21:42:29] local.INFO: [B-13] 市場過小評価フラグ {"date":"2026-09-20","kaisuu":4,"basho_code":"09","day":6,"race":5,"num":14,"total_score":4,"score_a":0,"score_c":3,"valid_max":65,"undereval":false} 
[2026-09-20 21:42:29] local.WARNING: [B-7] DeepSeek形式不正（再試行禁止）、1st AI単独継続 {"date":"2026-09-20","kaisuu":"4","basho":"06","day":"6","race":"9","text":"厳選穴レース|0
レース指標|波乱度: 3|下位進入度: 2|大穴進入度: 1
馬番：3、馬名：コズミックダンサー、人気順: 1、6分前オッズ: 2.6、おすすめ度: 86、選出理由：能力適性:A（84点）。1番人気で単勝が計測前3.6倍から6分前2.6倍へ下落率27.8%と断層上側グループの中心。複勝は1.2-1.5倍で変化なしと安定しており支持が継続。単勝断層1.50・複勝断層1.17と上位に"} 
[2026-09-20 21:42:29] local.ERROR: [Block14] ai_merge_result UPSERT failed {"err":"SQLSTATE[42S22]: Column not found: 1054 Unknown column 'updated_at' in 'field list' (SQL: INSERT INTO t_horse_odds_finder_ai_merge_result (date, kaisuu, basho, basho_code, day, race, race_name, merge_result) VALUES (2026-09-20, 4, 中山, 06, 6, 9, 松戸特別, {\"upset_race\":0,\"gap_type\":\"B\",\"wave_level\":null,\"lower_entry\":null,\"big_gap_entry\":null,\"merged_horses\":[]}) ON DUPLICATE KEY UPDATE   merge_result = VALUES(merge_result),   race_name    = VALUES(race_name),   basho        = VALUES(basho),   updated_at   = CURRENT_TIMESTAMP)"} 
[2026-09-20 21:42:29] local.DEBUG: [Block11] ml_snapshot saved {"date":"2026-09-20","kaisuu":4,"basho_code":"06","day":6,"race":9,"gap_type":"B","merged_cnt":0} 
[2026-09-20 21:42:34] local.WARNING: [B-7] DeepSeek形式不正（再試行禁止）、1st AI単独継続 {"date":"2026-09-20","kaisuu":"4","basho":"09","day":"6","race":"5","text":"厳選穴レース|0
レース指標|波乱度: 3|下位進入度: 2|大穴進入度: 1
馬番：11、馬名：シャーロットタウン、人気順: 3、6分前オッズ: 7.6、おすすめ度: 76、選出理由：能力適性:D（0点）。複勝1.6-2.7倍が複数時点で継続下落し複勝流入ランク1位、単勝も9.8→7.6倍へ下落し単勝流入ランク2位と単複両面で資金流入が継続。OPI0.83・予測補正OPI0.85で市場の過小評価"} 
[2026-09-20 21:42:34] local.INFO: [Block13b] 最低基準点未満除外 {"num":9,"name":"イーサンマリーン","score":58.0,"popularity":6} 
[2026-09-20 21:42:34] local.ERROR: [Block14] ai_merge_result UPSERT failed {"err":"SQLSTATE[42S22]: Column not found: 1054 Unknown column 'updated_at' in 'field list' (SQL: INSERT INTO t_horse_odds_finder_ai_merge_result (date, kaisuu, basho, basho_code, day, race, race_name, merge_result) VALUES (2026-09-20, 4, 阪神, 09, 6, 5, メイクデビュー阪神, {\"upset_race\":1,\"gap_type\":\"C\",\"wave_level\":2,\"lower_entry\":2,\"big_gap_entry\":1,\"merged_horses\":[{\"num\":5,\"name\":\"ジョリーエピキュア\",\"score\":78,\"score_1st\":78,\"score_2nd\":null,\"popularity\":1,\"odds_6\":2.6,\"reason\":\"1番人気として複勝継続下落（7.0→9.3倍から6分前1.1倍）を実現し、類似統計で3着以内率62.5%・5着以内率77.4%と最も堅い信頼度。単複ともに資金流入継続（複勝流入ランク2位）し、直前流入加速を確認。断層上側最上位の安定馬。\",\"reason_2nd\":null,\"category\":\"first_only\"},{\"num\":11,\"name\":\"シャーロットタウン\",\"score\":72,\"score_1st\":72,\"score_2nd\":null,\"popularity\":3,\"odds_6\":7.6,\"reason\":\"3番人気として複勝継続下落（2.6→1.6倍）の強い支持と、類似統計で3着以内率39.0%の信頼に基づき選出。複勝流入ランク1位（断層上側で最も資金集中）。OPI0.83で市場妙味あり。断層上側に位置し下落方向の安定馬。\",\"reason_2nd\":null,\"category\":\"first_only\"},{\"num\":13,\"name\":\"ヴェルソドルチェ\",\"score\":68,\"score_1st\":68,\"score_2nd\":null,\"popularity\":4,\"odds_6\":8.8,\"reason\":\"4番人気として複勝オッズ安定（2.4→2.5倍で微小変動）を維持し、複勝流入ランク2位で継続支持を確認。OPI1.05・複勝OPI0.80で市場妙味。類似統計5着以内率52.6%。断層上側に位置する安定馬だが低帯との相対配当制限。\",\"reason_2nd\":null,\"category\":\"first_only\"},{\"num\":10,\"name\":\"ミランダスマイル\",\"score\":67,\"score_1st\":67,\"score_2nd\":null,\"popularity\":2,\"odds_6\":3.1,\"reason\":\"2番人気として複勝下落傾向（1.2→1.3倍）を継続し、類似統計で3着以内率48.3%。OPI1.42で過剰人気標示だが予測補正OPI1.55。単勝流入ランク1位（最強資金）で直前減速も市場確信基盤。断層上側。但し低配当制約。\",\"reason_2nd\":null,\"category\":\"first_only\"},{\"num\":3,\"name\":\"ナンヨーカルチャー\",\"score\":62,\"score_1st\":62,\"score_2nd\":null,\"popularity\":7,\"odds_6\":22.3,\"reason\":\"7人気として単勝上昇（18.0→22.3倍）・複勝下落（4.2→3.9倍）の相反動きで市場分裂を示現。OPI帯別回収率111.1%と優良。直前流入加速（複勝+2.6%）で買い継続。断層下側だが類似統計16.9%・5着以内率34.4%の信頼材料あり。補欠候補。\",\"reason_2nd\":null,\"category\":\"first_only\"}]}) ON DUPLICATE KEY UPDATE   merge_result = VALUES(merge_result),   race_name    = VALUES(race_name),   basho        = VALUES(basho),   updated_at   = CURRENT_TIMESTAMP)"} 
[2026-09-20 21:42:34] local.INFO: [B-8] 偽流入警戒判定 {"date":"2026-09-20","kaisuu":4,"basho_code":"09","day":6,"race":5,"num":3,"popularity":7,"true_count":0,"known_count":5,"fake_warning":true,"conditions":{"c1_3area_decline":false,"c2_final_down":false,"c3_fuku_rank_top2":null,"c4_fuku_pop_adv2":false,"c5_no_rebound":false,"c6_both_down":null,"c7_undereval_flag":false}} 
[2026-09-20 21:42:34] local.INFO: [B-10] high_payout_shadow_log saved {"date":"2026-09-20","kaisuu":4,"basho_code":"09","day":6,"race":5,"count":5,"top_score":null} 
[2026-09-20 21:42:34] local.DEBUG: [Block11] ml_snapshot saved {"date":"2026-09-20","kaisuu":4,"basho_code":"09","day":6,"race":5,"gap_type":"C","merged_cnt":5} 
[2026-09-20 21:42:35] local.WARNING: [B-7] DeepSeek形式不正（再試行禁止）、1st AI単独継続 {"date":"2026-09-20","kaisuu":"4","basho":"06","day":"6","race":"6","text":"厳選穴レース|0
レース指標|波乱度: 4|下位進入度: 3|大穴進入度: 2
馬番：8、馬名：ウリズンベー、人気順: 1、6分前オッズ: 2.7、おすすめ度: 76、選出理由：能力適性:A（82点）。1600〜1800ダで安定した先行力を示し戸崎騎手継続で条件好転。複勝1.3-1.7倍と最小最大の幅が狭く支持が安定、複勝流入ランク2位で単勝と同方向の資金流入が継続。フェーズパターン別回収率は前半"} 
[2026-09-20 21:42:35] local.ERROR: [Block14] ai_merge_result UPSERT failed {"err":"SQLSTATE[42S22]: Column not found: 1054 Unknown column 'updated_at' in 'field list' (SQL: INSERT INTO t_horse_odds_finder_ai_merge_result (date, kaisuu, basho, basho_code, day, race, race_name, merge_result) VALUES (2026-09-20, 4, 中山, 06, 6, 6, 3歳以上1勝クラス[指定], {\"upset_race\":0,\"gap_type\":\"D\",\"wave_level\":null,\"lower_entry\":null,\"big_gap_entry\":null,\"merged_horses\":[]}) ON DUPLICATE KEY UPDATE   merge_result = VALUES(merge_result),   race_name    = VALUES(race_name),   basho        = VALUES(basho),   updated_at   = CURRENT_TIMESTAMP)"} 
[2026-09-20 21:42:35] local.DEBUG: [Block11] ml_snapshot saved {"date":"2026-09-20","kaisuu":4,"basho_code":"06","day":6,"race":6,"gap_type":"D","merged_cnt":0} 
[2026-09-20 22:20:02] local.INFO: SummaryOddsGapRecoveryRate 完了 {"upsert_count":36} 
[2026-09-20 22:30:02] local.INFO: SummaryOpiRecoveryRate 完了 {"upsert_count":28} 
[2026-09-20 23:40:02] local.INFO: [UpdateMlResultLabels] 完了 {"date":"all","force":false,"filled":24,"excluded":0,"skipped":0} 
[2026-09-21 07:30:05] local.ERROR: SummaryForecastFromLastRace: フォーマット不正 {"date":"2026-09-21","basho":"阪神","race":4,"raw":"申し訳ございません。

提供いただいたレース情報には馬の「成績」欄がすべて空白となっており、過去の出走情報が記載されていません。

成績データなしでは、根拠のある分析ができないため、適切な馬番を選出することができません。

馬の過去成績、血統、調教情報などのデータをご提供いただければ、分析させていただきます。"} 
[2026-09-21 07:30:05] local.ERROR: SummaryForecastFromLastRace: フォーマット不正 {"date":"2026-09-21","basho":"阪神","race":5,"raw":"申し訳ありませんが、各馬の過去の出走情報（成績）が提供されていないため、データに基づいた分析ができません。

成績欄が全て空白になっているため、予想馬の選定ができません。以下の情報をご提供いただければ、分析が可能です：

- 各馬の過去戦績
- 調教師情報
- 騎手情報
- 馬体重や体質面での評価

情報をご提供いただけますようお願いします。"} 
[2026-09-21 10:33:51] local.DEBUG: [Block10] market_score {"num":1,"score_a":0,"score_b":0,"score_c":15,"score_d":null,"score_e":0,"valid_max":65,"total":18,"f1":false,"f5":false} 
[2026-09-21 10:33:51] local.INFO: [B-13] 市場過小評価フラグ {"date":"2026-09-21","kaisuu":4,"basho_code":"09","day":7,"race":1,"num":1,"total_score":18,"score_a":0,"score_c":15,"valid_max":65,"undereval":false} 
[2026-09-21 10:33:51] local.DEBUG: [Block10] market_score {"num":2,"score_a":0,"score_b":0,"score_c":15,"score_d":null,"score_e":0,"valid_max":65,"total":18,"f1":false,"f5":false} 
[2026-09-21 10:33:51] local.INFO: [B-13] 市場過小評価フラグ {"date":"2026-09-21","kaisuu":4,"basho_code":"09","day":7,"race":1,"num":2,"total_score":18,"score_a":0,"score_c":15,"valid_max":65,"undereval":false} 
[2026-09-21 10:33:51] local.DEBUG: [Block10] market_score {"num":3,"score_a":0,"score_b":0,"score_c":0,"score_d":null,"score_e":0,"valid_max":65,"total":0,"f1":false,"f5":false} 
[2026-09-21 10:33:51] local.INFO: [B-13] 市場過小評価フラグ {"date":"2026-09-21","kaisuu":4,"basho_code":"09","day":7,"race":1,"num":3,"total_score":0,"score_a":0,"score_c":0,"valid_max":65,"undereval":false} 
[2026-09-21 10:33:51] local.DEBUG: [Block10] market_score {"num":4,"score_a":0,"score_b":0,"score_c":15,"score_d":null,"score_e":0,"valid_max":65,"total":18,"f1":false,"f5":false} 
[2026-09-21 10:33:51] local.INFO: [B-13] 市場過小評価フラグ {"date":"2026-09-21","kaisuu":4,"basho_code":"09","day":7,"race":1,"num":4,"total_score":18,"score_a":0,"score_c":15,"valid_max":65,"undereval":false} 
[2026-09-21 10:33:51] local.DEBUG: [Block10] market_score {"num":5,"score_a":0,"score_b":0,"score_c":7,"score_d":null,"score_e":0,"valid_max":65,"total":9,"f1":false,"f5":false} 
[2026-09-21 10:33:51] local.INFO: [B-13] 市場過小評価フラグ {"date":"2026-09-21","kaisuu":4,"basho_code":"09","day":7,"race":1,"num":5,"total_score":9,"score_a":0,"score_c":7,"valid_max":65,"undereval":false} 
[2026-09-21 10:33:51] local.DEBUG: [Block10] market_score {"num":6,"score_a":0,"score_b":0,"score_c":15,"score_d":null,"score_e":0,"valid_max":65,"total":18,"f1":false,"f5":false} 
[2026-09-21 10:33:51] local.INFO: [B-13] 市場過小評価フラグ {"date":"2026-09-21","kaisuu":4,"basho_code":"09","day":7,"race":1,"num":6,"total_score":18,"score_a":0,"score_c":15,"valid_max":65,"undereval":false} 
[2026-09-21 10:33:51] local.DEBUG: [Block10] market_score {"num":7,"score_a":0,"score_b":0,"score_c":15,"score_d":null,"score_e":0,"valid_max":65,"total":18,"f1":false,"f5":false} 
[2026-09-21 10:33:51] local.INFO: [B-13] 市場過小評価フラグ {"date":"2026-09-21","kaisuu":4,"basho_code":"09","day":7,"race":1,"num":7,"total_score":18,"score_a":0,"score_c":15,"valid_max":65,"undereval":false} 
[2026-09-21 10:33:51] local.DEBUG: [Block10] market_score {"num":8,"score_a":0,"score_b":0,"score_c":0,"score_d":null,"score_e":0,"valid_max":65,"total":0,"f1":false,"f5":false} 
[2026-09-21 10:33:51] local.INFO: [B-13] 市場過小評価フラグ {"date":"2026-09-21","kaisuu":4,"basho_code":"09","day":7,"race":1,"num":8,"total_score":0,"score_a":0,"score_c":0,"valid_max":65,"undereval":false} 
[2026-09-21 10:33:57] local.WARNING: [B-7] DeepSeek形式不正（再試行禁止）、1st AI単独継続 {"date":"2026-09-21","kaisuu":"4","basho":"09","day":"7","race":"1","text":"厳選穴レース|0
レース指標|波乱度: 3|下位進入度: 2|大穴進入度: 1
馬番：3、馬名：ポカポカヨウキ、人気順: 1、6分前オッズ: 1.9、おすすめ度: 72、選出理由：能力適性:A（80点）。新馬戦2000芝で1-1-1-1の逃げ切り3着、先行力と芝適性は高い。複勝1.1-1.1倍で市場評価は圧倒的、単複比1.7倍で複勝支持も安定。フェーズパターン別回収率102.6%と1〜3人気の中で"} 
[2026-09-21 10:33:57] local.ERROR: [Block14] ai_merge_result UPSERT failed {"err":"SQLSTATE[42S22]: Column not found: 1054 Unknown column 'updated_at' in 'field list' (SQL: INSERT INTO t_horse_odds_finder_ai_merge_result (date, kaisuu, basho, basho_code, day, race, race_name, merge_result) VALUES (2026-09-21, 4, 阪神, 09, 7, 1, 2歳未勝利[指定], {\"upset_race\":0,\"gap_type\":\"A\",\"wave_level\":null,\"lower_entry\":null,\"big_gap_entry\":null,\"merged_horses\":[]}) ON DUPLICATE KEY UPDATE   merge_result = VALUES(merge_result),   race_name    = VALUES(race_name),   basho        = VALUES(basho),   updated_at   = CURRENT_TIMESTAMP)"} 
[2026-09-21 10:33:57] local.DEBUG: [Block11] ml_snapshot saved {"date":"2026-09-21","kaisuu":4,"basho_code":"09","day":7,"race":1,"gap_type":"A","merged_cnt":0} 
[2026-09-21 11:16:36] local.DEBUG: [Block10] market_score {"num":1,"score_a":0,"score_b":0,"score_c":0,"score_d":null,"score_e":0,"valid_max":65,"total":0,"f1":false,"f5":false} 
[2026-09-21 11:16:36] local.INFO: [B-13] 市場過小評価フラグ {"date":"2026-09-21","kaisuu":4,"basho_code":"09","day":7,"race":2,"num":1,"total_score":0,"score_a":0,"score_c":0,"valid_max":65,"undereval":false} 
[2026-09-21 11:16:36] local.DEBUG: [Block10] market_score {"num":2,"score_a":0,"score_b":0,"score_c":7,"score_d":null,"score_e":0,"valid_max":65,"total":9,"f1":false,"f5":false} 
[2026-09-21 11:16:36] local.INFO: [B-13] 市場過小評価フラグ {"date":"2026-09-21","kaisuu":4,"basho_code":"09","day":7,"race":2,"num":2,"total_score":9,"score_a":0,"score_c":7,"valid_max":65,"undereval":false} 
[2026-09-21 11:16:36] local.DEBUG: [Block10] market_score {"num":3,"score_a":0,"score_b":0,"score_c":0,"score_d":null,"score_e":0,"valid_max":65,"total":0,"f1":false,"f5":false} 
[2026-09-21 11:16:36] local.INFO: [B-13] 市場過小評価フラグ {"date":"2026-09-21","kaisuu":4,"basho_code":"09","day":7,"race":2,"num":3,"total_score":0,"score_a":0,"score_c":0,"valid_max":65,"undereval":false} 
[2026-09-21 11:16:36] local.DEBUG: [Block10] market_score {"num":4,"score_a":0,"score_b":0,"score_c":15,"score_d":null,"score_e":0,"valid_max":65,"total":18,"f1":false,"f5":false} 
[2026-09-21 11:16:36] local.INFO: [B-13] 市場過小評価フラグ {"date":"2026-09-21","kaisuu":4,"basho_code":"09","day":7,"race":2,"num":4,"total_score":18,"score_a":0,"score_c":15,"valid_max":65,"undereval":false} 
[2026-09-21 11:16:36] local.DEBUG: [Block10] market_score {"num":5,"score_a":0,"score_b":0,"score_c":12,"score_d":null,"score_e":0,"valid_max":65,"total":15,"f1":false,"f5":false} 
[2026-09-21 11:16:36] local.INFO: [B-13] 市場過小評価フラグ {"date":"2026-09-21","kaisuu":4,"basho_code":"09","day":7,"race":2,"num":5,"total_score":15,"score_a":0,"score_c":12,"valid_max":65,"undereval":false} 
[2026-09-21 11:16:36] local.DEBUG: [Block10] market_score {"num":6,"score_a":0,"score_b":0,"score_c":12,"score_d":null,"score_e":0,"valid_max":65,"total":15,"f1":false,"f5":false} 
[2026-09-21 11:16:36] local.INFO: [B-13] 市場過小評価フラグ {"date":"2026-09-21","kaisuu":4,"basho_code":"09","day":7,"race":2,"num":6,"total_score":15,"score_a":0,"score_c":12,"valid_max":65,"undereval":false} 
[2026-09-21 11:16:36] local.DEBUG: [Block10] market_score {"num":7,"score_a":25,"score_b":0,"score_c":0,"score_d":null,"score_e":0,"valid_max":65,"total":31,"f1":true,"f5":false} 
[2026-09-21 11:16:36] local.INFO: [B-13] 市場過小評価フラグ {"date":"2026-09-21","kaisuu":4,"basho_code":"09","day":7,"race":2,"num":7,"total_score":31,"score_a":25,"score_c":0,"valid_max":65,"undereval":false} 
[2026-09-21 11:16:36] local.DEBUG: [Block10] market_score {"num":8,"score_a":0,"score_b":0,"score_c":0,"score_d":null,"score_e":0,"valid_max":65,"total":0,"f1":false,"f5":false} 
[2026-09-21 11:16:36] local.INFO: [B-13] 市場過小評価フラグ {"date":"2026-09-21","kaisuu":4,"basho_code":"09","day":7,"race":2,"num":8,"total_score":0,"score_a":0,"score_c":0,"valid_max":65,"undereval":false} 
[2026-09-21 11:16:36] local.DEBUG: [Block10] market_score {"num":9,"score_a":0,"score_b":5,"score_c":0,"score_d":null,"score_e":0,"valid_max":65,"total":6,"f1":false,"f5":false} 
[2026-09-21 11:16:36] local.INFO: [B-13] 市場過小評価フラグ {"date":"2026-09-21","kaisuu":4,"basho_code":"09","day":7,"race":2,"num":9,"total_score":6,"score_a":0,"score_c":0,"valid_max":65,"undereval":false} 
[2026-09-21 11:16:36] local.DEBUG: [Block10] market_score {"num":10,"score_a":0,"score_b":0,"score_c":7,"score_d":null,"score_e":0,"valid_max":65,"total":9,"f1":false,"f5":false} 
[2026-09-21 11:16:36] local.INFO: [B-13] 市場過小評価フラグ {"date":"2026-09-21","kaisuu":4,"basho_code":"09","day":7,"race":2,"num":10,"total_score":9,"score_a":0,"score_c":7,"valid_max":65,"undereval":false} 
[2026-09-21 11:16:42] local.WARNING: [B-7] DeepSeek形式不正（再試行禁止）、1st AI単独継続 {"date":"2026-09-21","kaisuu":"4","basho":"09","day":"7","race":"2","text":"厳選穴レース|0
レース指標|波乱度: 3|下位進入度: 3|大穴進入度: 2
馬番：5、馬名：リアンフィニ、人気順: 1、6分前オッズ: 3.1、おすすめ度: 72、選出理由：能力適性:A（82点）。単勝が計測前4.6倍から6分前3.1倍へ32.6%下落し1〜3人気グループ内で単勝流入ランク1位。複勝最小1.2倍で安定し複勝OPI1.08、推定確定オッズ3.1倍（補正係数0.9864）で直前も人"} 
[2026-09-21 11:16:42] local.ERROR: [Block14] ai_merge_result UPSERT failed {"err":"SQLSTATE[42S22]: Column not found: 1054 Unknown column 'updated_at' in 'field list' (SQL: INSERT INTO t_horse_odds_finder_ai_merge_result (date, kaisuu, basho, basho_code, day, race, race_name, merge_result) VALUES (2026-09-21, 4, 阪神, 09, 7, 2, 2歳未勝利牝［指定］, {\"upset_race\":0,\"gap_type\":\"B\",\"wave_level\":null,\"lower_entry\":null,\"big_gap_entry\":null,\"merged_horses\":[]}) ON DUPLICATE KEY UPDATE   merge_result = VALUES(merge_result),   race_name    = VALUES(race_name),   basho        = VALUES(basho),   updated_at   = CURRENT_TIMESTAMP)"} 
[2026-09-21 11:16:42] local.DEBUG: [Block11] ml_snapshot saved {"date":"2026-09-21","kaisuu":4,"basho_code":"09","day":7,"race":2,"gap_type":"B","merged_cnt":0} 
[2026-09-21 12:26:32] local.DEBUG: [Block10] market_score {"num":1,"score_a":0,"score_b":0,"score_c":15,"score_d":null,"score_e":null,"valid_max":55,"total":22,"f1":false,"f5":false} 
[2026-09-21 12:26:32] local.INFO: [B-13] 市場過小評価フラグ {"date":"2026-09-21","kaisuu":4,"basho_code":"09","day":7,"race":5,"num":1,"total_score":22,"score_a":0,"score_c":15,"valid_max":55,"undereval":false} 
[2026-09-21 12:26:32] local.DEBUG: [Block10] market_score {"num":2,"score_a":0,"score_b":0,"score_c":15,"score_d":null,"score_e":null,"valid_max":55,"total":22,"f1":false,"f5":false} 
[2026-09-21 12:26:32] local.INFO: [B-13] 市場過小評価フラグ {"date":"2026-09-21","kaisuu":4,"basho_code":"09","day":7,"race":5,"num":2,"total_score":22,"score_a":0,"score_c":15,"valid_max":55,"undereval":false} 
[2026-09-21 12:26:32] local.DEBUG: [Block10] market_score {"num":3,"score_a":12,"score_b":0,"score_c":0,"score_d":null,"score_e":null,"valid_max":55,"total":17,"f1":true,"f5":false} 
[2026-09-21 12:26:32] local.INFO: [B-13] 市場過小評価フラグ {"date":"2026-09-21","kaisuu":4,"basho_code":"09","day":7,"race":5,"num":3,"total_score":17,"score_a":12,"score_c":0,"valid_max":55,"undereval":false} 
[2026-09-21 12:26:32] local.DEBUG: [Block10] market_score {"num":4,"score_a":0,"score_b":0,"score_c":3,"score_d":null,"score_e":null,"valid_max":55,"total":4,"f1":false,"f5":false} 
[2026-09-21 12:26:32] local.INFO: [B-13] 市場過小評価フラグ {"date":"2026-09-21","kaisuu":4,"basho_code":"09","day":7,"race":5,"num":4,"total_score":4,"score_a":0,"score_c":3,"valid_max":55,"undereval":false} 
[2026-09-21 12:26:32] local.DEBUG: [Block10] market_score {"num":5,"score_a":0,"score_b":0,"score_c":15,"score_d":null,"score_e":null,"valid_max":55,"total":22,"f1":false,"f5":false} 
[2026-09-21 12:26:32] local.INFO: [B-13] 市場過小評価フラグ {"date":"2026-09-21","kaisuu":4,"basho_code":"09","day":7,"race":5,"num":5,"total_score":22,"score_a":0,"score_c":15,"valid_max":55,"undereval":false} 
[2026-09-21 12:26:32] local.DEBUG: [Block10] market_score {"num":6,"score_a":0,"score_b":0,"score_c":7,"score_d":null,"score_e":null,"valid_max":55,"total":10,"f1":false,"f5":false} 
[2026-09-21 12:26:32] local.INFO: [B-13] 市場過小評価フラグ {"date":"2026-09-21","kaisuu":4,"basho_code":"09","day":7,"race":5,"num":6,"total_score":10,"score_a":0,"score_c":7,"valid_max":55,"undereval":false} 
[2026-09-21 12:26:32] local.DEBUG: [Block10] market_score {"num":7,"score_a":0,"score_b":0,"score_c":0,"score_d":null,"score_e":null,"valid_max":55,"total":0,"f1":false,"f5":false} 
[2026-09-21 12:26:32] local.INFO: [B-13] 市場過小評価フラグ {"date":"2026-09-21","kaisuu":4,"basho_code":"09","day":7,"race":5,"num":7,"total_score":0,"score_a":0,"score_c":0,"valid_max":55,"undereval":false} 
[2026-09-21 12:26:32] local.DEBUG: [Block10] market_score {"num":8,"score_a":12,"score_b":0,"score_c":7,"score_d":null,"score_e":null,"valid_max":55,"total":28,"f1":true,"f5":false} 
[2026-09-21 12:26:32] local.INFO: [B-13] 市場過小評価フラグ {"date":"2026-09-21","kaisuu":4,"basho_code":"09","day":7,"race":5,"num":8,"total_score":28,"score_a":12,"score_c":7,"valid_max":55,"undereval":false} 
[2026-09-21 12:26:32] local.DEBUG: [Block10] market_score {"num":9,"score_a":12,"score_b":0,"score_c":12,"score_d":null,"score_e":null,"valid_max":55,"total":35,"f1":true,"f5":false} 
[2026-09-21 12:26:32] local.INFO: [B-13] 市場過小評価フラグ {"date":"2026-09-21","kaisuu":4,"basho_code":"09","day":7,"race":5,"num":9,"total_score":35,"score_a":12,"score_c":12,"valid_max":55,"undereval":false} 
[2026-09-21 12:26:32] local.DEBUG: [Block10] market_score {"num":10,"score_a":0,"score_b":0,"score_c":0,"score_d":null,"score_e":null,"valid_max":55,"total":0,"f1":false,"f5":false} 
[2026-09-21 12:26:32] local.INFO: [B-13] 市場過小評価フラグ {"date":"2026-09-21","kaisuu":4,"basho_code":"09","day":7,"race":5,"num":10,"total_score":0,"score_a":0,"score_c":0,"valid_max":55,"undereval":false} 
[2026-09-21 12:26:39] local.WARNING: [B-7] DeepSeek形式不正（再試行禁止）、1st AI単独継続 {"date":"2026-09-21","kaisuu":"4","basho":"09","day":"7","race":"5","text":"厳選穴レース|0
レース指標|波乱度: 4|下位進入度: 2|大穴進入度: 1
馬番：6、馬名：シホノノービレ、人気順: 1、6分前オッズ: 2.8、おすすめ度: 72、選出理由：能力適性:D（0点）。複勝1.1-1.4倍で最小最大の幅が狭く支持が安定、複勝流入ランク2位で複勝オッズは下落傾向。単勝は横ばいで1番人気の信頼は維持。類似レース統計の5着以内率83.0%、3着以内率68.0%と高く、推"} 
[2026-09-21 12:26:39] local.ERROR: [Block14] ai_merge_result UPSERT failed {"err":"SQLSTATE[42S22]: Column not found: 1054 Unknown column 'updated_at' in 'field list' (SQL: INSERT INTO t_horse_odds_finder_ai_merge_result (date, kaisuu, basho, basho_code, day, race, race_name, merge_result) VALUES (2026-09-21, 4, 阪神, 09, 7, 5, メイクデビュー阪神, {\"upset_race\":0,\"gap_type\":\"E\",\"wave_level\":null,\"lower_entry\":null,\"big_gap_entry\":null,\"merged_horses\":[]}) ON DUPLICATE KEY UPDATE   merge_result = VALUES(merge_result),   race_name    = VALUES(race_name),   basho        = VALUES(basho),   updated_at   = CURRENT_TIMESTAMP)"} 
[2026-09-21 12:26:39] local.DEBUG: [Block11] ml_snapshot saved {"date":"2026-09-21","kaisuu":4,"basho_code":"09","day":7,"race":5,"gap_type":"E","merged_cnt":0} 
[2026-09-21 12:28:25] local.DEBUG: [Block10] market_score {"num":1,"score_a":25,"score_b":0,"score_c":15,"score_d":null,"score_e":0,"valid_max":65,"total":49,"f1":true,"f5":false} 
[2026-09-21 12:28:25] local.INFO: [B-13] 市場過小評価フラグ {"date":"2026-09-21","kaisuu":4,"basho_code":"09","day":7,"race":4,"num":1,"total_score":49,"score_a":25,"score_c":15,"valid_max":65,"undereval":false} 
[2026-09-21 12:28:25] local.DEBUG: [Block10] market_score {"num":2,"score_a":0,"score_b":0,"score_c":0,"score_d":null,"score_e":0,"valid_max":65,"total":0,"f1":false,"f5":false} 
[2026-09-21 12:28:25] local.INFO: [B-13] 市場過小評価フラグ {"date":"2026-09-21","kaisuu":4,"basho_code":"09","day":7,"race":4,"num":2,"total_score":0,"score_a":0,"score_c":0,"valid_max":65,"undereval":false} 
[2026-09-21 12:28:25] local.DEBUG: [Block10] market_score {"num":3,"score_a":0,"score_b":0,"score_c":0,"score_d":null,"score_e":0,"valid_max":65,"total":0,"f1":false,"f5":false} 
[2026-09-21 12:28:25] local.INFO: [B-13] 市場過小評価フラグ {"date":"2026-09-21","kaisuu":4,"basho_code":"09","day":7,"race":4,"num":3,"total_score":0,"score_a":0,"score_c":0,"valid_max":65,"undereval":false} 
[2026-09-21 12:28:25] local.DEBUG: [Block10] market_score {"num":4,"score_a":0,"score_b":10,"score_c":0,"score_d":null,"score_e":0,"valid_max":65,"total":12,"f1":false,"f5":false} 
[2026-09-21 12:28:25] local.INFO: [B-13] 市場過小評価フラグ {"date":"2026-09-21","kaisuu":4,"basho_code":"09","day":7,"race":4,"num":4,"total_score":12,"score_a":0,"score_c":0,"valid_max":65,"undereval":false} 
[2026-09-21 12:28:25] local.DEBUG: [Block10] market_score {"num":5,"score_a":0,"score_b":0,"score_c":0,"score_d":null,"score_e":0,"valid_max":65,"total":0,"f1":false,"f5":false} 
[2026-09-21 12:28:25] local.INFO: [B-13] 市場過小評価フラグ {"date":"2026-09-21","kaisuu":4,"basho_code":"09","day":7,"race":4,"num":5,"total_score":0,"score_a":0,"score_c":0,"valid_max":65,"undereval":false} 
[2026-09-21 12:28:25] local.DEBUG: [Block10] market_score {"num":6,"score_a":0,"score_b":0,"score_c":0,"score_d":null,"score_e":0,"valid_max":65,"total":0,"f1":false,"f5":false} 
[2026-09-21 12:28:25] local.INFO: [B-13] 市場過小評価フラグ {"date":"2026-09-21","kaisuu":4,"basho_code":"09","day":7,"race":4,"num":6,"total_score":0,"score_a":0,"score_c":0,"valid_max":65,"undereval":false} 
[2026-09-21 12:28:25] local.DEBUG: [Block10] market_score {"num":7,"score_a":0,"score_b":0,"score_c":0,"score_d":null,"score_e":0,"valid_max":65,"total":0,"f1":false,"f5":false} 
[2026-09-21 12:28:25] local.INFO: [B-13] 市場過小評価フラグ {"date":"2026-09-21","kaisuu":4,"basho_code":"09","day":7,"race":4,"num":7,"total_score":0,"score_a":0,"score_c":0,"valid_max":65,"undereval":false} 
[2026-09-21 12:28:25] local.DEBUG: [Block10] market_score {"num":8,"score_a":0,"score_b":0,"score_c":0,"score_d":null,"score_e":0,"valid_max":65,"total":0,"f1":false,"f5":false} 
[2026-09-21 12:28:25] local.INFO: [B-13] 市場過小評価フラグ {"date":"2026-09-21","kaisuu":4,"basho_code":"09","day":7,"race":4,"num":8,"total_score":0,"score_a":0,"score_c":0,"valid_max":65,"undereval":false} 
[2026-09-21 12:28:25] local.DEBUG: [Block10] market_score {"num":9,"score_a":25,"score_b":0,"score_c":0,"score_d":null,"score_e":6,"valid_max":65,"total":38,"f1":true,"f5":true} 
[2026-09-21 12:28:25] local.INFO: [B-13] 市場過小評価フラグ {"date":"2026-09-21","kaisuu":4,"basho_code":"09","day":7,"race":4,"num":9,"total_score":38,"score_a":25,"score_c":0,"valid_max":65,"undereval":false} 
[2026-09-21 12:28:25] local.DEBUG: [Block10] market_score {"num":10,"score_a":0,"score_b":0,"score_c":3,"score_d":null,"score_e":0,"valid_max":65,"total":4,"f1":false,"f5":false} 
[2026-09-21 12:28:25] local.INFO: [B-13] 市場過小評価フラグ {"date":"2026-09-21","kaisuu":4,"basho_code":"09","day":7,"race":4,"num":10,"total_score":4,"score_a":0,"score_c":3,"valid_max":65,"undereval":false} 
[2026-09-21 12:28:25] local.DEBUG: [Block10] market_score {"num":11,"score_a":0,"score_b":0,"score_c":0,"score_d":null,"score_e":0,"valid_max":65,"total":0,"f1":false,"f5":false} 
[2026-09-21 12:28:25] local.INFO: [B-13] 市場過小評価フラグ {"date":"2026-09-21","kaisuu":4,"basho_code":"09","day":7,"race":4,"num":11,"total_score":0,"score_a":0,"score_c":0,"valid_max":65,"undereval":false} 
[2026-09-21 12:28:25] local.DEBUG: [Block10] market_score {"num":12,"score_a":18,"score_b":0,"score_c":0,"score_d":null,"score_e":6,"valid_max":65,"total":30,"f1":true,"f5":true} 
[2026-09-21 12:28:25] local.INFO: [B-13] 市場過小評価フラグ {"date":"2026-09-21","kaisuu":4,"basho_code":"09","day":7,"race":4,"num":12,"total_score":30,"score_a":18,"score_c":0,"valid_max":65,"undereval":false} 
[2026-09-21 12:28:25] local.DEBUG: [Block10] market_score {"num":13,"score_a":0,"score_b":0,"score_c":12,"score_d":null,"score_e":0,"valid_max":65,"total":15,"f1":false,"f5":false} 
[2026-09-21 12:28:25] local.INFO: [B-13] 市場過小評価フラグ {"date":"2026-09-21","kaisuu":4,"basho_code":"09","day":7,"race":4,"num":13,"total_score":15,"score_a":0,"score_c":12,"valid_max":65,"undereval":false} 
[2026-09-21 12:28:25] local.DEBUG: [Block10] market_score {"num":14,"score_a":0,"score_b":0,"score_c":0,"score_d":null,"score_e":0,"valid_max":65,"total":0,"f1":false,"f5":false} 
[2026-09-21 12:28:25] local.INFO: [B-13] 市場過小評価フラグ {"date":"2026-09-21","kaisuu":4,"basho_code":"09","day":7,"race":4,"num":14,"total_score":0,"score_a":0,"score_c":0,"valid_max":65,"undereval":false} 
[2026-09-21 12:28:25] local.DEBUG: [Block10] market_score {"num":15,"score_a":25,"score_b":5,"score_c":3,"score_d":null,"score_e":0,"valid_max":65,"total":41,"f1":true,"f5":false} 
[2026-09-21 12:28:25] local.INFO: [B-13] 市場過小評価フラグ {"date":"2026-09-21","kaisuu":4,"basho_code":"09","day":7,"race":4,"num":15,"total_score":41,"score_a":25,"score_c":3,"valid_max":65,"undereval":false} 
[2026-09-21 12:28:31] local.WARNING: [B-7] DeepSeek形式不正（再試行禁止）、1st AI単独継続 {"date":"2026-09-21","kaisuu":"4","basho":"09","day":"7","race":"4","text":"厳選穴レース|0
レース指標|波乱度: 3|下位進入度: 3|大穴進入度: 1
馬番：15、馬名：ワンスフォーユー、人気順: 2、6分前オッズ: 4.5、おすすめ度: 74、選出理由：能力適性:C（66点）。複勝1.3-1.7倍でグループ内1位の複勝流入ランク、短縮率+31.6%と複勝支持が最も強い。推定確定4.1倍（補正係数0.9129）で直前にさらに人気集中する補正。OPI0.98・予測補正O"} 
[2026-09-21 12:28:31] local.ERROR: [Block14] ai_merge_result UPSERT failed {"err":"SQLSTATE[42S22]: Column not found: 1054 Unknown column 'updated_at' in 'field list' (SQL: INSERT INTO t_horse_odds_finder_ai_merge_result (date, kaisuu, basho, basho_code, day, race, race_name, merge_result) VALUES (2026-09-21, 4, 阪神, 09, 7, 4, メイクデビュー阪神, {\"upset_race\":0,\"gap_type\":\"C\",\"wave_level\":null,\"lower_entry\":null,\"big_gap_entry\":null,\"merged_horses\":[]}) ON DUPLICATE KEY UPDATE   merge_result = VALUES(merge_result),   race_name    = VALUES(race_name),   basho        = VALUES(basho),   updated_at   = CURRENT_TIMESTAMP)"} 
[2026-09-21 12:28:31] local.DEBUG: [Block11] ml_snapshot saved {"date":"2026-09-21","kaisuu":4,"basho_code":"09","day":7,"race":4,"gap_type":"C","merged_cnt":0} 
[2026-09-21 12:28:53] local.DEBUG: [Block10] market_score {"num":1,"score_a":0,"score_b":0,"score_c":0,"score_d":null,"score_e":null,"valid_max":55,"total":0,"f1":false,"f5":false} 
[2026-09-21 12:28:53] local.INFO: [B-13] 市場過小評価フラグ {"date":"2026-09-21","kaisuu":4,"basho_code":"09","day":7,"race":3,"num":1,"total_score":0,"score_a":0,"score_c":0,"valid_max":55,"undereval":false} 
[2026-09-21 12:28:53] local.DEBUG: [Block10] market_score {"num":2,"score_a":0,"score_b":0,"score_c":0,"score_d":null,"score_e":null,"valid_max":55,"total":0,"f1":false,"f5":false} 
[2026-09-21 12:28:53] local.INFO: [B-13] 市場過小評価フラグ {"date":"2026-09-21","kaisuu":4,"basho_code":"09","day":7,"race":3,"num":2,"total_score":0,"score_a":0,"score_c":0,"valid_max":55,"undereval":false} 
[2026-09-21 12:28:53] local.DEBUG: [Block10] market_score {"num":3,"score_a":18,"score_b":5,"score_c":0,"score_d":null,"score_e":null,"valid_max":55,"total":33,"f1":true,"f5":false} 
[2026-09-21 12:28:53] local.INFO: [B-13] 市場過小評価フラグ {"date":"2026-09-21","kaisuu":4,"basho_code":"09","day":7,"race":3,"num":3,"total_score":33,"score_a":18,"score_c":0,"valid_max":55,"undereval":false} 
[2026-09-21 12:28:53] local.DEBUG: [Block10] market_score {"num":4,"score_a":0,"score_b":5,"score_c":7,"score_d":null,"score_e":null,"valid_max":55,"total":17,"f1":false,"f5":false} 
[2026-09-21 12:28:53] local.INFO: [B-13] 市場過小評価フラグ {"date":"2026-09-21","kaisuu":4,"basho_code":"09","day":7,"race":3,"num":4,"total_score":17,"score_a":0,"score_c":7,"valid_max":55,"undereval":false} 
[2026-09-21 12:28:53] local.DEBUG: [Block10] market_score {"num":5,"score_a":0,"score_b":0,"score_c":0,"score_d":null,"score_e":null,"valid_max":55,"total":0,"f1":false,"f5":false} 
[2026-09-21 12:28:53] local.INFO: [B-13] 市場過小評価フラグ {"date":"2026-09-21","kaisuu":4,"basho_code":"09","day":7,"race":3,"num":5,"total_score":0,"score_a":0,"score_c":0,"valid_max":55,"undereval":false} 
[2026-09-21 12:28:53] local.DEBUG: [Block10] market_score {"num":6,"score_a":0,"score_b":0,"score_c":12,"score_d":null,"score_e":null,"valid_max":55,"total":17,"f1":false,"f5":false} 
[2026-09-21 12:28:53] local.INFO: [B-13] 市場過小評価フラグ {"date":"2026-09-21","kaisuu":4,"basho_code":"09","day":7,"race":3,"num":6,"total_score":17,"score_a":0,"score_c":12,"valid_max":55,"undereval":false} 
[2026-09-21 12:28:53] local.DEBUG: [Block10] market_score {"num":7,"score_a":0,"score_b":0,"score_c":3,"score_d":null,"score_e":null,"valid_max":55,"total":4,"f1":false,"f5":false} 
[2026-09-21 12:28:53] local.INFO: [B-13] 市場過小評価フラグ {"date":"2026-09-21","kaisuu":4,"basho_code":"09","day":7,"race":3,"num":7,"total_score":4,"score_a":0,"score_c":3,"valid_max":55,"undereval":false} 
[2026-09-21 12:28:53] local.DEBUG: [Block10] market_score {"num":8,"score_a":25,"score_b":0,"score_c":0,"score_d":null,"score_e":null,"valid_max":55,"total":36,"f1":true,"f5":false} 
[2026-09-21 12:28:53] local.INFO: [B-13] 市場過小評価フラグ {"date":"2026-09-21","kaisuu":4,"basho_code":"09","day":7,"race":3,"num":8,"total_score":36,"score_a":25,"score_c":0,"valid_max":55,"undereval":false} 
[2026-09-21 12:28:53] local.DEBUG: [Block10] market_score {"num":9,"score_a":0,"score_b":0,"score_c":0,"score_d":null,"score_e":null,"valid_max":55,"total":0,"f1":false,"f5":false} 
[2026-09-21 12:28:53] local.INFO: [B-13] 市場過小評価フラグ {"date":"2026-09-21","kaisuu":4,"basho_code":"09","day":7,"race":3,"num":9,"total_score":0,"score_a":0,"score_c":0,"valid_max":55,"undereval":false} 
[2026-09-21 12:28:53] local.DEBUG: [Block10] market_score {"num":10,"score_a":12,"score_b":0,"score_c":0,"score_d":null,"score_e":null,"valid_max":55,"total":17,"f1":true,"f5":false} 
[2026-09-21 12:28:53] local.INFO: [B-13] 市場過小評価フラグ {"date":"2026-09-21","kaisuu":4,"basho_code":"09","day":7,"race":3,"num":10,"total_score":17,"score_a":12,"score_c":0,"valid_max":55,"undereval":false} 
[2026-09-21 12:28:53] local.DEBUG: [Block10] market_score {"num":11,"score_a":25,"score_b":0,"score_c":0,"score_d":null,"score_e":null,"valid_max":55,"total":36,"f1":true,"f5":false} 
[2026-09-21 12:28:53] local.INFO: [B-13] 市場過小評価フラグ {"date":"2026-09-21","kaisuu":4,"basho_code":"09","day":7,"race":3,"num":11,"total_score":36,"score_a":25,"score_c":0,"valid_max":55,"undereval":false} 
[2026-09-21 12:28:53] local.DEBUG: [Block10] market_score {"num":12,"score_a":0,"score_b":0,"score_c":0,"score_d":null,"score_e":null,"valid_max":55,"total":0,"f1":false,"f5":false} 
[2026-09-21 12:28:53] local.INFO: [B-13] 市場過小評価フラグ {"date":"2026-09-21","kaisuu":4,"basho_code":"09","day":7,"race":3,"num":12,"total_score":0,"score_a":0,"score_c":0,"valid_max":55,"undereval":false} 
[2026-09-21 12:28:53] local.DEBUG: [Block10] market_score {"num":13,"score_a":25,"score_b":0,"score_c":12,"score_d":null,"score_e":null,"valid_max":55,"total":54,"f1":true,"f5":false} 
[2026-09-21 12:28:53] local.INFO: [B-13] 市場過小評価フラグ {"date":"2026-09-21","kaisuu":4,"basho_code":"09","day":7,"race":3,"num":13,"total_score":54,"score_a":25,"score_c":12,"valid_max":55,"undereval":false} 
[2026-09-21 12:29:00] local.WARNING: [B-7] DeepSeek形式不正（再試行禁止）、1st AI単独継続 {"date":"2026-09-21","kaisuu":"4","basho":"09","day":"7","race":"3","text":"厳選穴レース|0
レース指標|波乱度: 3|下位進入度: 3|大穴進入度: 2
馬番：3、馬名：コジアン、人気順: 4、6分前オッズ: 7.7、おすすめ度: 71、選出理由：能力適性:B（74点）。中京未勝利1400芝で5人気3着・通過3-2・上がり34.5と先行力を示し、今走-200m短縮で展開面も好転する。単勝・複勝ともに4〜6人気グループ内で資金流入上位（単勝1位・複勝2位）で、複勝は1.9"} 
[2026-09-21 12:29:00] local.ERROR: [Block14] ai_merge_result UPSERT failed {"err":"SQLSTATE[42S22]: Column not found: 1054 Unknown column 'updated_at' in 'field list' (SQL: INSERT INTO t_horse_odds_finder_ai_merge_result (date, kaisuu, basho, basho_code, day, race, race_name, merge_result) VALUES (2026-09-21, 4, 阪神, 09, 7, 3, 2歳未勝利（混合）［指定］, {\"upset_race\":0,\"gap_type\":\"E\",\"wave_level\":null,\"lower_entry\":null,\"big_gap_entry\":null,\"merged_horses\":[]}) ON DUPLICATE KEY UPDATE   merge_result = VALUES(merge_result),   race_name    = VALUES(race_name),   basho        = VALUES(basho),   updated_at   = CURRENT_TIMESTAMP)"} 
[2026-09-21 12:29:00] local.DEBUG: [Block11] ml_snapshot saved {"date":"2026-09-21","kaisuu":4,"basho_code":"09","day":7,"race":3,"gap_type":"E","merged_cnt":0} 
[2026-09-21 13:24:25] local.DEBUG: [Block10] market_score {"num":1,"score_a":0,"score_b":0,"score_c":0,"score_d":null,"score_e":null,"valid_max":55,"total":0,"f1":false,"f5":false} 
[2026-09-21 13:24:25] local.INFO: [B-13] 市場過小評価フラグ {"date":"2026-09-21","kaisuu":4,"basho_code":"09","day":7,"race":6,"num":1,"total_score":0,"score_a":0,"score_c":0,"valid_max":55,"undereval":false} 
[2026-09-21 13:24:25] local.DEBUG: [Block10] market_score {"num":2,"score_a":12,"score_b":10,"score_c":0,"score_d":null,"score_e":null,"valid_max":55,"total":32,"f1":true,"f5":false} 
[2026-09-21 13:24:25] local.INFO: [B-13] 市場過小評価フラグ {"date":"2026-09-21","kaisuu":4,"basho_code":"09","day":7,"race":6,"num":2,"total_score":32,"score_a":12,"score_c":0,"valid_max":55,"undereval":false} 
[2026-09-21 13:24:25] local.DEBUG: [Block10] market_score {"num":3,"score_a":0,"score_b":0,"score_c":0,"score_d":null,"score_e":null,"valid_max":55,"total":0,"f1":false,"f5":false} 
[2026-09-21 13:24:25] local.INFO: [B-13] 市場過小評価フラグ {"date":"2026-09-21","kaisuu":4,"basho_code":"09","day":7,"race":6,"num":3,"total_score":0,"score_a":0,"score_c":0,"valid_max":55,"undereval":false} 
[2026-09-21 13:24:25] local.DEBUG: [Block10] market_score {"num":4,"score_a":0,"score_b":0,"score_c":15,"score_d":null,"score_e":null,"valid_max":55,"total":22,"f1":false,"f5":false} 
[2026-09-21 13:24:25] local.INFO: [B-13] 市場過小評価フラグ {"date":"2026-09-21","kaisuu":4,"basho_code":"09","day":7,"race":6,"num":4,"total_score":22,"score_a":0,"score_c":15,"valid_max":55,"undereval":false} 
[2026-09-21 13:24:25] local.DEBUG: [Block10] market_score {"num":5,"score_a":18,"score_b":5,"score_c":0,"score_d":null,"score_e":null,"valid_max":55,"total":33,"f1":true,"f5":false} 
[2026-09-21 13:24:25] local.INFO: [B-13] 市場過小評価フラグ {"date":"2026-09-21","kaisuu":4,"basho_code":"09","day":7,"race":6,"num":5,"total_score":33,"score_a":18,"score_c":0,"valid_max":55,"undereval":false} 
[2026-09-21 13:24:25] local.DEBUG: [Block10] market_score {"num":6,"score_a":0,"score_b":0,"score_c":15,"score_d":null,"score_e":null,"valid_max":55,"total":22,"f1":false,"f5":false} 
[2026-09-21 13:24:25] local.INFO: [B-13] 市場過小評価フラグ {"date":"2026-09-21","kaisuu":4,"basho_code":"09","day":7,"race":6,"num":6,"total_score":22,"score_a":0,"score_c":15,"valid_max":55,"undereval":false} 
[2026-09-21 13:24:25] local.DEBUG: [Block10] market_score {"num":7,"score_a":0,"score_b":0,"score_c":0,"score_d":null,"score_e":null,"valid_max":55,"total":0,"f1":false,"f5":false} 
[2026-09-21 13:24:25] local.INFO: [B-13] 市場過小評価フラグ {"date":"2026-09-21","kaisuu":4,"basho_code":"09","day":7,"race":6,"num":7,"total_score":0,"score_a":0,"score_c":0,"valid_max":55,"undereval":false} 
[2026-09-21 13:24:25] local.DEBUG: [Block10] market_score {"num":8,"score_a":0,"score_b":0,"score_c":0,"score_d":null,"score_e":null,"valid_max":55,"total":0,"f1":false,"f5":false} 
[2026-09-21 13:24:25] local.INFO: [B-13] 市場過小評価フラグ {"date":"2026-09-21","kaisuu":4,"basho_code":"09","day":7,"race":6,"num":8,"total_score":0,"score_a":0,"score_c":0,"valid_max":55,"undereval":false} 
[2026-09-21 13:24:25] local.DEBUG: [Block10] market_score {"num":9,"score_a":0,"score_b":0,"score_c":0,"score_d":null,"score_e":null,"valid_max":55,"total":0,"f1":false,"f5":false} 
[2026-09-21 13:24:25] local.INFO: [B-13] 市場過小評価フラグ {"date":"2026-09-21","kaisuu":4,"basho_code":"09","day":7,"race":6,"num":9,"total_score":0,"score_a":0,"score_c":0,"valid_max":55,"undereval":false} 
[2026-09-21 13:24:25] local.DEBUG: [Block10] market_score {"num":10,"score_a":18,"score_b":0,"score_c":0,"score_d":null,"score_e":null,"valid_max":55,"total":26,"f1":true,"f5":false} 
[2026-09-21 13:24:25] local.INFO: [B-13] 市場過小評価フラグ {"date":"2026-09-21","kaisuu":4,"basho_code":"09","day":7,"race":6,"num":10,"total_score":26,"score_a":18,"score_c":0,"valid_max":55,"undereval":false} 
[2026-09-21 13:24:25] local.DEBUG: [Block10] market_score {"num":11,"score_a":0,"score_b":0,"score_c":3,"score_d":null,"score_e":null,"valid_max":55,"total":4,"f1":false,"f5":false} 
[2026-09-21 13:24:25] local.INFO: [B-13] 市場過小評価フラグ {"date":"2026-09-21","kaisuu":4,"basho_code":"09","day":7,"race":6,"num":11,"total_score":4,"score_a":0,"score_c":3,"valid_max":55,"undereval":false} 
[2026-09-21 13:24:25] local.DEBUG: [Block10] market_score {"num":12,"score_a":25,"score_b":5,"score_c":0,"score_d":null,"score_e":null,"valid_max":55,"total":44,"f1":true,"f5":false} 
[2026-09-21 13:24:25] local.INFO: [B-13] 市場過小評価フラグ {"date":"2026-09-21","kaisuu":4,"basho_code":"09","day":7,"race":6,"num":12,"total_score":44,"score_a":25,"score_c":0,"valid_max":55,"undereval":false} 
[2026-09-21 13:24:25] local.DEBUG: [Block10] market_score {"num":13,"score_a":0,"score_b":0,"score_c":7,"score_d":null,"score_e":null,"valid_max":55,"total":10,"f1":false,"f5":false} 
[2026-09-21 13:24:25] local.INFO: [B-13] 市場過小評価フラグ {"date":"2026-09-21","kaisuu":4,"basho_code":"09","day":7,"race":6,"num":13,"total_score":10,"score_a":0,"score_c":7,"valid_max":55,"undereval":false} 
[2026-09-21 13:24:25] local.DEBUG: [Block10] market_score {"num":14,"score_a":12,"score_b":0,"score_c":3,"score_d":null,"score_e":null,"valid_max":55,"total":22,"f1":true,"f5":false} 
[2026-09-21 13:24:25] local.INFO: [B-13] 市場過小評価フラグ {"date":"2026-09-21","kaisuu":4,"basho_code":"09","day":7,"race":6,"num":14,"total_score":22,"score_a":12,"score_c":3,"valid_max":55,"undereval":false} 
[2026-09-21 13:24:25] local.DEBUG: [Block10] market_score {"num":15,"score_a":0,"score_b":0,"score_c":0,"score_d":null,"score_e":null,"valid_max":55,"total":0,"f1":false,"f5":false} 
[2026-09-21 13:24:25] local.INFO: [B-13] 市場過小評価フラグ {"date":"2026-09-21","kaisuu":4,"basho_code":"09","day":7,"race":6,"num":15,"total_score":0,"score_a":0,"score_c":0,"valid_max":55,"undereval":false} 
[2026-09-21 13:24:33] local.WARNING: [B-7] DeepSeek形式不正（再試行禁止）、1st AI単独継続 {"date":"2026-09-21","kaisuu":"4","basho":"09","day":"7","race":"6","text":"厳選穴レース|0
レース指標|波乱度: 3|下位進入度: 3|大穴進入度: 1
馬番：11、馬名：メイショウジンライ、人気順: 1、6分前オッズ: 2.6、おすすめ度: 86、選出理由：能力適性:A（85点）。単勝1〜3人気グループ内で単勝流入ランク1位、単勝オッズは計測前3.2倍から2.6倍へ下落し資金流入が継続。複勝は1.4-1.6倍で変化なし、単複比1.9倍と複勝支持が最も安定しており5着以"} 
[2026-09-21 13:24:33] local.ERROR: [Block14] ai_merge_result UPSERT failed {"err":"SQLSTATE[42S22]: Column not found: 1054 Unknown column 'updated_at' in 'field list' (SQL: INSERT INTO t_horse_odds_finder_ai_merge_result (date, kaisuu, basho, basho_code, day, race, race_name, merge_result) VALUES (2026-09-21, 4, 阪神, 09, 7, 6, 3歳以上1勝クラス（混合）［指定］, {\"upset_race\":0,\"gap_type\":\"E\",\"wave_level\":null,\"lower_entry\":null,\"big_gap_entry\":null,\"merged_horses\":[]}) ON DUPLICATE KEY UPDATE   merge_result = VALUES(merge_result),   race_name    = VALUES(race_name),   basho        = VALUES(basho),   updated_at   = CURRENT_TIMESTAMP)"} 
[2026-09-21 13:24:33] local.DEBUG: [Block11] ml_snapshot saved {"date":"2026-09-21","kaisuu":4,"basho_code":"09","day":7,"race":6,"gap_type":"E","merged_cnt":0} 
[2026-09-21 13:25:36] local.DEBUG: [Block10] market_score {"num":1,"score_a":25,"score_b":0,"score_c":0,"score_d":null,"score_e":null,"valid_max":55,"total":36,"f1":true,"f5":false} 
[2026-09-21 13:25:36] local.INFO: [B-13] 市場過小評価フラグ {"date":"2026-09-21","kaisuu":4,"basho_code":"09","day":7,"race":7,"num":1,"total_score":36,"score_a":25,"score_c":0,"valid_max":55,"undereval":false} 
[2026-09-21 13:25:36] local.DEBUG: [Block10] market_score {"num":2,"score_a":0,"score_b":0,"score_c":0,"score_d":null,"score_e":null,"valid_max":55,"total":0,"f1":false,"f5":false} 
[2026-09-21 13:25:36] local.INFO: [B-13] 市場過小評価フラグ {"date":"2026-09-21","kaisuu":4,"basho_code":"09","day":7,"race":7,"num":2,"total_score":0,"score_a":0,"score_c":0,"valid_max":55,"undereval":false} 
[2026-09-21 13:25:36] local.DEBUG: [Block10] market_score {"num":3,"score_a":0,"score_b":0,"score_c":0,"score_d":null,"score_e":null,"valid_max":55,"total":0,"f1":false,"f5":false} 
[2026-09-21 13:25:36] local.INFO: [B-13] 市場過小評価フラグ {"date":"2026-09-21","kaisuu":4,"basho_code":"09","day":7,"race":7,"num":3,"total_score":0,"score_a":0,"score_c":0,"valid_max":55,"undereval":false} 
[2026-09-21 13:25:36] local.DEBUG: [Block10] market_score {"num":4,"score_a":0,"score_b":0,"score_c":0,"score_d":null,"score_e":null,"valid_max":55,"total":0,"f1":false,"f5":false} 
[2026-09-21 13:25:36] local.INFO: [B-13] 市場過小評価フラグ {"date":"2026-09-21","kaisuu":4,"basho_code":"09","day":7,"race":7,"num":4,"total_score":0,"score_a":0,"score_c":0,"valid_max":55,"undereval":false} 
[2026-09-21 13:25:36] local.DEBUG: [Block10] market_score {"num":5,"score_a":0,"score_b":0,"score_c":3,"score_d":null,"score_e":null,"valid_max":55,"total":4,"f1":false,"f5":false} 
[2026-09-21 13:25:36] local.INFO: [B-13] 市場過小評価フラグ {"date":"2026-09-21","kaisuu":4,"basho_code":"09","day":7,"race":7,"num":5,"total_score":4,"score_a":0,"score_c":3,"valid_max":55,"undereval":false} 
[2026-09-21 13:25:36] local.DEBUG: [Block10] market_score {"num":6,"score_a":0,"score_b":0,"score_c":12,"score_d":null,"score_e":null,"valid_max":55,"total":17,"f1":false,"f5":false} 
[2026-09-21 13:25:36] local.INFO: [B-13] 市場過小評価フラグ {"date":"2026-09-21","kaisuu":4,"basho_code":"09","day":7,"race":7,"num":6,"total_score":17,"score_a":0,"score_c":12,"valid_max":55,"undereval":false} 
[2026-09-21 13:25:36] local.DEBUG: [Block10] market_score {"num":7,"score_a":0,"score_b":5,"score_c":0,"score_d":null,"score_e":null,"valid_max":55,"total":7,"f1":false,"f5":false} 
[2026-09-21 13:25:36] local.INFO: [B-13] 市場過小評価フラグ {"date":"2026-09-21","kaisuu":4,"basho_code":"09","day":7,"race":7,"num":7,"total_score":7,"score_a":0,"score_c":0,"valid_max":55,"undereval":false} 
[2026-09-21 13:25:36] local.DEBUG: [Block10] market_score {"num":8,"score_a":0,"score_b":0,"score_c":0,"score_d":null,"score_e":null,"valid_max":55,"total":0,"f1":false,"f5":false} 
[2026-09-21 13:25:36] local.INFO: [B-13] 市場過小評価フラグ {"date":"2026-09-21","kaisuu":4,"basho_code":"09","day":7,"race":7,"num":8,"total_score":0,"score_a":0,"score_c":0,"valid_max":55,"undereval":false} 
[2026-09-21 13:25:36] local.DEBUG: [Block10] market_score {"num":9,"score_a":0,"score_b":0,"score_c":0,"score_d":null,"score_e":null,"valid_max":55,"total":0,"f1":false,"f5":false} 
[2026-09-21 13:25:36] local.INFO: [B-13] 市場過小評価フラグ {"date":"2026-09-21","kaisuu":4,"basho_code":"09","day":7,"race":7,"num":9,"total_score":0,"score_a":0,"score_c":0,"valid_max":55,"undereval":false} 
[2026-09-21 13:25:36] local.DEBUG: [Block10] market_score {"num":10,"score_a":18,"score_b":0,"score_c":12,"score_d":null,"score_e":null,"valid_max":55,"total":44,"f1":true,"f5":false} 
[2026-09-21 13:25:36] local.INFO: [B-13] 市場過小評価フラグ {"date":"2026-09-21","kaisuu":4,"basho_code":"09","day":7,"race":7,"num":10,"total_score":44,"score_a":18,"score_c":12,"valid_max":55,"undereval":false} 
[2026-09-21 13:25:36] local.DEBUG: [Block10] market_score {"num":11,"score_a":25,"score_b":5,"score_c":0,"score_d":null,"score_e":null,"valid_max":55,"total":44,"f1":true,"f5":false} 
[2026-09-21 13:25:36] local.INFO: [B-13] 市場過小評価フラグ {"date":"2026-09-21","kaisuu":4,"basho_code":"09","day":7,"race":7,"num":11,"total_score":44,"score_a":25,"score_c":0,"valid_max":55,"undereval":false} 
[2026-09-21 13:25:36] local.DEBUG: [Block10] market_score {"num":12,"score_a":18,"score_b":0,"score_c":7,"score_d":null,"score_e":null,"valid_max":55,"total":36,"f1":true,"f5":false} 
[2026-09-21 13:25:36] local.INFO: [B-13] 市場過小評価フラグ {"date":"2026-09-21","kaisuu":4,"basho_code":"09","day":7,"race":7,"num":12,"total_score":36,"score_a":18,"score_c":7,"valid_max":55,"undereval":false} 
[2026-09-21 13:25:36] local.DEBUG: [Block10] market_score {"num":13,"score_a":0,"score_b":0,"score_c":3,"score_d":null,"score_e":null,"valid_max":55,"total":4,"f1":false,"f5":false} 
[2026-09-21 13:25:36] local.INFO: [B-13] 市場過小評価フラグ {"date":"2026-09-21","kaisuu":4,"basho_code":"09","day":7,"race":7,"num":13,"total_score":4,"score_a":0,"score_c":3,"valid_max":55,"undereval":false} 
[2026-09-21 13:25:36] local.DEBUG: [Block10] market_score {"num":14,"score_a":0,"score_b":0,"score_c":0,"score_d":null,"score_e":null,"valid_max":55,"total":0,"f1":false,"f5":false} 
[2026-09-21 13:25:36] local.INFO: [B-13] 市場過小評価フラグ {"date":"2026-09-21","kaisuu":4,"basho_code":"09","day":7,"race":7,"num":14,"total_score":0,"score_a":0,"score_c":0,"valid_max":55,"undereval":false} 
[2026-09-21 13:25:36] local.DEBUG: [Block10] market_score {"num":15,"score_a":0,"score_b":0,"score_c":0,"score_d":null,"score_e":null,"valid_max":55,"total":0,"f1":false,"f5":false} 
[2026-09-21 13:25:36] local.INFO: [B-13] 市場過小評価フラグ {"date":"2026-09-21","kaisuu":4,"basho_code":"09","day":7,"race":7,"num":15,"total_score":0,"score_a":0,"score_c":0,"valid_max":55,"undereval":false} 
[2026-09-21 13:25:36] local.DEBUG: [Block10] market_score {"num":16,"score_a":0,"score_b":0,"score_c":0,"score_d":null,"score_e":null,"valid_max":55,"total":0,"f1":false,"f5":false} 
[2026-09-21 13:25:36] local.INFO: [B-13] 市場過小評価フラグ {"date":"2026-09-21","kaisuu":4,"basho_code":"09","day":7,"race":7,"num":16,"total_score":0,"score_a":0,"score_c":0,"valid_max":55,"undereval":false} 
[2026-09-21 13:25:36] local.DEBUG: [Block10] market_score {"num":17,"score_a":0,"score_b":5,"score_c":0,"score_d":null,"score_e":null,"valid_max":55,"total":7,"f1":false,"f5":false} 
[2026-09-21 13:25:36] local.INFO: [B-13] 市場過小評価フラグ {"date":"2026-09-21","kaisuu":4,"basho_code":"09","day":7,"race":7,"num":17,"total_score":7,"score_a":0,"score_c":0,"valid_max":55,"undereval":false} 
[2026-09-21 13:25:36] local.DEBUG: [Block10] market_score {"num":18,"score_a":0,"score_b":5,"score_c":0,"score_d":null,"score_e":null,"valid_max":55,"total":7,"f1":false,"f5":false} 
[2026-09-21 13:25:36] local.INFO: [B-13] 市場過小評価フラグ {"date":"2026-09-21","kaisuu":4,"basho_code":"09","day":7,"race":7,"num":18,"total_score":7,"score_a":0,"score_c":0,"valid_max":55,"undereval":false} 
[2026-09-21 13:25:42] local.WARNING: [B-7] DeepSeek形式不正（再試行禁止）、1st AI単独継続 {"date":"2026-09-21","kaisuu":"4","basho":"09","day":"7","race":"7","text":"厳選穴レース|0
レース指標|波乱度: 3|下位進入度: 3|大穴進入度: 2
馬番：12、馬名：ケールハイム、人気順: 1、6分前オッズ: 2.8、おすすめ度: 74、選出理由：能力適性:B（74点）。1番人気で単勝流入ランク1位（短縮率+34.9%）、複勝オッズも1.6→1.3倍へ継続下落。複勝断層1位の最上位で支持が安定。過去回収率68.3%・OPI帯76.4%と低配当で妙味は薄いが、類似統"} 
[2026-09-21 13:25:42] local.ERROR: [Block14] ai_merge_result UPSERT failed {"err":"SQLSTATE[42S22]: Column not found: 1054 Unknown column 'updated_at' in 'field list' (SQL: INSERT INTO t_horse_odds_finder_ai_merge_result (date, kaisuu, basho, basho_code, day, race, race_name, merge_result) VALUES (2026-09-21, 4, 阪神, 09, 7, 7, 3歳以上1勝クラス[指定], {\"upset_race\":0,\"gap_type\":\"E\",\"wave_level\":null,\"lower_entry\":null,\"big_gap_entry\":null,\"merged_horses\":[]}) ON DUPLICATE KEY UPDATE   merge_result = VALUES(merge_result),   race_name    = VALUES(race_name),   basho        = VALUES(basho),   updated_at   = CURRENT_TIMESTAMP)"} 
[2026-09-21 13:25:42] local.DEBUG: [Block11] ml_snapshot saved {"date":"2026-09-21","kaisuu":4,"basho_code":"09","day":7,"race":7,"gap_type":"E","merged_cnt":0} 
[2026-09-21 13:54:56] local.DEBUG: [Block10] market_score {"num":1,"score_a":0,"score_b":0,"score_c":12,"score_d":null,"score_e":null,"valid_max":55,"total":17,"f1":false,"f5":false} 
[2026-09-21 13:54:56] local.INFO: [B-13] 市場過小評価フラグ {"date":"2026-09-21","kaisuu":4,"basho_code":"09","day":7,"race":8,"num":1,"total_score":17,"score_a":0,"score_c":12,"valid_max":55,"undereval":false} 
[2026-09-21 13:54:56] local.DEBUG: [Block10] market_score {"num":2,"score_a":0,"score_b":0,"score_c":0,"score_d":null,"score_e":null,"valid_max":55,"total":0,"f1":false,"f5":false} 
[2026-09-21 13:54:56] local.INFO: [B-13] 市場過小評価フラグ {"date":"2026-09-21","kaisuu":4,"basho_code":"09","day":7,"race":8,"num":2,"total_score":0,"score_a":0,"score_c":0,"valid_max":55,"undereval":false} 
[2026-09-21 13:54:56] local.DEBUG: [Block10] market_score {"num":3,"score_a":0,"score_b":0,"score_c":7,"score_d":null,"score_e":null,"valid_max":55,"total":10,"f1":false,"f5":false} 
[2026-09-21 13:54:56] local.INFO: [B-13] 市場過小評価フラグ {"date":"2026-09-21","kaisuu":4,"basho_code":"09","day":7,"race":8,"num":3,"total_score":10,"score_a":0,"score_c":7,"valid_max":55,"undereval":false} 
[2026-09-21 13:54:56] local.DEBUG: [Block10] market_score {"num":4,"score_a":0,"score_b":0,"score_c":3,"score_d":null,"score_e":null,"valid_max":55,"total":4,"f1":false,"f5":false} 
[2026-09-21 13:54:56] local.INFO: [B-13] 市場過小評価フラグ {"date":"2026-09-21","kaisuu":4,"basho_code":"09","day":7,"race":8,"num":4,"total_score":4,"score_a":0,"score_c":3,"valid_max":55,"undereval":false} 
[2026-09-21 13:54:56] local.DEBUG: [Block10] market_score {"num":5,"score_a":0,"score_b":0,"score_c":3,"score_d":null,"score_e":null,"valid_max":55,"total":4,"f1":false,"f5":false} 
[2026-09-21 13:54:56] local.INFO: [B-13] 市場過小評価フラグ {"date":"2026-09-21","kaisuu":4,"basho_code":"09","day":7,"race":8,"num":5,"total_score":4,"score_a":0,"score_c":3,"valid_max":55,"undereval":false} 
[2026-09-21 13:54:56] local.DEBUG: [Block10] market_score {"num":6,"score_a":0,"score_b":0,"score_c":0,"score_d":null,"score_e":null,"valid_max":55,"total":0,"f1":false,"f5":false} 
[2026-09-21 13:54:56] local.INFO: [B-13] 市場過小評価フラグ {"date":"2026-09-21","kaisuu":4,"basho_code":"09","day":7,"race":8,"num":6,"total_score":0,"score_a":0,"score_c":0,"valid_max":55,"undereval":false} 
[2026-09-21 13:54:56] local.DEBUG: [Block10] market_score {"num":7,"score_a":0,"score_b":0,"score_c":0,"score_d":null,"score_e":null,"valid_max":55,"total":0,"f1":false,"f5":false} 
[2026-09-21 13:54:56] local.INFO: [B-13] 市場過小評価フラグ {"date":"2026-09-21","kaisuu":4,"basho_code":"09","day":7,"race":8,"num":7,"total_score":0,"score_a":0,"score_c":0,"valid_max":55,"undereval":false} 
[2026-09-21 13:54:56] local.DEBUG: [Block10] market_score {"num":8,"score_a":0,"score_b":0,"score_c":0,"score_d":null,"score_e":null,"valid_max":55,"total":0,"f1":false,"f5":false} 
[2026-09-21 13:54:56] local.INFO: [B-13] 市場過小評価フラグ {"date":"2026-09-21","kaisuu":4,"basho_code":"09","day":7,"race":8,"num":8,"total_score":0,"score_a":0,"score_c":0,"valid_max":55,"undereval":false} 
[2026-09-21 13:54:56] local.DEBUG: [Block10] market_score {"num":9,"score_a":0,"score_b":0,"score_c":15,"score_d":null,"score_e":null,"valid_max":55,"total":22,"f1":false,"f5":false} 
[2026-09-21 13:54:56] local.INFO: [B-13] 市場過小評価フラグ {"date":"2026-09-21","kaisuu":4,"basho_code":"09","day":7,"race":8,"num":9,"total_score":22,"score_a":0,"score_c":15,"valid_max":55,"undereval":false} 
[2026-09-21 13:54:56] local.DEBUG: [Block10] market_score {"num":10,"score_a":0,"score_b":5,"score_c":0,"score_d":null,"score_e":null,"valid_max":55,"total":7,"f1":false,"f5":false} 
[2026-09-21 13:54:56] local.INFO: [B-13] 市場過小評価フラグ {"date":"2026-09-21","kaisuu":4,"basho_code":"09","day":7,"race":8,"num":10,"total_score":7,"score_a":0,"score_c":0,"valid_max":55,"undereval":false} 
[2026-09-21 13:54:56] local.DEBUG: [Block10] market_score {"num":11,"score_a":12,"score_b":0,"score_c":7,"score_d":null,"score_e":null,"valid_max":55,"total":28,"f1":true,"f5":false} 
[2026-09-21 13:54:56] local.INFO: [B-13] 市場過小評価フラグ {"date":"2026-09-21","kaisuu":4,"basho_code":"09","day":7,"race":8,"num":11,"total_score":28,"score_a":12,"score_c":7,"valid_max":55,"undereval":false} 
[2026-09-21 13:54:56] local.DEBUG: [Block10] market_score {"num":12,"score_a":0,"score_b":0,"score_c":0,"score_d":null,"score_e":null,"valid_max":55,"total":0,"f1":false,"f5":false} 
[2026-09-21 13:54:56] local.INFO: [B-13] 市場過小評価フラグ {"date":"2026-09-21","kaisuu":4,"basho_code":"09","day":7,"race":8,"num":12,"total_score":0,"score_a":0,"score_c":0,"valid_max":55,"undereval":false} 
[2026-09-21 13:55:03] local.WARNING: [B-7] DeepSeek形式不正（再試行禁止）、1st AI単独継続 {"date":"2026-09-21","kaisuu":"4","basho":"09","day":"7","race":"8","text":"厳選穴レース|0
レース指標|波乱度: 4|下位進入度: 2|大穴進入度: 1
馬番：4、馬名：アメリカンバー、人気順: 3、6分前オッズ: 6.5、おすすめ度: 74、選出理由：能力適性:B（74点）。複勝オッズが1.7-2.9倍へ下落し複勝流入ランク1位、単複比3.8で3着以内の信頼度が高い。OPI0.97・予測補正OPI0.99で市場評価は過剰ではなく、推定確定6.4倍へ下落補正。フェーズ別"} 
[2026-09-21 13:55:03] local.ERROR: [Block14] ai_merge_result UPSERT failed {"err":"SQLSTATE[42S22]: Column not found: 1054 Unknown column 'updated_at' in 'field list' (SQL: INSERT INTO t_horse_odds_finder_ai_merge_result (date, kaisuu, basho, basho_code, day, race, race_name, merge_result) VALUES (2026-09-21, 4, 阪神, 09, 7, 8, 3歳以上1勝クラス[指定], {\"upset_race\":0,\"gap_type\":\"E\",\"wave_level\":null,\"lower_entry\":null,\"big_gap_entry\":null,\"merged_horses\":[]}) ON DUPLICATE KEY UPDATE   merge_result = VALUES(merge_result),   race_name    = VALUES(race_name),   basho        = VALUES(basho),   updated_at   = CURRENT_TIMESTAMP)"} 
[2026-09-21 13:55:03] local.DEBUG: [Block11] ml_snapshot saved {"date":"2026-09-21","kaisuu":4,"basho_code":"09","day":7,"race":8,"gap_type":"E","merged_cnt":0} 
[2026-09-21 14:27:46] local.DEBUG: [Block10] market_score {"num":1,"score_a":0,"score_b":0,"score_c":0,"score_d":null,"score_e":null,"valid_max":55,"total":0,"f1":false,"f5":false} 
[2026-09-21 14:27:46] local.INFO: [B-13] 市場過小評価フラグ {"date":"2026-09-21","kaisuu":4,"basho_code":"09","day":7,"race":9,"num":1,"total_score":0,"score_a":0,"score_c":0,"valid_max":55,"undereval":false} 
[2026-09-21 14:27:46] local.DEBUG: [Block10] market_score {"num":2,"score_a":0,"score_b":15,"score_c":0,"score_d":null,"score_e":null,"valid_max":55,"total":22,"f1":false,"f5":false} 
[2026-09-21 14:27:46] local.INFO: [B-13] 市場過小評価フラグ {"date":"2026-09-21","kaisuu":4,"basho_code":"09","day":7,"race":9,"num":2,"total_score":22,"score_a":0,"score_c":0,"valid_max":55,"undereval":false} 
[2026-09-21 14:27:46] local.DEBUG: [Block10] market_score {"num":3,"score_a":0,"score_b":0,"score_c":0,"score_d":null,"score_e":null,"valid_max":55,"total":0,"f1":false,"f5":false} 
[2026-09-21 14:27:46] local.INFO: [B-13] 市場過小評価フラグ {"date":"2026-09-21","kaisuu":4,"basho_code":"09","day":7,"race":9,"num":3,"total_score":0,"score_a":0,"score_c":0,"valid_max":55,"undereval":false} 
[2026-09-21 14:27:46] local.DEBUG: [Block10] market_score {"num":4,"score_a":12,"score_b":15,"score_c":0,"score_d":null,"score_e":null,"valid_max":55,"total":39,"f1":true,"f5":false} 
[2026-09-21 14:27:46] local.INFO: [B-13] 市場過小評価フラグ {"date":"2026-09-21","kaisuu":4,"basho_code":"09","day":7,"race":9,"num":4,"total_score":39,"score_a":12,"score_c":0,"valid_max":55,"undereval":false} 
[2026-09-21 14:27:46] local.DEBUG: [Block10] market_score {"num":5,"score_a":0,"score_b":5,"score_c":0,"score_d":null,"score_e":null,"valid_max":55,"total":7,"f1":false,"f5":false} 
[2026-09-21 14:27:46] local.INFO: [B-13] 市場過小評価フラグ {"date":"2026-09-21","kaisuu":4,"basho_code":"09","day":7,"race":9,"num":5,"total_score":7,"score_a":0,"score_c":0,"valid_max":55,"undereval":false} 
[2026-09-21 14:27:46] local.DEBUG: [Block10] market_score {"num":6,"score_a":0,"score_b":0,"score_c":3,"score_d":null,"score_e":null,"valid_max":55,"total":4,"f1":false,"f5":false} 
[2026-09-21 14:27:46] local.INFO: [B-13] 市場過小評価フラグ {"date":"2026-09-21","kaisuu":4,"basho_code":"09","day":7,"race":9,"num":6,"total_score":4,"score_a":0,"score_c":3,"valid_max":55,"undereval":false} 
[2026-09-21 14:27:46] local.DEBUG: [Block10] market_score {"num":7,"score_a":0,"score_b":0,"score_c":0,"score_d":null,"score_e":null,"valid_max":55,"total":0,"f1":false,"f5":false} 
[2026-09-21 14:27:46] local.INFO: [B-13] 市場過小評価フラグ {"date":"2026-09-21","kaisuu":4,"basho_code":"09","day":7,"race":9,"num":7,"total_score":0,"score_a":0,"score_c":0,"valid_max":55,"undereval":false} 
[2026-09-21 14:27:46] local.DEBUG: [Block10] market_score {"num":8,"score_a":12,"score_b":0,"score_c":0,"score_d":null,"score_e":null,"valid_max":55,"total":17,"f1":true,"f5":false} 
[2026-09-21 14:27:46] local.INFO: [B-13] 市場過小評価フラグ {"date":"2026-09-21","kaisuu":4,"basho_code":"09","day":7,"race":9,"num":8,"total_score":17,"score_a":12,"score_c":0,"valid_max":55,"undereval":false} 
[2026-09-21 14:27:46] local.DEBUG: [Block10] market_score {"num":9,"score_a":0,"score_b":0,"score_c":0,"score_d":null,"score_e":null,"valid_max":55,"total":0,"f1":false,"f5":false} 
[2026-09-21 14:27:46] local.INFO: [B-13] 市場過小評価フラグ {"date":"2026-09-21","kaisuu":4,"basho_code":"09","day":7,"race":9,"num":9,"total_score":0,"score_a":0,"score_c":0,"valid_max":55,"undereval":false} 
[2026-09-21 14:27:46] local.DEBUG: [Block10] market_score {"num":10,"score_a":0,"score_b":0,"score_c":0,"score_d":null,"score_e":null,"valid_max":55,"total":0,"f1":false,"f5":false} 
[2026-09-21 14:27:46] local.INFO: [B-13] 市場過小評価フラグ {"date":"2026-09-21","kaisuu":4,"basho_code":"09","day":7,"race":9,"num":10,"total_score":0,"score_a":0,"score_c":0,"valid_max":55,"undereval":false} 
[2026-09-21 14:27:46] local.DEBUG: [Block10] market_score {"num":11,"score_a":0,"score_b":5,"score_c":0,"score_d":null,"score_e":null,"valid_max":55,"total":7,"f1":false,"f5":false} 
[2026-09-21 14:27:46] local.INFO: [B-13] 市場過小評価フラグ {"date":"2026-09-21","kaisuu":4,"basho_code":"09","day":7,"race":9,"num":11,"total_score":7,"score_a":0,"score_c":0,"valid_max":55,"undereval":false} 
[2026-09-21 14:27:46] local.DEBUG: [Block10] market_score {"num":12,"score_a":0,"score_b":0,"score_c":7,"score_d":null,"score_e":null,"valid_max":55,"total":10,"f1":false,"f5":false} 
[2026-09-21 14:27:46] local.INFO: [B-13] 市場過小評価フラグ {"date":"2026-09-21","kaisuu":4,"basho_code":"09","day":7,"race":9,"num":12,"total_score":10,"score_a":0,"score_c":7,"valid_max":55,"undereval":false} 
[2026-09-21 14:27:46] local.DEBUG: [Block10] market_score {"num":13,"score_a":0,"score_b":5,"score_c":0,"score_d":null,"score_e":null,"valid_max":55,"total":7,"f1":false,"f5":false} 
[2026-09-21 14:27:46] local.INFO: [B-13] 市場過小評価フラグ {"date":"2026-09-21","kaisuu":4,"basho_code":"09","day":7,"race":9,"num":13,"total_score":7,"score_a":0,"score_c":0,"valid_max":55,"undereval":false} 
[2026-09-21 14:27:46] local.DEBUG: [Block10] market_score {"num":14,"score_a":0,"score_b":0,"score_c":12,"score_d":null,"score_e":null,"valid_max":55,"total":17,"f1":false,"f5":false} 
[2026-09-21 14:27:46] local.INFO: [B-13] 市場過小評価フラグ {"date":"2026-09-21","kaisuu":4,"basho_code":"09","day":7,"race":9,"num":14,"total_score":17,"score_a":0,"score_c":12,"valid_max":55,"undereval":false} 
[2026-09-21 14:27:46] local.DEBUG: [Block10] market_score {"num":15,"score_a":0,"score_b":0,"score_c":0,"score_d":null,"score_e":null,"valid_max":55,"total":0,"f1":false,"f5":false} 
[2026-09-21 14:27:46] local.INFO: [B-13] 市場過小評価フラグ {"date":"2026-09-21","kaisuu":4,"basho_code":"09","day":7,"race":9,"num":15,"total_score":0,"score_a":0,"score_c":0,"valid_max":55,"undereval":false} 
[2026-09-21 14:27:46] local.DEBUG: [Block10] market_score {"num":16,"score_a":0,"score_b":0,"score_c":15,"score_d":null,"score_e":null,"valid_max":55,"total":22,"f1":false,"f5":false} 
[2026-09-21 14:27:46] local.INFO: [B-13] 市場過小評価フラグ {"date":"2026-09-21","kaisuu":4,"basho_code":"09","day":7,"race":9,"num":16,"total_score":22,"score_a":0,"score_c":15,"valid_max":55,"undereval":false} 
[2026-09-21 14:27:53] local.WARNING: [B-7] DeepSeek形式不正（再試行禁止）、1st AI単独継続 {"date":"2026-09-21","kaisuu":"4","basho":"09","day":"7","race":"9","text":"厳選穴レース|0
レース指標|波乱度: 4|下位進入度: 3|大穴進入度: 1
馬番：12、馬名：ピカラ、人気順: 1、6分前オッズ: 2.8、おすすめ度: 78、選出理由：能力適性:A（84点）。単勝流入ランク1位で計測前3.5倍から6分前2.8倍へ20%下落と継続資金流入。複勝OPI1.08で複勝支持は安定、補正係数0.9864で推定確定2.8倍と直前の集中継続。類似レース統計1番人気は3着以"} 
[2026-09-21 14:27:53] local.ERROR: [Block14] ai_merge_result UPSERT failed {"err":"SQLSTATE[42S22]: Column not found: 1054 Unknown column 'updated_at' in 'field list' (SQL: INSERT INTO t_horse_odds_finder_ai_merge_result (date, kaisuu, basho, basho_code, day, race, race_name, merge_result) VALUES (2026-09-21, 4, 阪神, 09, 7, 9, 新涼特別, {\"upset_race\":0,\"gap_type\":\"E\",\"wave_level\":null,\"lower_entry\":null,\"big_gap_entry\":null,\"merged_horses\":[]}) ON DUPLICATE KEY UPDATE   merge_result = VALUES(merge_result),   race_name    = VALUES(race_name),   basho        = VALUES(basho),   updated_at   = CURRENT_TIMESTAMP)"} 
[2026-09-21 14:27:53] local.DEBUG: [Block11] ml_snapshot saved {"date":"2026-09-21","kaisuu":4,"basho_code":"09","day":7,"race":9,"gap_type":"E","merged_cnt":0} 
[2026-09-21 15:29:31] local.DEBUG: [Block10] market_score {"num":1,"score_a":0,"score_b":0,"score_c":0,"score_d":null,"score_e":null,"valid_max":55,"total":0,"f1":false,"f5":false} 
[2026-09-21 15:29:31] local.INFO: [B-13] 市場過小評価フラグ {"date":"2026-09-21","kaisuu":4,"basho_code":"09","day":7,"race":10,"num":1,"total_score":0,"score_a":0,"score_c":0,"valid_max":55,"undereval":false} 
[2026-09-21 15:29:31] local.DEBUG: [Block10] market_score {"num":2,"score_a":0,"score_b":0,"score_c":0,"score_d":null,"score_e":null,"valid_max":55,"total":0,"f1":false,"f5":false} 
[2026-09-21 15:29:31] local.INFO: [B-13] 市場過小評価フラグ {"date":"2026-09-21","kaisuu":4,"basho_code":"09","day":7,"race":10,"num":2,"total_score":0,"score_a":0,"score_c":0,"valid_max":55,"undereval":false} 
[2026-09-21 15:29:31] local.DEBUG: [Block10] market_score {"num":3,"score_a":0,"score_b":0,"score_c":0,"score_d":null,"score_e":null,"valid_max":55,"total":0,"f1":false,"f5":false} 
[2026-09-21 15:29:31] local.INFO: [B-13] 市場過小評価フラグ {"date":"2026-09-21","kaisuu":4,"basho_code":"09","day":7,"race":10,"num":3,"total_score":0,"score_a":0,"score_c":0,"valid_max":55,"undereval":false} 
[2026-09-21 15:29:31] local.DEBUG: [Block10] market_score {"num":4,"score_a":0,"score_b":0,"score_c":3,"score_d":null,"score_e":null,"valid_max":55,"total":4,"f1":false,"f5":false} 
[2026-09-21 15:29:31] local.INFO: [B-13] 市場過小評価フラグ {"date":"2026-09-21","kaisuu":4,"basho_code":"09","day":7,"race":10,"num":4,"total_score":4,"score_a":0,"score_c":3,"valid_max":55,"undereval":false} 
[2026-09-21 15:29:31] local.DEBUG: [Block10] market_score {"num":5,"score_a":0,"score_b":0,"score_c":0,"score_d":null,"score_e":null,"valid_max":55,"total":0,"f1":false,"f5":false} 
[2026-09-21 15:29:31] local.INFO: [B-13] 市場過小評価フラグ {"date":"2026-09-21","kaisuu":4,"basho_code":"09","day":7,"race":10,"num":5,"total_score":0,"score_a":0,"score_c":0,"valid_max":55,"undereval":false} 
[2026-09-21 15:29:31] local.DEBUG: [Block10] market_score {"num":6,"score_a":0,"score_b":0,"score_c":0,"score_d":null,"score_e":null,"valid_max":55,"total":0,"f1":false,"f5":false} 
[2026-09-21 15:29:31] local.INFO: [B-13] 市場過小評価フラグ {"date":"2026-09-21","kaisuu":4,"basho_code":"09","day":7,"race":10,"num":6,"total_score":0,"score_a":0,"score_c":0,"valid_max":55,"undereval":false} 
[2026-09-21 15:29:31] local.DEBUG: [Block10] market_score {"num":7,"score_a":0,"score_b":0,"score_c":0,"score_d":null,"score_e":null,"valid_max":55,"total":0,"f1":false,"f5":false} 
[2026-09-21 15:29:31] local.INFO: [B-13] 市場過小評価フラグ {"date":"2026-09-21","kaisuu":4,"basho_code":"09","day":7,"race":10,"num":7,"total_score":0,"score_a":0,"score_c":0,"valid_max":55,"undereval":false} 
[2026-09-21 15:29:31] local.DEBUG: [Block10] market_score {"num":8,"score_a":0,"score_b":5,"score_c":0,"score_d":null,"score_e":null,"valid_max":55,"total":7,"f1":false,"f5":false} 
[2026-09-21 15:29:31] local.INFO: [B-13] 市場過小評価フラグ {"date":"2026-09-21","kaisuu":4,"basho_code":"09","day":7,"race":10,"num":8,"total_score":7,"score_a":0,"score_c":0,"valid_max":55,"undereval":false} 
[2026-09-21 15:29:31] local.DEBUG: [Block10] market_score {"num":9,"score_a":0,"score_b":15,"score_c":0,"score_d":null,"score_e":null,"valid_max":55,"total":22,"f1":false,"f5":false} 
[2026-09-21 15:29:31] local.INFO: [B-13] 市場過小評価フラグ {"date":"2026-09-21","kaisuu":4,"basho_code":"09","day":7,"race":10,"num":9,"total_score":22,"score_a":0,"score_c":0,"valid_max":55,"undereval":false} 
[2026-09-21 15:29:31] local.DEBUG: [Block10] market_score {"num":10,"score_a":0,"score_b":0,"score_c":15,"score_d":null,"score_e":null,"valid_max":55,"total":22,"f1":false,"f5":false} 
[2026-09-21 15:29:31] local.INFO: [B-13] 市場過小評価フラグ {"date":"2026-09-21","kaisuu":4,"basho_code":"09","day":7,"race":10,"num":10,"total_score":22,"score_a":0,"score_c":15,"valid_max":55,"undereval":false} 
[2026-09-21 15:29:31] local.DEBUG: [Block10] market_score {"num":11,"score_a":12,"score_b":0,"score_c":3,"score_d":null,"score_e":null,"valid_max":55,"total":22,"f1":true,"f5":false} 
[2026-09-21 15:29:31] local.INFO: [B-13] 市場過小評価フラグ {"date":"2026-09-21","kaisuu":4,"basho_code":"09","day":7,"race":10,"num":11,"total_score":22,"score_a":12,"score_c":3,"valid_max":55,"undereval":false} 
[2026-09-21 15:29:31] local.DEBUG: [Block10] market_score {"num":12,"score_a":25,"score_b":0,"score_c":0,"score_d":null,"score_e":null,"valid_max":55,"total":36,"f1":true,"f5":false} 
[2026-09-21 15:29:31] local.INFO: [B-13] 市場過小評価フラグ {"date":"2026-09-21","kaisuu":4,"basho_code":"09","day":7,"race":10,"num":12,"total_score":36,"score_a":25,"score_c":0,"valid_max":55,"undereval":false} 
[2026-09-21 15:29:31] local.DEBUG: [Block10] market_score {"num":13,"score_a":0,"score_b":0,"score_c":0,"score_d":null,"score_e":null,"valid_max":55,"total":0,"f1":false,"f5":false} 
[2026-09-21 15:29:31] local.INFO: [B-13] 市場過小評価フラグ {"date":"2026-09-21","kaisuu":4,"basho_code":"09","day":7,"race":10,"num":13,"total_score":0,"score_a":0,"score_c":0,"valid_max":55,"undereval":false} 
[2026-09-21 15:29:31] local.DEBUG: [Block10] market_score {"num":14,"score_a":0,"score_b":0,"score_c":0,"score_d":null,"score_e":null,"valid_max":55,"total":0,"f1":false,"f5":false} 
[2026-09-21 15:29:31] local.INFO: [B-13] 市場過小評価フラグ {"date":"2026-09-21","kaisuu":4,"basho_code":"09","day":7,"race":10,"num":14,"total_score":0,"score_a":0,"score_c":0,"valid_max":55,"undereval":false} 
[2026-09-21 15:29:31] local.DEBUG: [Block10] market_score {"num":15,"score_a":18,"score_b":0,"score_c":7,"score_d":null,"score_e":null,"valid_max":55,"total":36,"f1":true,"f5":false} 
[2026-09-21 15:29:31] local.INFO: [B-13] 市場過小評価フラグ {"date":"2026-09-21","kaisuu":4,"basho_code":"09","day":7,"race":10,"num":15,"total_score":36,"score_a":18,"score_c":7,"valid_max":55,"undereval":false} 
[2026-09-21 15:29:31] local.DEBUG: [Block10] market_score {"num":16,"score_a":0,"score_b":5,"score_c":0,"score_d":null,"score_e":null,"valid_max":55,"total":7,"f1":false,"f5":false} 
[2026-09-21 15:29:31] local.INFO: [B-13] 市場過小評価フラグ {"date":"2026-09-21","kaisuu":4,"basho_code":"09","day":7,"race":10,"num":16,"total_score":7,"score_a":0,"score_c":0,"valid_max":55,"undereval":false} 
[2026-09-21 15:29:41] local.WARNING: [B-7] DeepSeek形式不正（再試行禁止）、1st AI単独継続 {"date":"2026-09-21","kaisuu":"4","basho":"09","day":"7","race":"10","text":"厳選穴レース|0
レース指標|波乱度: 3|下位進入度: 3|大穴進入度: 2
馬番：3、馬名：レジェンドシップ、人気順: 6、6分前オッズ: 14.4、おすすめ度: 73、選出理由：能力適性:B（77点）。1勝クラスを連勝中で先行力と持続力に秀で、2000m戦で1-1-1-1の逃げ切り勝ち実績があり2200m延長も血統的に許容範囲。複勝オッズが3.2倍から4.2倍へ上昇しているが複勝OPI0.7"} 
[2026-09-21 15:29:41] local.ERROR: [Block14] ai_merge_result UPSERT failed {"err":"SQLSTATE[42S22]: Column not found: 1054 Unknown column 'updated_at' in 'field list' (SQL: INSERT INTO t_horse_odds_finder_ai_merge_result (date, kaisuu, basho, basho_code, day, race, race_name, merge_result) VALUES (2026-09-21, 4, 阪神, 09, 7, 10, Mキタサンブラック, {\"upset_race\":0,\"gap_type\":\"D\",\"wave_level\":null,\"lower_entry\":null,\"big_gap_entry\":null,\"merged_horses\":[]}) ON DUPLICATE KEY UPDATE   merge_result = VALUES(merge_result),   race_name    = VALUES(race_name),   basho        = VALUES(basho),   updated_at   = CURRENT_TIMESTAMP)"} 
[2026-09-21 15:29:41] local.DEBUG: [Block11] ml_snapshot saved {"date":"2026-09-21","kaisuu":4,"basho_code":"09","day":7,"race":10,"gap_type":"D","merged_cnt":0} 
[2026-09-21 15:46:24] local.DEBUG: [Block10] market_score {"num":1,"score_a":0,"score_b":0,"score_c":0,"score_d":null,"score_e":null,"valid_max":55,"total":0,"f1":false,"f5":false} 
[2026-09-21 15:46:24] local.INFO: [B-13] 市場過小評価フラグ {"date":"2026-09-21","kaisuu":4,"basho_code":"09","day":7,"race":11,"num":1,"total_score":0,"score_a":0,"score_c":0,"valid_max":55,"undereval":false} 
[2026-09-21 15:46:24] local.DEBUG: [Block10] market_score {"num":2,"score_a":0,"score_b":0,"score_c":3,"score_d":null,"score_e":null,"valid_max":55,"total":4,"f1":false,"f5":false} 
[2026-09-21 15:46:24] local.INFO: [B-13] 市場過小評価フラグ {"date":"2026-09-21","kaisuu":4,"basho_code":"09","day":7,"race":11,"num":2,"total_score":4,"score_a":0,"score_c":3,"valid_max":55,"undereval":false} 
[2026-09-21 15:46:24] local.DEBUG: [Block10] market_score {"num":3,"score_a":0,"score_b":5,"score_c":15,"score_d":null,"score_e":null,"valid_max":55,"total":29,"f1":false,"f5":false} 
[2026-09-21 15:46:24] local.INFO: [B-13] 市場過小評価フラグ {"date":"2026-09-21","kaisuu":4,"basho_code":"09","day":7,"race":11,"num":3,"total_score":29,"score_a":0,"score_c":15,"valid_max":55,"undereval":false} 
[2026-09-21 15:46:24] local.DEBUG: [Block10] market_score {"num":4,"score_a":0,"score_b":5,"score_c":15,"score_d":null,"score_e":null,"valid_max":55,"total":29,"f1":false,"f5":false} 
[2026-09-21 15:46:24] local.INFO: [B-13] 市場過小評価フラグ {"date":"2026-09-21","kaisuu":4,"basho_code":"09","day":7,"race":11,"num":4,"total_score":29,"score_a":0,"score_c":15,"valid_max":55,"undereval":false} 
[2026-09-21 15:46:24] local.DEBUG: [Block10] market_score {"num":5,"score_a":0,"score_b":0,"score_c":3,"score_d":null,"score_e":null,"valid_max":55,"total":4,"f1":false,"f5":false} 
[2026-09-21 15:46:24] local.INFO: [B-13] 市場過小評価フラグ {"date":"2026-09-21","kaisuu":4,"basho_code":"09","day":7,"race":11,"num":5,"total_score":4,"score_a":0,"score_c":3,"valid_max":55,"undereval":false} 
[2026-09-21 15:46:24] local.DEBUG: [Block10] market_score {"num":6,"score_a":0,"score_b":0,"score_c":3,"score_d":null,"score_e":null,"valid_max":55,"total":4,"f1":false,"f5":false} 
[2026-09-21 15:46:24] local.INFO: [B-13] 市場過小評価フラグ {"date":"2026-09-21","kaisuu":4,"basho_code":"09","day":7,"race":11,"num":6,"total_score":4,"score_a":0,"score_c":3,"valid_max":55,"undereval":false} 
[2026-09-21 15:46:24] local.DEBUG: [Block10] market_score {"num":7,"score_a":0,"score_b":0,"score_c":7,"score_d":null,"score_e":null,"valid_max":55,"total":10,"f1":false,"f5":false} 
[2026-09-21 15:46:24] local.INFO: [B-13] 市場過小評価フラグ {"date":"2026-09-21","kaisuu":4,"basho_code":"09","day":7,"race":11,"num":7,"total_score":10,"score_a":0,"score_c":7,"valid_max":55,"undereval":false} 
[2026-09-21 15:46:24] local.DEBUG: [Block10] market_score {"num":8,"score_a":0,"score_b":0,"score_c":12,"score_d":null,"score_e":null,"valid_max":55,"total":17,"f1":false,"f5":false} 
[2026-09-21 15:46:24] local.INFO: [B-13] 市場過小評価フラグ {"date":"2026-09-21","kaisuu":4,"basho_code":"09","day":7,"race":11,"num":8,"total_score":17,"score_a":0,"score_c":12,"valid_max":55,"undereval":false} 
[2026-09-21 15:46:24] local.DEBUG: [Block10] market_score {"num":9,"score_a":0,"score_b":0,"score_c":15,"score_d":null,"score_e":null,"valid_max":55,"total":22,"f1":false,"f5":false} 
[2026-09-21 15:46:24] local.INFO: [B-13] 市場過小評価フラグ {"date":"2026-09-21","kaisuu":4,"basho_code":"09","day":7,"race":11,"num":9,"total_score":22,"score_a":0,"score_c":15,"valid_max":55,"undereval":false} 
[2026-09-21 15:46:24] local.DEBUG: [Block10] market_score {"num":10,"score_a":12,"score_b":10,"score_c":0,"score_d":null,"score_e":null,"valid_max":55,"total":32,"f1":true,"f5":false} 
[2026-09-21 15:46:24] local.INFO: [B-13] 市場過小評価フラグ {"date":"2026-09-21","kaisuu":4,"basho_code":"09","day":7,"race":11,"num":10,"total_score":32,"score_a":12,"score_c":0,"valid_max":55,"undereval":false} 
[2026-09-21 15:46:24] local.DEBUG: [Block10] market_score {"num":11,"score_a":0,"score_b":0,"score_c":12,"score_d":null,"score_e":null,"valid_max":55,"total":17,"f1":false,"f5":false} 
[2026-09-21 15:46:24] local.INFO: [B-13] 市場過小評価フラグ {"date":"2026-09-21","kaisuu":4,"basho_code":"09","day":7,"race":11,"num":11,"total_score":17,"score_a":0,"score_c":12,"valid_max":55,"undereval":false} 
[2026-09-21 15:46:30] local.WARNING: [B-7] DeepSeek形式不正（再試行禁止）、1st AI単独継続 {"date":"2026-09-21","kaisuu":"4","basho":"09","day":"7","race":"11","text":"厳選穴レース|0
レース指標|波乱度: 4|下位進入度: 3|大穴進入度: 2
馬番：9、馬名：グリーンエナジー、人気順: 2、6分前オッズ: 8.3、おすすめ度: 76、選出理由：能力適性:B（74点）。単勝OPI0.53・複勝OPI0.78と市場の過小評価ゾーン、推定確定7.6倍で複勝最小1.8倍と妙味十分。複勝流出5.3%が反証だがOPI0.70未満×1〜3人気の回収率90.1%、2番人気の"} 
[2026-09-21 15:46:30] local.ERROR: [Block14] ai_merge_result UPSERT failed {"err":"SQLSTATE[42S22]: Column not found: 1054 Unknown column 'updated_at' in 'field list' (SQL: INSERT INTO t_horse_odds_finder_ai_merge_result (date, kaisuu, basho, basho_code, day, race, race_name, merge_result) VALUES (2026-09-21, 4, 阪神, 09, 7, 11, 神戸新聞杯, {\"upset_race\":0,\"gap_type\":\"E\",\"wave_level\":null,\"lower_entry\":null,\"big_gap_entry\":null,\"merged_horses\":[]}) ON DUPLICATE KEY UPDATE   merge_result = VALUES(merge_result),   race_name    = VALUES(race_name),   basho        = VALUES(basho),   updated_at   = CURRENT_TIMESTAMP)"} 
[2026-09-21 15:46:30] local.DEBUG: [Block11] ml_snapshot saved {"date":"2026-09-21","kaisuu":4,"basho_code":"09","day":7,"race":11,"gap_type":"E","merged_cnt":0} 
[2026-09-21 16:29:52] local.DEBUG: [Block10] market_score {"num":1,"score_a":0,"score_b":0,"score_c":0,"score_d":null,"score_e":null,"valid_max":55,"total":0,"f1":false,"f5":false} 
[2026-09-21 16:29:52] local.INFO: [B-13] 市場過小評価フラグ {"date":"2026-09-21","kaisuu":4,"basho_code":"09","day":7,"race":12,"num":1,"total_score":0,"score_a":0,"score_c":0,"valid_max":55,"undereval":false} 
[2026-09-21 16:29:52] local.DEBUG: [Block10] market_score {"num":2,"score_a":0,"score_b":0,"score_c":0,"score_d":null,"score_e":null,"valid_max":55,"total":0,"f1":false,"f5":false} 
[2026-09-21 16:29:52] local.INFO: [B-13] 市場過小評価フラグ {"date":"2026-09-21","kaisuu":4,"basho_code":"09","day":7,"race":12,"num":2,"total_score":0,"score_a":0,"score_c":0,"valid_max":55,"undereval":false} 
[2026-09-21 16:29:52] local.DEBUG: [Block10] market_score {"num":3,"score_a":0,"score_b":0,"score_c":0,"score_d":null,"score_e":null,"valid_max":55,"total":0,"f1":false,"f5":false} 
[2026-09-21 16:29:52] local.INFO: [B-13] 市場過小評価フラグ {"date":"2026-09-21","kaisuu":4,"basho_code":"09","day":7,"race":12,"num":3,"total_score":0,"score_a":0,"score_c":0,"valid_max":55,"undereval":false} 
[2026-09-21 16:29:52] local.DEBUG: [Block10] market_score {"num":4,"score_a":0,"score_b":0,"score_c":12,"score_d":null,"score_e":null,"valid_max":55,"total":17,"f1":false,"f5":false} 
[2026-09-21 16:29:52] local.INFO: [B-13] 市場過小評価フラグ {"date":"2026-09-21","kaisuu":4,"basho_code":"09","day":7,"race":12,"num":4,"total_score":17,"score_a":0,"score_c":12,"valid_max":55,"undereval":false} 
[2026-09-21 16:29:52] local.DEBUG: [Block10] market_score {"num":5,"score_a":0,"score_b":0,"score_c":0,"score_d":null,"score_e":null,"valid_max":55,"total":0,"f1":false,"f5":false} 
[2026-09-21 16:29:52] local.INFO: [B-13] 市場過小評価フラグ {"date":"2026-09-21","kaisuu":4,"basho_code":"09","day":7,"race":12,"num":5,"total_score":0,"score_a":0,"score_c":0,"valid_max":55,"undereval":false} 
[2026-09-21 16:29:52] local.DEBUG: [Block10] market_score {"num":6,"score_a":0,"score_b":0,"score_c":0,"score_d":null,"score_e":null,"valid_max":55,"total":0,"f1":false,"f5":false} 
[2026-09-21 16:29:52] local.INFO: [B-13] 市場過小評価フラグ {"date":"2026-09-21","kaisuu":4,"basho_code":"09","day":7,"race":12,"num":6,"total_score":0,"score_a":0,"score_c":0,"valid_max":55,"undereval":false} 
[2026-09-21 16:29:52] local.DEBUG: [Block10] market_score {"num":7,"score_a":0,"score_b":10,"score_c":0,"score_d":null,"score_e":null,"valid_max":55,"total":15,"f1":false,"f5":false} 
[2026-09-21 16:29:52] local.INFO: [B-13] 市場過小評価フラグ {"date":"2026-09-21","kaisuu":4,"basho_code":"09","day":7,"race":12,"num":7,"total_score":15,"score_a":0,"score_c":0,"valid_max":55,"undereval":false} 
[2026-09-21 16:29:52] local.DEBUG: [Block10] market_score {"num":8,"score_a":0,"score_b":0,"score_c":0,"score_d":null,"score_e":null,"valid_max":55,"total":0,"f1":false,"f5":false} 
[2026-09-21 16:29:52] local.INFO: [B-13] 市場過小評価フラグ {"date":"2026-09-21","kaisuu":4,"basho_code":"09","day":7,"race":12,"num":8,"total_score":0,"score_a":0,"score_c":0,"valid_max":55,"undereval":false} 
[2026-09-21 16:29:52] local.DEBUG: [Block10] market_score {"num":9,"score_a":0,"score_b":0,"score_c":3,"score_d":null,"score_e":null,"valid_max":55,"total":4,"f1":false,"f5":false} 
[2026-09-21 16:29:52] local.INFO: [B-13] 市場過小評価フラグ {"date":"2026-09-21","kaisuu":4,"basho_code":"09","day":7,"race":12,"num":9,"total_score":4,"score_a":0,"score_c":3,"valid_max":55,"undereval":false} 
[2026-09-21 16:29:52] local.DEBUG: [Block10] market_score {"num":10,"score_a":0,"score_b":0,"score_c":0,"score_d":null,"score_e":null,"valid_max":55,"total":0,"f1":false,"f5":false} 
[2026-09-21 16:29:52] local.INFO: [B-13] 市場過小評価フラグ {"date":"2026-09-21","kaisuu":4,"basho_code":"09","day":7,"race":12,"num":10,"total_score":0,"score_a":0,"score_c":0,"valid_max":55,"undereval":false} 
[2026-09-21 16:29:52] local.DEBUG: [Block10] market_score {"num":11,"score_a":0,"score_b":0,"score_c":0,"score_d":null,"score_e":null,"valid_max":55,"total":0,"f1":false,"f5":false} 
[2026-09-21 16:29:52] local.INFO: [B-13] 市場過小評価フラグ {"date":"2026-09-21","kaisuu":4,"basho_code":"09","day":7,"race":12,"num":11,"total_score":0,"score_a":0,"score_c":0,"valid_max":55,"undereval":false} 
[2026-09-21 16:29:52] local.DEBUG: [Block10] market_score {"num":12,"score_a":0,"score_b":5,"score_c":0,"score_d":null,"score_e":null,"valid_max":55,"total":7,"f1":false,"f5":false} 
[2026-09-21 16:29:52] local.INFO: [B-13] 市場過小評価フラグ {"date":"2026-09-21","kaisuu":4,"basho_code":"09","day":7,"race":12,"num":12,"total_score":7,"score_a":0,"score_c":0,"valid_max":55,"undereval":false} 
[2026-09-21 16:29:52] local.DEBUG: [Block10] market_score {"num":13,"score_a":0,"score_b":0,"score_c":0,"score_d":null,"score_e":null,"valid_max":55,"total":0,"f1":false,"f5":false} 
[2026-09-21 16:29:52] local.INFO: [B-13] 市場過小評価フラグ {"date":"2026-09-21","kaisuu":4,"basho_code":"09","day":7,"race":12,"num":13,"total_score":0,"score_a":0,"score_c":0,"valid_max":55,"undereval":false} 
[2026-09-21 16:29:52] local.DEBUG: [Block10] market_score {"num":14,"score_a":0,"score_b":0,"score_c":3,"score_d":null,"score_e":null,"valid_max":55,"total":4,"f1":false,"f5":false} 
[2026-09-21 16:29:52] local.INFO: [B-13] 市場過小評価フラグ {"date":"2026-09-21","kaisuu":4,"basho_code":"09","day":7,"race":12,"num":14,"total_score":4,"score_a":0,"score_c":3,"valid_max":55,"undereval":false} 
[2026-09-21 16:29:52] local.DEBUG: [Block10] market_score {"num":15,"score_a":0,"score_b":0,"score_c":0,"score_d":null,"score_e":null,"valid_max":55,"total":0,"f1":false,"f5":false} 
[2026-09-21 16:29:52] local.INFO: [B-13] 市場過小評価フラグ {"date":"2026-09-21","kaisuu":4,"basho_code":"09","day":7,"race":12,"num":15,"total_score":0,"score_a":0,"score_c":0,"valid_max":55,"undereval":false} 
[2026-09-21 16:30:00] local.WARNING: [B-7] DeepSeek形式不正（再試行禁止）、1st AI単独継続 {"date":"2026-09-21","kaisuu":"4","basho":"09","day":"7","race":"12","text":"厳選穴レース|0
レース指標|波乱度: 4|下位進入度: 3|大穴進入度: 1
馬番：5、馬名：ホットシート、人気順: 2、6分前オッズ: 4.3、おすすめ度: 74、選出理由：能力適性:B（72点）。単勝が5.7→4.3倍へ24.6%下落し単勝流入ランク1位、複勝も1.7→1.4倍へ17.6%下落し複勝流入ランク1位と単複同時に継続資金流入。複勝最小と最大の幅が1.4-2.0倍と狭く支持が安定。"} 
[2026-09-21 16:30:00] local.ERROR: [Block14] ai_merge_result UPSERT failed {"err":"SQLSTATE[42S22]: Column not found: 1054 Unknown column 'updated_at' in 'field list' (SQL: INSERT INTO t_horse_odds_finder_ai_merge_result (date, kaisuu, basho, basho_code, day, race, race_name, merge_result) VALUES (2026-09-21, 4, 阪神, 09, 7, 12, 3歳以上1勝クラス[指定], {\"upset_race\":0,\"gap_type\":\"D\",\"wave_level\":null,\"lower_entry\":null,\"big_gap_entry\":null,\"merged_horses\":[]}) ON DUPLICATE KEY UPDATE   merge_result = VALUES(merge_result),   race_name    = VALUES(race_name),   basho        = VALUES(basho),   updated_at   = CURRENT_TIMESTAMP)"} 
[2026-09-21 16:30:00] local.DEBUG: [Block11] ml_snapshot saved {"date":"2026-09-21","kaisuu":4,"basho_code":"09","day":7,"race":12,"gap_type":"D","merged_cnt":0} 
[2026-09-21 20:50:17] local.WARNING: SummaryRacesIntrospection: 着順データ不足のためスキップ {"label":"東京 11R","r1":4,"r2":14,"r3":"?"} 
[2026-09-21 20:50:17] local.WARNING: SummaryRacesIntrospection: 着順データ不足のためスキップ {"label":"函館 4R","r1":"?","r2":"?","r3":"?"} 
[2026-09-21 20:50:17] local.WARNING: SummaryRacesIntrospection: 着順データ不足のためスキップ {"label":"阪神 9R","r1":"?","r2":"?","r3":"?"} 
[2026-09-21 20:50:18] local.WARNING: SummaryRacesIntrospection: 着順データ不足のためスキップ {"label":"函館 12R","r1":1,"r2":7,"r3":"?"} 
[2026-09-21 20:50:18] local.WARNING: SummaryRacesIntrospection: 着順データ不足のためスキップ {"label":"中京 11R","r1":15,"r2":"?","r3":12} 
[2026-09-21 20:50:31] local.WARNING: SummaryRacesIntrospection: ## 結果 の検証失敗。自動補正を試みます。 {"label":"2026-09-21 阪神 4回7日目 3R","r1":"6","r2":"9","r3":"10"} 
[2026-09-21 20:50:31] local.INFO: SummaryRacesIntrospection: 自動補正成功 {"label":"2026-09-21 阪神 4回7日目 3R"} 
[2026-09-21 20:50:31] local.WARNING: SummaryRacesIntrospection: ## 結果 の検証失敗。自動補正を試みます。 {"label":"2026-09-21 阪神 4回7日目 4R","r1":"15","r2":"9","r3":"12"} 
[2026-09-21 20:50:31] local.INFO: SummaryRacesIntrospection: 自動補正成功 {"label":"2026-09-21 阪神 4回7日目 4R"} 
[2026-09-21 20:50:31] local.WARNING: SummaryRacesIntrospection: ## 結果 の検証失敗。自動補正を試みます。 {"label":"2026-09-21 阪神 4回7日目 5R","r1":"7","r2":"6","r3":"3"} 
[2026-09-21 20:50:31] local.INFO: SummaryRacesIntrospection: 自動補正成功 {"label":"2026-09-21 阪神 4回7日目 5R"} 
[2026-09-21 20:50:47] local.WARNING: SummaryRacesIntrospection: ## 結果 の検証失敗。自動補正を試みます。 {"label":"2026-09-21 阪神 4回7日目 7R","r1":"2","r2":"16","r3":"11"} 
[2026-09-21 20:50:47] local.INFO: SummaryRacesIntrospection: 自動補正成功 {"label":"2026-09-21 阪神 4回7日目 7R"} 
[2026-09-21 20:50:47] local.WARNING: SummaryRacesIntrospection: ## 結果 の検証失敗。自動補正を試みます。 {"label":"2026-09-21 阪神 4回7日目 10R","r1":"11","r2":"9","r3":"7"} 
[2026-09-21 20:50:47] local.INFO: SummaryRacesIntrospection: 自動補正成功 {"label":"2026-09-21 阪神 4回7日目 10R"} 
[2026-09-21 20:51:02] local.WARNING: SummaryRacesIntrospection: ## 結果 の検証失敗。自動補正を試みます。 {"label":"2026-09-21 阪神 4回7日目 11R","r1":"1","r2":"4","r3":"8"} 
[2026-09-21 20:51:02] local.INFO: SummaryRacesIntrospection: 自動補正成功 {"label":"2026-09-21 阪神 4回7日目 11R"} 
[2026-09-21 20:51:02] local.WARNING: SummaryRacesIntrospection: ## 結果 の検証失敗。自動補正を試みます。 {"label":"2026-09-21 阪神 4回7日目 12R","r1":"5","r2":"9","r3":"13"} 
[2026-09-21 20:51:02] local.INFO: SummaryRacesIntrospection: 自動補正成功 {"label":"2026-09-21 阪神 4回7日目 12R"} 
[2026-09-21 21:20:02] local.INFO: SummaryComputeOddsCorrection 完了 {"upsert_count":18} 
[2026-09-21 21:40:02] local.INFO: SummaryOddsPhasePatternRecoveryRate 完了 {"upsert_count":36} 
[2026-09-21 22:20:02] local.INFO: SummaryOddsGapRecoveryRate 完了 {"upsert_count":36} 
[2026-09-21 22:30:02] local.INFO: SummaryOpiRecoveryRate 完了 {"upsert_count":28} 
[2026-09-21 23:40:02] local.INFO: [UpdateMlResultLabels] 完了 {"date":"all","force":false,"filled":12,"excluded":0,"skipped":0} 
[2026-09-22 07:30:05] local.ERROR: SummaryForecastFromLastRace: フォーマット不正 {"date":"2026-09-22","basho":"中山","race":5,"raw":"申し訳ございませんが、このレースの分析を正確に行うことができません。

理由として、すべての馬の「成績」欄が空白になっているため、過去の出走情報、成績、適性などの重要なデータがありません。

競馬オッズ分析には以下の情報が必須です：
- 過去の成績（着順、タイム差など）
- 調教情報
- 馬体重の推移
- 騎手情報
- 枠順の影響
- 当該馬場での実績

これらのデータなしに信頼性のある予想を提供することはできず、無責任な回答になってしまいます。

成績情報をご提供いただければ、改めて分析させていただきます。"} 
[2026-09-22 07:30:05] local.ERROR: SummaryForecastFromLastRace: フォーマット不正 {"date":"2026-09-22","basho":"中山","race":6,"raw":"申し訳ございませんが、このレースについて判断するための十分な情報がありません。

提供いただいた馬の情報には成績が記載されていないため、過去の出走情報から可能性のある馬を評価することができません。

以下の情報があれば、より正確な分析が可能です：
- 各馬の過去成績
- 騎手情報
- 調教師情報
- 馬体重や調教状態
- オッズ情報

申し訳ございませんが、不確実な分析結果をお提供することはできません。"} 
[2026-09-22 09:39:50] local.DEBUG: [Block10] market_score {"num":1,"score_a":0,"score_b":0,"score_c":0,"score_d":null,"score_e":0,"valid_max":65,"total":0,"f1":false,"f5":false} 
[2026-09-22 09:39:50] local.INFO: [B-13] 市場過小評価フラグ {"date":"2026-09-22","kaisuu":4,"basho_code":"06","day":7,"race":1,"num":1,"total_score":0,"score_a":0,"score_c":0,"valid_max":65,"undereval":false} 
[2026-09-22 09:39:50] local.DEBUG: [Block10] market_score {"num":2,"score_a":18,"score_b":0,"score_c":7,"score_d":null,"score_e":0,"valid_max":65,"total":31,"f1":true,"f5":false} 
[2026-09-22 09:39:50] local.INFO: [B-13] 市場過小評価フラグ {"date":"2026-09-22","kaisuu":4,"basho_code":"06","day":7,"race":1,"num":2,"total_score":31,"score_a":18,"score_c":7,"valid_max":65,"undereval":false} 
[2026-09-22 09:39:50] local.DEBUG: [Block10] market_score {"num":3,"score_a":0,"score_b":5,"score_c":0,"score_d":null,"score_e":0,"valid_max":65,"total":6,"f1":false,"f5":false} 
[2026-09-22 09:39:50] local.INFO: [B-13] 市場過小評価フラグ {"date":"2026-09-22","kaisuu":4,"basho_code":"06","day":7,"race":1,"num":3,"total_score":6,"score_a":0,"score_c":0,"valid_max":65,"undereval":false} 
[2026-09-22 09:39:50] local.DEBUG: [Block10] market_score {"num":4,"score_a":0,"score_b":0,"score_c":0,"score_d":null,"score_e":0,"valid_max":65,"total":0,"f1":false,"f5":false} 
[2026-09-22 09:39:50] local.INFO: [B-13] 市場過小評価フラグ {"date":"2026-09-22","kaisuu":4,"basho_code":"06","day":7,"race":1,"num":4,"total_score":0,"score_a":0,"score_c":0,"valid_max":65,"undereval":false} 
[2026-09-22 09:39:50] local.DEBUG: [Block10] market_score {"num":5,"score_a":0,"score_b":0,"score_c":3,"score_d":null,"score_e":0,"valid_max":65,"total":4,"f1":false,"f5":false} 
[2026-09-22 09:39:50] local.INFO: [B-13] 市場過小評価フラグ {"date":"2026-09-22","kaisuu":4,"basho_code":"06","day":7,"race":1,"num":5,"total_score":4,"score_a":0,"score_c":3,"valid_max":65,"undereval":false} 
[2026-09-22 09:39:50] local.DEBUG: [Block10] market_score {"num":6,"score_a":0,"score_b":0,"score_c":0,"score_d":null,"score_e":0,"valid_max":65,"total":0,"f1":false,"f5":false} 
[2026-09-22 09:39:50] local.INFO: [B-13] 市場過小評価フラグ {"date":"2026-09-22","kaisuu":4,"basho_code":"06","day":7,"race":1,"num":6,"total_score":0,"score_a":0,"score_c":0,"valid_max":65,"undereval":false} 
[2026-09-22 09:39:50] local.DEBUG: [Block10] market_score {"num":7,"score_a":0,"score_b":0,"score_c":0,"score_d":null,"score_e":0,"valid_max":65,"total":0,"f1":false,"f5":false} 
[2026-09-22 09:39:50] local.INFO: [B-13] 市場過小評価フラグ {"date":"2026-09-22","kaisuu":4,"basho_code":"06","day":7,"race":1,"num":7,"total_score":0,"score_a":0,"score_c":0,"valid_max":65,"undereval":false} 
[2026-09-22 09:39:50] local.DEBUG: [Block10] market_score {"num":8,"score_a":0,"score_b":0,"score_c":0,"score_d":null,"score_e":0,"valid_max":65,"total":0,"f1":false,"f5":false} 
[2026-09-22 09:39:50] local.INFO: [B-13] 市場過小評価フラグ {"date":"2026-09-22","kaisuu":4,"basho_code":"06","day":7,"race":1,"num":8,"total_score":0,"score_a":0,"score_c":0,"valid_max":65,"undereval":false} 
[2026-09-22 09:39:50] local.DEBUG: [Block10] market_score {"num":9,"score_a":0,"score_b":0,"score_c":0,"score_d":null,"score_e":0,"valid_max":65,"total":0,"f1":false,"f5":false} 
[2026-09-22 09:39:50] local.INFO: [B-13] 市場過小評価フラグ {"date":"2026-09-22","kaisuu":4,"basho_code":"06","day":7,"race":1,"num":9,"total_score":0,"score_a":0,"score_c":0,"valid_max":65,"undereval":false} 
[2026-09-22 09:39:50] local.DEBUG: [Block10] market_score {"num":10,"score_a":12,"score_b":5,"score_c":0,"score_d":null,"score_e":0,"valid_max":65,"total":21,"f1":true,"f5":false} 
[2026-09-22 09:39:50] local.INFO: [B-13] 市場過小評価フラグ {"date":"2026-09-22","kaisuu":4,"basho_code":"06","day":7,"race":1,"num":10,"total_score":21,"score_a":12,"score_c":0,"valid_max":65,"undereval":false} 
[2026-09-22 09:39:50] local.DEBUG: [Block10] market_score {"num":11,"score_a":0,"score_b":0,"score_c":0,"score_d":null,"score_e":0,"valid_max":65,"total":0,"f1":false,"f5":false} 
[2026-09-22 09:39:50] local.INFO: [B-13] 市場過小評価フラグ {"date":"2026-09-22","kaisuu":4,"basho_code":"06","day":7,"race":1,"num":11,"total_score":0,"score_a":0,"score_c":0,"valid_max":65,"undereval":false} 
[2026-09-22 09:39:50] local.DEBUG: [Block10] market_score {"num":12,"score_a":0,"score_b":10,"score_c":0,"score_d":null,"score_e":0,"valid_max":65,"total":12,"f1":false,"f5":false} 
[2026-09-22 09:39:50] local.INFO: [B-13] 市場過小評価フラグ {"date":"2026-09-22","kaisuu":4,"basho_code":"06","day":7,"race":1,"num":12,"total_score":12,"score_a":0,"score_c":0,"valid_max":65,"undereval":false} 
[2026-09-22 09:39:50] local.DEBUG: [Block10] market_score {"num":13,"score_a":18,"score_b":0,"score_c":0,"score_d":null,"score_e":0,"valid_max":65,"total":22,"f1":true,"f5":false} 
[2026-09-22 09:39:50] local.INFO: [B-13] 市場過小評価フラグ {"date":"2026-09-22","kaisuu":4,"basho_code":"06","day":7,"race":1,"num":13,"total_score":22,"score_a":18,"score_c":0,"valid_max":65,"undereval":false} 
[2026-09-22 09:39:50] local.DEBUG: [Block10] market_score {"num":14,"score_a":0,"score_b":0,"score_c":7,"score_d":null,"score_e":0,"valid_max":65,"total":9,"f1":false,"f5":false} 
[2026-09-22 09:39:50] local.INFO: [B-13] 市場過小評価フラグ {"date":"2026-09-22","kaisuu":4,"basho_code":"06","day":7,"race":1,"num":14,"total_score":9,"score_a":0,"score_c":7,"valid_max":65,"undereval":false} 
[2026-09-22 09:39:55] local.WARNING: [B-7] DeepSeek形式不正（再試行禁止）、1st AI単独継続 {"date":"2026-09-22","kaisuu":"4","basho":"06","day":"7","race":"1","text":"厳選穴レース|0
レース指標|波乱度: 3|下位進入度: 2|大穴進入度: 1
馬番：9、馬名：アバットゥータ、人気順: 3、6分前オッズ: 5.7、おすすめ度: 76、選出理由：能力適性:B（72点）。複勝が1.9-3.0倍と安定し複勝流入ランク2位、単勝も3人気グループ内3位で資金流入が確認できる。断層上側の中心グループに位置し、単複オッズが6分前に向けて緩やかに下落。OPI1.11・予測補正"} 
[2026-09-22 09:39:55] local.ERROR: [Block14] ai_merge_result UPSERT failed {"err":"SQLSTATE[42S22]: Column not found: 1054 Unknown column 'updated_at' in 'field list' (SQL: INSERT INTO t_horse_odds_finder_ai_merge_result (date, kaisuu, basho, basho_code, day, race, race_name, merge_result) VALUES (2026-09-22, 4, 中山, 06, 7, 1, 障害3歳以上未勝利（混合）, {\"upset_race\":0,\"gap_type\":\"C\",\"wave_level\":null,\"lower_entry\":null,\"big_gap_entry\":null,\"merged_horses\":[]}) ON DUPLICATE KEY UPDATE   merge_result = VALUES(merge_result),   race_name    = VALUES(race_name),   basho        = VALUES(basho),   updated_at   = CURRENT_TIMESTAMP)"} 
[2026-09-22 09:39:55] local.DEBUG: [Block11] ml_snapshot saved {"date":"2026-09-22","kaisuu":4,"basho_code":"06","day":7,"race":1,"gap_type":"C","merged_cnt":0} 
[2026-09-22 10:18:41] local.DEBUG: [Block10] market_score {"num":1,"score_a":0,"score_b":0,"score_c":0,"score_d":null,"score_e":null,"valid_max":55,"total":0,"f1":false,"f5":false} 
[2026-09-22 10:18:41] local.INFO: [B-13] 市場過小評価フラグ {"date":"2026-09-22","kaisuu":4,"basho_code":"06","day":7,"race":2,"num":1,"total_score":0,"score_a":0,"score_c":0,"valid_max":55,"undereval":false} 
[2026-09-22 10:18:41] local.DEBUG: [Block10] market_score {"num":2,"score_a":0,"score_b":0,"score_c":0,"score_d":null,"score_e":null,"valid_max":55,"total":0,"f1":false,"f5":false} 
[2026-09-22 10:18:41] local.INFO: [B-13] 市場過小評価フラグ {"date":"2026-09-22","kaisuu":4,"basho_code":"06","day":7,"race":2,"num":2,"total_score":0,"score_a":0,"score_c":0,"valid_max":55,"undereval":false} 
[2026-09-22 10:18:41] local.DEBUG: [Block10] market_score {"num":3,"score_a":0,"score_b":0,"score_c":0,"score_d":null,"score_e":null,"valid_max":55,"total":0,"f1":false,"f5":false} 
[2026-09-22 10:18:41] local.INFO: [B-13] 市場過小評価フラグ {"date":"2026-09-22","kaisuu":4,"basho_code":"06","day":7,"race":2,"num":3,"total_score":0,"score_a":0,"score_c":0,"valid_max":55,"undereval":false} 
[2026-09-22 10:18:41] local.DEBUG: [Block10] market_score {"num":4,"score_a":0,"score_b":5,"score_c":3,"score_d":null,"score_e":null,"valid_max":55,"total":12,"f1":false,"f5":false} 
[2026-09-22 10:18:41] local.INFO: [B-13] 市場過小評価フラグ {"date":"2026-09-22","kaisuu":4,"basho_code":"06","day":7,"race":2,"num":4,"total_score":12,"score_a":0,"score_c":3,"valid_max":55,"undereval":false} 
[2026-09-22 10:18:41] local.DEBUG: [Block10] market_score {"num":5,"score_a":0,"score_b":0,"score_c":0,"score_d":null,"score_e":null,"valid_max":55,"total":0,"f1":false,"f5":false} 
[2026-09-22 10:18:41] local.INFO: [B-13] 市場過小評価フラグ {"date":"2026-09-22","kaisuu":4,"basho_code":"06","day":7,"race":2,"num":5,"total_score":0,"score_a":0,"score_c":0,"valid_max":55,"undereval":false} 
[2026-09-22 10:18:41] local.DEBUG: [Block10] market_score {"num":6,"score_a":12,"score_b":0,"score_c":0,"score_d":null,"score_e":null,"valid_max":55,"total":17,"f1":true,"f5":false} 
[2026-09-22 10:18:41] local.INFO: [B-13] 市場過小評価フラグ {"date":"2026-09-22","kaisuu":4,"basho_code":"06","day":7,"race":2,"num":6,"total_score":17,"score_a":12,"score_c":0,"valid_max":55,"undereval":false} 
[2026-09-22 10:18:41] local.DEBUG: [Block10] market_score {"num":7,"score_a":25,"score_b":0,"score_c":7,"score_d":null,"score_e":null,"valid_max":55,"total":47,"f1":true,"f5":false} 
[2026-09-22 10:18:41] local.INFO: [B-13] 市場過小評価フラグ {"date":"2026-09-22","kaisuu":4,"basho_code":"06","day":7,"race":2,"num":7,"total_score":47,"score_a":25,"score_c":7,"valid_max":55,"undereval":false} 
[2026-09-22 10:18:41] local.DEBUG: [Block10] market_score {"num":8,"score_a":0,"score_b":0,"score_c":12,"score_d":null,"score_e":null,"valid_max":55,"total":17,"f1":false,"f5":false} 
[2026-09-22 10:18:41] local.INFO: [B-13] 市場過小評価フラグ {"date":"2026-09-22","kaisuu":4,"basho_code":"06","day":7,"race":2,"num":8,"total_score":17,"score_a":0,"score_c":12,"valid_max":55,"undereval":false} 
[2026-09-22 10:18:41] local.DEBUG: [Block10] market_score {"num":9,"score_a":0,"score_b":0,"score_c":0,"score_d":null,"score_e":null,"valid_max":55,"total":0,"f1":false,"f5":false} 
[2026-09-22 10:18:41] local.INFO: [B-13] 市場過小評価フラグ {"date":"2026-09-22","kaisuu":4,"basho_code":"06","day":7,"race":2,"num":9,"total_score":0,"score_a":0,"score_c":0,"valid_max":55,"undereval":false} 
[2026-09-22 10:18:41] local.DEBUG: [Block10] market_score {"num":10,"score_a":0,"score_b":0,"score_c":0,"score_d":null,"score_e":null,"valid_max":55,"total":0,"f1":false,"f5":false} 
[2026-09-22 10:18:41] local.INFO: [B-13] 市場過小評価フラグ {"date":"2026-09-22","kaisuu":4,"basho_code":"06","day":7,"race":2,"num":10,"total_score":0,"score_a":0,"score_c":0,"valid_max":55,"undereval":false} 
[2026-09-22 10:18:41] local.DEBUG: [Block10] market_score {"num":11,"score_a":0,"score_b":0,"score_c":0,"score_d":null,"score_e":null,"valid_max":55,"total":0,"f1":false,"f5":false} 
[2026-09-22 10:18:41] local.INFO: [B-13] 市場過小評価フラグ {"date":"2026-09-22","kaisuu":4,"basho_code":"06","day":7,"race":2,"num":11,"total_score":0,"score_a":0,"score_c":0,"valid_max":55,"undereval":false} 
[2026-09-22 10:18:41] local.DEBUG: [Block10] market_score {"num":12,"score_a":0,"score_b":0,"score_c":0,"score_d":null,"score_e":null,"valid_max":55,"total":0,"f1":false,"f5":false} 
[2026-09-22 10:18:41] local.INFO: [B-13] 市場過小評価フラグ {"date":"2026-09-22","kaisuu":4,"basho_code":"06","day":7,"race":2,"num":12,"total_score":0,"score_a":0,"score_c":0,"valid_max":55,"undereval":false} 
[2026-09-22 10:18:41] local.DEBUG: [Block10] market_score {"num":13,"score_a":0,"score_b":0,"score_c":0,"score_d":null,"score_e":null,"valid_max":55,"total":0,"f1":false,"f5":false} 
[2026-09-22 10:18:41] local.INFO: [B-13] 市場過小評価フラグ {"date":"2026-09-22","kaisuu":4,"basho_code":"06","day":7,"race":2,"num":13,"total_score":0,"score_a":0,"score_c":0,"valid_max":55,"undereval":false} 
[2026-09-22 10:18:41] local.DEBUG: [Block10] market_score {"num":14,"score_a":0,"score_b":0,"score_c":0,"score_d":null,"score_e":null,"valid_max":55,"total":0,"f1":false,"f5":false} 
[2026-09-22 10:18:41] local.INFO: [B-13] 市場過小評価フラグ {"date":"2026-09-22","kaisuu":4,"basho_code":"06","day":7,"race":2,"num":14,"total_score":0,"score_a":0,"score_c":0,"valid_max":55,"undereval":false} 
[2026-09-22 10:18:50] local.WARNING: [B-7] DeepSeek形式不正（再試行禁止）、1st AI単独継続 {"date":"2026-09-22","kaisuu":"4","basho":"06","day":"7","race":"2","text":"厳選穴レース|0
レース指標|波乱度: 4|下位進入度: 3|大穴進入度: 1
馬番：13、馬名：トーセンルルド、人気順: 3、6分前オッズ: 5.2、おすすめ度: 76、選出理由：能力適性:A（84点）。4走前に新馬5着、続く函館未勝利3着、札幌未勝利2着と1200芝で連続好走しており基礎能力・距離適性が最上位級。複勝は1.5-1.9倍から1.7-2.4倍へ推移し複勝OPI1.00で市場評価は適"} 
[2026-09-22 10:18:50] local.ERROR: [Block14] ai_merge_result UPSERT failed {"err":"SQLSTATE[42S22]: Column not found: 1054 Unknown column 'updated_at' in 'field list' (SQL: INSERT INTO t_horse_odds_finder_ai_merge_result (date, kaisuu, basho, basho_code, day, race, race_name, merge_result) VALUES (2026-09-22, 4, 中山, 06, 7, 2, 2歳未勝利, {\"upset_race\":0,\"gap_type\":\"E\",\"wave_level\":null,\"lower_entry\":null,\"big_gap_entry\":null,\"merged_horses\":[]}) ON DUPLICATE KEY UPDATE   merge_result = VALUES(merge_result),   race_name    = VALUES(race_name),   basho        = VALUES(basho),   updated_at   = CURRENT_TIMESTAMP)"} 
[2026-09-22 10:18:50] local.DEBUG: [Block11] ml_snapshot saved {"date":"2026-09-22","kaisuu":4,"basho_code":"06","day":7,"race":2,"gap_type":"E","merged_cnt":0} 
[2026-09-22 10:50:31] local.DEBUG: [Block10] market_score {"num":1,"score_a":0,"score_b":0,"score_c":3,"score_d":null,"score_e":null,"valid_max":55,"total":4,"f1":false,"f5":false} 
[2026-09-22 10:50:31] local.INFO: [B-13] 市場過小評価フラグ {"date":"2026-09-22","kaisuu":4,"basho_code":"06","day":7,"race":3,"num":1,"total_score":4,"score_a":0,"score_c":3,"valid_max":55,"undereval":false} 
[2026-09-22 10:50:31] local.DEBUG: [Block10] market_score {"num":2,"score_a":0,"score_b":0,"score_c":3,"score_d":null,"score_e":null,"valid_max":55,"total":4,"f1":false,"f5":false} 
[2026-09-22 10:50:31] local.INFO: [B-13] 市場過小評価フラグ {"date":"2026-09-22","kaisuu":4,"basho_code":"06","day":7,"race":3,"num":2,"total_score":4,"score_a":0,"score_c":3,"valid_max":55,"undereval":false} 
[2026-09-22 10:50:31] local.DEBUG: [Block10] market_score {"num":3,"score_a":25,"score_b":5,"score_c":12,"score_d":null,"score_e":null,"valid_max":55,"total":61,"f1":true,"f5":false} 
[2026-09-22 10:50:31] local.INFO: [B-13] 市場過小評価フラグ {"date":"2026-09-22","kaisuu":4,"basho_code":"06","day":7,"race":3,"num":3,"total_score":61,"score_a":25,"score_c":12,"valid_max":55,"undereval":true} 
[2026-09-22 10:50:31] local.DEBUG: [Block10] market_score {"num":4,"score_a":0,"score_b":0,"score_c":12,"score_d":null,"score_e":null,"valid_max":55,"total":17,"f1":false,"f5":false} 
[2026-09-22 10:50:31] local.INFO: [B-13] 市場過小評価フラグ {"date":"2026-09-22","kaisuu":4,"basho_code":"06","day":7,"race":3,"num":4,"total_score":17,"score_a":0,"score_c":12,"valid_max":55,"undereval":false} 
[2026-09-22 10:50:31] local.DEBUG: [Block10] market_score {"num":5,"score_a":0,"score_b":0,"score_c":0,"score_d":null,"score_e":null,"valid_max":55,"total":0,"f1":false,"f5":false} 
[2026-09-22 10:50:31] local.INFO: [B-13] 市場過小評価フラグ {"date":"2026-09-22","kaisuu":4,"basho_code":"06","day":7,"race":3,"num":5,"total_score":0,"score_a":0,"score_c":0,"valid_max":55,"undereval":false} 
[2026-09-22 10:50:31] local.DEBUG: [Block10] market_score {"num":6,"score_a":0,"score_b":0,"score_c":3,"score_d":null,"score_e":null,"valid_max":55,"total":4,"f1":false,"f5":false} 
[2026-09-22 10:50:31] local.INFO: [B-13] 市場過小評価フラグ {"date":"2026-09-22","kaisuu":4,"basho_code":"06","day":7,"race":3,"num":6,"total_score":4,"score_a":0,"score_c":3,"valid_max":55,"undereval":false} 
[2026-09-22 10:50:31] local.DEBUG: [Block10] market_score {"num":7,"score_a":0,"score_b":0,"score_c":15,"score_d":null,"score_e":null,"valid_max":55,"total":22,"f1":false,"f5":false} 
[2026-09-22 10:50:31] local.INFO: [B-13] 市場過小評価フラグ {"date":"2026-09-22","kaisuu":4,"basho_code":"06","day":7,"race":3,"num":7,"total_score":22,"score_a":0,"score_c":15,"valid_max":55,"undereval":false} 
[2026-09-22 10:50:31] local.DEBUG: [Block10] market_score {"num":8,"score_a":0,"score_b":0,"score_c":0,"score_d":null,"score_e":null,"valid_max":55,"total":0,"f1":false,"f5":false} 
[2026-09-22 10:50:31] local.INFO: [B-13] 市場過小評価フラグ {"date":"2026-09-22","kaisuu":4,"basho_code":"06","day":7,"race":3,"num":8,"total_score":0,"score_a":0,"score_c":0,"valid_max":55,"undereval":false} 
[2026-09-22 10:50:31] local.DEBUG: [Block10] market_score {"num":9,"score_a":0,"score_b":0,"score_c":7,"score_d":null,"score_e":null,"valid_max":55,"total":10,"f1":false,"f5":false} 
[2026-09-22 10:50:31] local.INFO: [B-13] 市場過小評価フラグ {"date":"2026-09-22","kaisuu":4,"basho_code":"06","day":7,"race":3,"num":9,"total_score":10,"score_a":0,"score_c":7,"valid_max":55,"undereval":false} 
[2026-09-22 10:50:31] local.DEBUG: [Block10] market_score {"num":10,"score_a":25,"score_b":0,"score_c":7,"score_d":null,"score_e":null,"valid_max":55,"total":47,"f1":true,"f5":false} 
[2026-09-22 10:50:31] local.INFO: [B-13] 市場過小評価フラグ {"date":"2026-09-22","kaisuu":4,"basho_code":"06","day":7,"race":3,"num":10,"total_score":47,"score_a":25,"score_c":7,"valid_max":55,"undereval":false} 
[2026-09-22 10:50:31] local.DEBUG: [Block10] market_score {"num":11,"score_a":0,"score_b":0,"score_c":3,"score_d":null,"score_e":null,"valid_max":55,"total":4,"f1":false,"f5":false} 
[2026-09-22 10:50:31] local.INFO: [B-13] 市場過小評価フラグ {"date":"2026-09-22","kaisuu":4,"basho_code":"06","day":7,"race":3,"num":11,"total_score":4,"score_a":0,"score_c":3,"valid_max":55,"undereval":false} 
[2026-09-22 10:50:38] local.WARNING: [B-7] DeepSeek形式不正（再試行禁止）、1st AI単独継続 {"date":"2026-09-22","kaisuu":"4","basho":"06","day":"7","race":"3","text":"厳選穴レース|0
レース指標|波乱度: 4|下位進入度: 3|大穴進入度: 1
馬番：5、馬名：ドナビッグベン、人気順: 1、6分前オッズ: 1.8、おすすめ度: 74、選出理由：能力適性:A（82点）。断層最上位で1〜2番人気間に強い断層が全時点で安定維持。複勝1.1-1.1倍の完全固定で支持が揺れず、複勝流入ランク1位。単勝OPI1.44の過剰人気で配当妙味は薄いが、類似統計1番人気の5着以内"} 
[2026-09-22 10:50:38] local.ERROR: [Block14] ai_merge_result UPSERT failed {"err":"SQLSTATE[42S22]: Column not found: 1054 Unknown column 'updated_at' in 'field list' (SQL: INSERT INTO t_horse_odds_finder_ai_merge_result (date, kaisuu, basho, basho_code, day, race, race_name, merge_result) VALUES (2026-09-22, 4, 中山, 06, 7, 3, 2歳未勝利, {\"upset_race\":0,\"gap_type\":\"E\",\"wave_level\":null,\"lower_entry\":null,\"big_gap_entry\":null,\"merged_horses\":[]}) ON DUPLICATE KEY UPDATE   merge_result = VALUES(merge_result),   race_name    = VALUES(race_name),   basho        = VALUES(basho),   updated_at   = CURRENT_TIMESTAMP)"} 
[2026-09-22 10:50:38] local.DEBUG: [Block11] ml_snapshot saved {"date":"2026-09-22","kaisuu":4,"basho_code":"06","day":7,"race":3,"gap_type":"E","merged_cnt":0} 
[2026-09-22 11:17:03] local.DEBUG: [Block10] market_score {"num":1,"score_a":0,"score_b":0,"score_c":3,"score_d":null,"score_e":null,"valid_max":55,"total":4,"f1":false,"f5":false} 
[2026-09-22 11:17:03] local.INFO: [B-13] 市場過小評価フラグ {"date":"2026-09-22","kaisuu":4,"basho_code":"06","day":7,"race":4,"num":1,"total_score":4,"score_a":0,"score_c":3,"valid_max":55,"undereval":false} 
[2026-09-22 11:17:03] local.DEBUG: [Block10] market_score {"num":2,"score_a":0,"score_b":0,"score_c":15,"score_d":null,"score_e":null,"valid_max":55,"total":22,"f1":false,"f5":false} 
[2026-09-22 11:17:03] local.INFO: [B-13] 市場過小評価フラグ {"date":"2026-09-22","kaisuu":4,"basho_code":"06","day":7,"race":4,"num":2,"total_score":22,"score_a":0,"score_c":15,"valid_max":55,"undereval":false} 
[2026-09-22 11:17:03] local.DEBUG: [Block10] market_score {"num":3,"score_a":0,"score_b":5,"score_c":3,"score_d":null,"score_e":null,"valid_max":55,"total":12,"f1":false,"f5":false} 
[2026-09-22 11:17:03] local.INFO: [B-13] 市場過小評価フラグ {"date":"2026-09-22","kaisuu":4,"basho_code":"06","day":7,"race":4,"num":3,"total_score":12,"score_a":0,"score_c":3,"valid_max":55,"undereval":false} 
[2026-09-22 11:17:03] local.DEBUG: [Block10] market_score {"num":4,"score_a":0,"score_b":0,"score_c":0,"score_d":null,"score_e":null,"valid_max":55,"total":0,"f1":false,"f5":false} 
[2026-09-22 11:17:03] local.INFO: [B-13] 市場過小評価フラグ {"date":"2026-09-22","kaisuu":4,"basho_code":"06","day":7,"race":4,"num":4,"total_score":0,"score_a":0,"score_c":0,"valid_max":55,"undereval":false} 
[2026-09-22 11:17:03] local.DEBUG: [Block10] market_score {"num":5,"score_a":0,"score_b":0,"score_c":0,"score_d":null,"score_e":null,"valid_max":55,"total":0,"f1":false,"f5":false} 
[2026-09-22 11:17:03] local.INFO: [B-13] 市場過小評価フラグ {"date":"2026-09-22","kaisuu":4,"basho_code":"06","day":7,"race":4,"num":5,"total_score":0,"score_a":0,"score_c":0,"valid_max":55,"undereval":false} 
[2026-09-22 11:17:03] local.DEBUG: [Block10] market_score {"num":6,"score_a":0,"score_b":0,"score_c":0,"score_d":null,"score_e":null,"valid_max":55,"total":0,"f1":false,"f5":false} 
[2026-09-22 11:17:03] local.INFO: [B-13] 市場過小評価フラグ {"date":"2026-09-22","kaisuu":4,"basho_code":"06","day":7,"race":4,"num":6,"total_score":0,"score_a":0,"score_c":0,"valid_max":55,"undereval":false} 
[2026-09-22 11:17:03] local.DEBUG: [Block10] market_score {"num":7,"score_a":0,"score_b":0,"score_c":0,"score_d":null,"score_e":null,"valid_max":55,"total":0,"f1":false,"f5":false} 
[2026-09-22 11:17:03] local.INFO: [B-13] 市場過小評価フラグ {"date":"2026-09-22","kaisuu":4,"basho_code":"06","day":7,"race":4,"num":7,"total_score":0,"score_a":0,"score_c":0,"valid_max":55,"undereval":false} 
[2026-09-22 11:17:03] local.DEBUG: [Block10] market_score {"num":8,"score_a":0,"score_b":5,"score_c":0,"score_d":null,"score_e":null,"valid_max":55,"total":7,"f1":false,"f5":false} 
[2026-09-22 11:17:03] local.INFO: [B-13] 市場過小評価フラグ {"date":"2026-09-22","kaisuu":4,"basho_code":"06","day":7,"race":4,"num":8,"total_score":7,"score_a":0,"score_c":0,"valid_max":55,"undereval":false} 
[2026-09-22 11:17:03] local.DEBUG: [Block10] market_score {"num":9,"score_a":0,"score_b":0,"score_c":3,"score_d":null,"score_e":null,"valid_max":55,"total":4,"f1":false,"f5":false} 
[2026-09-22 11:17:03] local.INFO: [B-13] 市場過小評価フラグ {"date":"2026-09-22","kaisuu":4,"basho_code":"06","day":7,"race":4,"num":9,"total_score":4,"score_a":0,"score_c":3,"valid_max":55,"undereval":false} 
[2026-09-22 11:17:03] local.DEBUG: [Block10] market_score {"num":10,"score_a":0,"score_b":0,"score_c":15,"score_d":null,"score_e":null,"valid_max":55,"total":22,"f1":false,"f5":false} 
[2026-09-22 11:17:03] local.INFO: [B-13] 市場過小評価フラグ {"date":"2026-09-22","kaisuu":4,"basho_code":"06","day":7,"race":4,"num":10,"total_score":22,"score_a":0,"score_c":15,"valid_max":55,"undereval":false} 
[2026-09-22 11:17:11] local.WARNING: [B-7] DeepSeek形式不正（再試行禁止）、1st AI単独継続 {"date":"2026-09-22","kaisuu":"4","basho":"06","day":"7","race":"4","text":"厳選穴レース|0
レース指標|波乱度: 4|下位進入度: 3|大穴進入度: 2
馬番：4、馬名：キャピタルストーン、人気順: 1、6分前オッズ: 2.3、おすすめ度: 74、選出理由：能力適性:A（84点）。基礎能力・クラス実績で2戦連続2着と安定。単勝は計測前2.7倍から6分前2.3倍へ下落し単勝流入ランク1位、複勝は1.1-1.3倍で変化なしと支持が安定。複勝OPI1.18と平均並みで、推定確"} 
[2026-09-22 11:17:11] local.ERROR: [Block14] ai_merge_result UPSERT failed {"err":"SQLSTATE[42S22]: Column not found: 1054 Unknown column 'updated_at' in 'field list' (SQL: INSERT INTO t_horse_odds_finder_ai_merge_result (date, kaisuu, basho, basho_code, day, race, race_name, merge_result) VALUES (2026-09-22, 4, 中山, 06, 7, 4, 2歳未勝利（混合）, {\"upset_race\":0,\"gap_type\":\"E\",\"wave_level\":null,\"lower_entry\":null,\"big_gap_entry\":null,\"merged_horses\":[]}) ON DUPLICATE KEY UPDATE   merge_result = VALUES(merge_result),   race_name    = VALUES(race_name),   basho        = VALUES(basho),   updated_at   = CURRENT_TIMESTAMP)"} 
[2026-09-22 11:17:11] local.DEBUG: [Block11] ml_snapshot saved {"date":"2026-09-22","kaisuu":4,"basho_code":"06","day":7,"race":4,"gap_type":"E","merged_cnt":0} 
[2026-09-22 12:07:46] local.DEBUG: [Block10] market_score {"num":1,"score_a":0,"score_b":0,"score_c":0,"score_d":null,"score_e":null,"valid_max":55,"total":0,"f1":false,"f5":false} 
[2026-09-22 12:07:46] local.INFO: [B-13] 市場過小評価フラグ {"date":"2026-09-22","kaisuu":4,"basho_code":"06","day":7,"race":5,"num":1,"total_score":0,"score_a":0,"score_c":0,"valid_max":55,"undereval":false} 
[2026-09-22 12:07:46] local.DEBUG: [Block10] market_score {"num":2,"score_a":0,"score_b":0,"score_c":7,"score_d":null,"score_e":null,"valid_max":55,"total":10,"f1":false,"f5":false} 
[2026-09-22 12:07:46] local.INFO: [B-13] 市場過小評価フラグ {"date":"2026-09-22","kaisuu":4,"basho_code":"06","day":7,"race":5,"num":2,"total_score":10,"score_a":0,"score_c":7,"valid_max":55,"undereval":false} 
[2026-09-22 12:07:46] local.DEBUG: [Block10] market_score {"num":3,"score_a":0,"score_b":0,"score_c":0,"score_d":null,"score_e":null,"valid_max":55,"total":0,"f1":false,"f5":false} 
[2026-09-22 12:07:46] local.INFO: [B-13] 市場過小評価フラグ {"date":"2026-09-22","kaisuu":4,"basho_code":"06","day":7,"race":5,"num":3,"total_score":0,"score_a":0,"score_c":0,"valid_max":55,"undereval":false} 
[2026-09-22 12:07:46] local.DEBUG: [Block10] market_score {"num":4,"score_a":25,"score_b":0,"score_c":0,"score_d":null,"score_e":null,"valid_max":55,"total":36,"f1":true,"f5":false} 
[2026-09-22 12:07:46] local.INFO: [B-13] 市場過小評価フラグ {"date":"2026-09-22","kaisuu":4,"basho_code":"06","day":7,"race":5,"num":4,"total_score":36,"score_a":25,"score_c":0,"valid_max":55,"undereval":false} 
[2026-09-22 12:07:46] local.DEBUG: [Block10] market_score {"num":5,"score_a":0,"score_b":0,"score_c":0,"score_d":null,"score_e":null,"valid_max":55,"total":0,"f1":false,"f5":false} 
[2026-09-22 12:07:46] local.INFO: [B-13] 市場過小評価フラグ {"date":"2026-09-22","kaisuu":4,"basho_code":"06","day":7,"race":5,"num":5,"total_score":0,"score_a":0,"score_c":0,"valid_max":55,"undereval":false} 
[2026-09-22 12:07:46] local.DEBUG: [Block10] market_score {"num":6,"score_a":0,"score_b":0,"score_c":7,"score_d":null,"score_e":null,"valid_max":55,"total":10,"f1":false,"f5":false} 
[2026-09-22 12:07:46] local.INFO: [B-13] 市場過小評価フラグ {"date":"2026-09-22","kaisuu":4,"basho_code":"06","day":7,"race":5,"num":6,"total_score":10,"score_a":0,"score_c":7,"valid_max":55,"undereval":false} 
[2026-09-22 12:07:46] local.DEBUG: [Block10] market_score {"num":7,"score_a":0,"score_b":0,"score_c":0,"score_d":null,"score_e":null,"valid_max":55,"total":0,"f1":false,"f5":false} 
[2026-09-22 12:07:46] local.INFO: [B-13] 市場過小評価フラグ {"date":"2026-09-22","kaisuu":4,"basho_code":"06","day":7,"race":5,"num":7,"total_score":0,"score_a":0,"score_c":0,"valid_max":55,"undereval":false} 
[2026-09-22 12:07:46] local.DEBUG: [Block10] market_score {"num":8,"score_a":25,"score_b":5,"score_c":3,"score_d":null,"score_e":null,"valid_max":55,"total":48,"f1":true,"f5":false} 
[2026-09-22 12:07:46] local.INFO: [B-13] 市場過小評価フラグ {"date":"2026-09-22","kaisuu":4,"basho_code":"06","day":7,"race":5,"num":8,"total_score":48,"score_a":25,"score_c":3,"valid_max":55,"undereval":false} 
[2026-09-22 12:07:46] local.DEBUG: [Block10] market_score {"num":9,"score_a":0,"score_b":0,"score_c":0,"score_d":null,"score_e":null,"valid_max":55,"total":0,"f1":false,"f5":false} 
[2026-09-22 12:07:46] local.INFO: [B-13] 市場過小評価フラグ {"date":"2026-09-22","kaisuu":4,"basho_code":"06","day":7,"race":5,"num":9,"total_score":0,"score_a":0,"score_c":0,"valid_max":55,"undereval":false} 
[2026-09-22 12:07:46] local.DEBUG: [Block10] market_score {"num":10,"score_a":0,"score_b":0,"score_c":0,"score_d":null,"score_e":null,"valid_max":55,"total":0,"f1":false,"f5":false} 
[2026-09-22 12:07:46] local.INFO: [B-13] 市場過小評価フラグ {"date":"2026-09-22","kaisuu":4,"basho_code":"06","day":7,"race":5,"num":10,"total_score":0,"score_a":0,"score_c":0,"valid_max":55,"undereval":false} 
[2026-09-22 12:07:46] local.DEBUG: [Block10] market_score {"num":11,"score_a":0,"score_b":0,"score_c":0,"score_d":null,"score_e":null,"valid_max":55,"total":0,"f1":false,"f5":false} 
[2026-09-22 12:07:46] local.INFO: [B-13] 市場過小評価フラグ {"date":"2026-09-22","kaisuu":4,"basho_code":"06","day":7,"race":5,"num":11,"total_score":0,"score_a":0,"score_c":0,"valid_max":55,"undereval":false} 
[2026-09-22 12:07:46] local.DEBUG: [Block10] market_score {"num":12,"score_a":0,"score_b":10,"score_c":0,"score_d":null,"score_e":null,"valid_max":55,"total":15,"f1":false,"f5":false} 
[2026-09-22 12:07:46] local.INFO: [B-13] 市場過小評価フラグ {"date":"2026-09-22","kaisuu":4,"basho_code":"06","day":7,"race":5,"num":12,"total_score":15,"score_a":0,"score_c":0,"valid_max":55,"undereval":false} 
[2026-09-22 12:07:46] local.DEBUG: [Block10] market_score {"num":13,"score_a":12,"score_b":0,"score_c":0,"score_d":null,"score_e":null,"valid_max":55,"total":17,"f1":true,"f5":false} 
[2026-09-22 12:07:46] local.INFO: [B-13] 市場過小評価フラグ {"date":"2026-09-22","kaisuu":4,"basho_code":"06","day":7,"race":5,"num":13,"total_score":17,"score_a":12,"score_c":0,"valid_max":55,"undereval":false} 
[2026-09-22 12:07:46] local.DEBUG: [Block10] market_score {"num":14,"score_a":0,"score_b":0,"score_c":0,"score_d":null,"score_e":null,"valid_max":55,"total":0,"f1":false,"f5":false} 
[2026-09-22 12:07:46] local.INFO: [B-13] 市場過小評価フラグ {"date":"2026-09-22","kaisuu":4,"basho_code":"06","day":7,"race":5,"num":14,"total_score":0,"score_a":0,"score_c":0,"valid_max":55,"undereval":false} 
[2026-09-22 12:07:46] local.DEBUG: [Block10] market_score {"num":15,"score_a":0,"score_b":0,"score_c":0,"score_d":null,"score_e":null,"valid_max":55,"total":0,"f1":false,"f5":false} 
[2026-09-22 12:07:46] local.INFO: [B-13] 市場過小評価フラグ {"date":"2026-09-22","kaisuu":4,"basho_code":"06","day":7,"race":5,"num":15,"total_score":0,"score_a":0,"score_c":0,"valid_max":55,"undereval":false} 
[2026-09-22 12:07:52] local.WARNING: [B-7] DeepSeek形式不正（再試行禁止）、1st AI単独継続 {"date":"2026-09-22","kaisuu":"4","basho":"06","day":"7","race":"5","text":"厳選穴レース|1
レース指標|波乱度: 4|下位進入度: 3|大穴進入度: 2
馬番：6、馬名：ナイトオブマース、人気順: 1、6分前オッズ: 2.9、おすすめ度: 74、選出理由：能力適性:D（0点）。複勝1.3-1.6倍で下落7.1%と支持継続、単複比2.2で複勝最小1.3倍は断層最上位。フェーズ前半上昇・後半下落の回収率101.8%・勝率30.5%で高水準、類似1番人気の5着以内率77.4%"} 
[2026-09-22 12:07:52] local.ERROR: [Block14] ai_merge_result UPSERT failed {"err":"SQLSTATE[42S22]: Column not found: 1054 Unknown column 'updated_at' in 'field list' (SQL: INSERT INTO t_horse_odds_finder_ai_merge_result (date, kaisuu, basho, basho_code, day, race, race_name, merge_result) VALUES (2026-09-22, 4, 中山, 06, 7, 5, メイクデビュー中山, {\"upset_race\":0,\"gap_type\":\"E\",\"wave_level\":null,\"lower_entry\":null,\"big_gap_entry\":null,\"merged_horses\":[]}) ON DUPLICATE KEY UPDATE   merge_result = VALUES(merge_result),   race_name    = VALUES(race_name),   basho        = VALUES(basho),   updated_at   = CURRENT_TIMESTAMP)"} 
[2026-09-22 12:07:52] local.DEBUG: [Block11] ml_snapshot saved {"date":"2026-09-22","kaisuu":4,"basho_code":"06","day":7,"race":5,"gap_type":"E","merged_cnt":0} 
[2026-09-22 13:34:57] local.DEBUG: [Block10] market_score {"num":1,"score_a":0,"score_b":0,"score_c":15,"score_d":null,"score_e":0,"valid_max":65,"total":18,"f1":false,"f5":false} 
[2026-09-22 13:34:57] local.INFO: [B-13] 市場過小評価フラグ {"date":"2026-09-22","kaisuu":4,"basho_code":"06","day":7,"race":7,"num":1,"total_score":18,"score_a":0,"score_c":15,"valid_max":65,"undereval":false} 
[2026-09-22 13:34:57] local.DEBUG: [Block10] market_score {"num":2,"score_a":0,"score_b":0,"score_c":0,"score_d":null,"score_e":0,"valid_max":65,"total":0,"f1":false,"f5":false} 
[2026-09-22 13:34:57] local.INFO: [B-13] 市場過小評価フラグ {"date":"2026-09-22","kaisuu":4,"basho_code":"06","day":7,"race":7,"num":2,"total_score":0,"score_a":0,"score_c":0,"valid_max":65,"undereval":false} 
[2026-09-22 13:34:57] local.DEBUG: [Block10] market_score {"num":3,"score_a":0,"score_b":0,"score_c":15,"score_d":null,"score_e":0,"valid_max":65,"total":18,"f1":false,"f5":false} 
[2026-09-22 13:34:57] local.INFO: [B-13] 市場過小評価フラグ {"date":"2026-09-22","kaisuu":4,"basho_code":"06","day":7,"race":7,"num":3,"total_score":18,"score_a":0,"score_c":15,"valid_max":65,"undereval":false} 
[2026-09-22 13:34:57] local.DEBUG: [Block10] market_score {"num":4,"score_a":0,"score_b":0,"score_c":7,"score_d":null,"score_e":0,"valid_max":65,"total":9,"f1":false,"f5":false} 
[2026-09-22 13:34:57] local.INFO: [B-13] 市場過小評価フラグ {"date":"2026-09-22","kaisuu":4,"basho_code":"06","day":7,"race":7,"num":4,"total_score":9,"score_a":0,"score_c":7,"valid_max":65,"undereval":false} 
[2026-09-22 13:34:57] local.DEBUG: [Block10] market_score {"num":5,"score_a":0,"score_b":0,"score_c":12,"score_d":null,"score_e":0,"valid_max":65,"total":15,"f1":false,"f5":false} 
[2026-09-22 13:34:57] local.INFO: [B-13] 市場過小評価フラグ {"date":"2026-09-22","kaisuu":4,"basho_code":"06","day":7,"race":7,"num":5,"total_score":15,"score_a":0,"score_c":12,"valid_max":65,"undereval":false} 
[2026-09-22 13:34:57] local.DEBUG: [Block10] market_score {"num":6,"score_a":0,"score_b":0,"score_c":15,"score_d":null,"score_e":0,"valid_max":65,"total":18,"f1":false,"f5":false} 
[2026-09-22 13:34:57] local.INFO: [B-13] 市場過小評価フラグ {"date":"2026-09-22","kaisuu":4,"basho_code":"06","day":7,"race":7,"num":6,"total_score":18,"score_a":0,"score_c":15,"valid_max":65,"undereval":false} 
[2026-09-22 13:34:57] local.DEBUG: [Block10] market_score {"num":7,"score_a":0,"score_b":0,"score_c":0,"score_d":null,"score_e":0,"valid_max":65,"total":0,"f1":false,"f5":false} 
[2026-09-22 13:34:57] local.INFO: [B-13] 市場過小評価フラグ {"date":"2026-09-22","kaisuu":4,"basho_code":"06","day":7,"race":7,"num":7,"total_score":0,"score_a":0,"score_c":0,"valid_max":65,"undereval":false} 
[2026-09-22 13:34:57] local.DEBUG: [Block10] market_score {"num":8,"score_a":0,"score_b":0,"score_c":12,"score_d":null,"score_e":0,"valid_max":65,"total":15,"f1":false,"f5":false} 
[2026-09-22 13:34:57] local.INFO: [B-13] 市場過小評価フラグ {"date":"2026-09-22","kaisuu":4,"basho_code":"06","day":7,"race":7,"num":8,"total_score":15,"score_a":0,"score_c":12,"valid_max":65,"undereval":false} 
[2026-09-22 13:34:57] local.DEBUG: [Block10] market_score {"num":9,"score_a":0,"score_b":5,"score_c":12,"score_d":null,"score_e":0,"valid_max":65,"total":21,"f1":false,"f5":false} 
[2026-09-22 13:34:57] local.INFO: [B-13] 市場過小評価フラグ {"date":"2026-09-22","kaisuu":4,"basho_code":"06","day":7,"race":7,"num":9,"total_score":21,"score_a":0,"score_c":12,"valid_max":65,"undereval":false} 
[2026-09-22 13:34:57] local.DEBUG: [Block10] market_score {"num":10,"score_a":0,"score_b":10,"score_c":3,"score_d":null,"score_e":0,"valid_max":65,"total":16,"f1":false,"f5":false} 
[2026-09-22 13:34:57] local.INFO: [B-13] 市場過小評価フラグ {"date":"2026-09-22","kaisuu":4,"basho_code":"06","day":7,"race":7,"num":10,"total_score":16,"score_a":0,"score_c":3,"valid_max":65,"undereval":false} 
[2026-09-22 13:34:57] local.DEBUG: [Block10] market_score {"num":11,"score_a":0,"score_b":0,"score_c":15,"score_d":null,"score_e":0,"valid_max":65,"total":18,"f1":false,"f5":false} 
[2026-09-22 13:34:57] local.INFO: [B-13] 市場過小評価フラグ {"date":"2026-09-22","kaisuu":4,"basho_code":"06","day":7,"race":7,"num":11,"total_score":18,"score_a":0,"score_c":15,"valid_max":65,"undereval":false} 
[2026-09-22 13:34:57] local.DEBUG: [Block10] market_score {"num":12,"score_a":0,"score_b":0,"score_c":3,"score_d":null,"score_e":0,"valid_max":65,"total":4,"f1":false,"f5":false} 
[2026-09-22 13:34:57] local.INFO: [B-13] 市場過小評価フラグ {"date":"2026-09-22","kaisuu":4,"basho_code":"06","day":7,"race":7,"num":12,"total_score":4,"score_a":0,"score_c":3,"valid_max":65,"undereval":false} 
[2026-09-22 13:34:57] local.DEBUG: [Block10] market_score {"num":13,"score_a":0,"score_b":0,"score_c":0,"score_d":null,"score_e":0,"valid_max":65,"total":0,"f1":false,"f5":false} 
[2026-09-22 13:34:57] local.INFO: [B-13] 市場過小評価フラグ {"date":"2026-09-22","kaisuu":4,"basho_code":"06","day":7,"race":7,"num":13,"total_score":0,"score_a":0,"score_c":0,"valid_max":65,"undereval":false} 
[2026-09-22 13:34:57] local.DEBUG: [Block10] market_score {"num":14,"score_a":12,"score_b":5,"score_c":15,"score_d":null,"score_e":6,"valid_max":65,"total":47,"f1":true,"f5":true} 
[2026-09-22 13:34:57] local.INFO: [B-13] 市場過小評価フラグ {"date":"2026-09-22","kaisuu":4,"basho_code":"06","day":7,"race":7,"num":14,"total_score":47,"score_a":12,"score_c":15,"valid_max":65,"undereval":false} 
[2026-09-22 13:35:05] local.WARNING: [B-7] DeepSeek形式不正（再試行禁止）、1st AI単独継続 {"date":"2026-09-22","kaisuu":"4","basho":"06","day":"7","race":"7","text":"厳選穴レース|0
レース指標|波乱度: 3|下位進入度: 2|大穴進入度: 1
馬番：7、馬名：ユアフェリシティ、人気順: 1、6分前オッズ: 1.4、おすすめ度: 71、選出理由：能力適性:A（82点）。単勝1.4倍で不動の1番人気、直前流入判定で唯一の直前加速、複勝1.1倍で3着以内の信頼度は極めて高い。単勝断層5.21倍で断層の上側に位置し、複勝断層も同位置で一致。推定確定1.4倍（補正係数"} 
[2026-09-22 13:35:05] local.INFO: [Block13b] 最低基準点未満除外 {"num":7,"name":"ユアフェリシティ","score":42.0,"popularity":1} 
[2026-09-22 13:35:05] local.ERROR: [Block14] ai_merge_result UPSERT failed {"err":"SQLSTATE[42S22]: Column not found: 1054 Unknown column 'updated_at' in 'field list' (SQL: INSERT INTO t_horse_odds_finder_ai_merge_result (date, kaisuu, basho, basho_code, day, race, race_name, merge_result) VALUES (2026-09-22, 4, 中山, 06, 7, 7, 3歳以上1勝クラス（混合）, {\"upset_race\":0,\"gap_type\":\"B\",\"wave_level\":2,\"lower_entry\":1,\"big_gap_entry\":1,\"merged_horses\":[]}) ON DUPLICATE KEY UPDATE   merge_result = VALUES(merge_result),   race_name    = VALUES(race_name),   basho        = VALUES(basho),   updated_at   = CURRENT_TIMESTAMP)"} 
[2026-09-22 13:35:05] local.DEBUG: [Block11] ml_snapshot saved {"date":"2026-09-22","kaisuu":4,"basho_code":"06","day":7,"race":7,"gap_type":"B","merged_cnt":0} 
[2026-09-22 13:35:06] local.DEBUG: [Block10] market_score {"num":1,"score_a":0,"score_b":0,"score_c":0,"score_d":null,"score_e":0,"valid_max":65,"total":0,"f1":false,"f5":false} 
[2026-09-22 13:35:06] local.INFO: [B-13] 市場過小評価フラグ {"date":"2026-09-22","kaisuu":4,"basho_code":"06","day":7,"race":8,"num":1,"total_score":0,"score_a":0,"score_c":0,"valid_max":65,"undereval":false} 
[2026-09-22 13:35:06] local.DEBUG: [Block10] market_score {"num":2,"score_a":0,"score_b":10,"score_c":0,"score_d":null,"score_e":0,"valid_max":65,"total":12,"f1":false,"f5":false} 
[2026-09-22 13:35:06] local.INFO: [B-13] 市場過小評価フラグ {"date":"2026-09-22","kaisuu":4,"basho_code":"06","day":7,"race":8,"num":2,"total_score":12,"score_a":0,"score_c":0,"valid_max":65,"undereval":false} 
[2026-09-22 13:35:06] local.DEBUG: [Block10] market_score {"num":3,"score_a":0,"score_b":0,"score_c":0,"score_d":null,"score_e":0,"valid_max":65,"total":0,"f1":false,"f5":false} 
[2026-09-22 13:35:06] local.INFO: [B-13] 市場過小評価フラグ {"date":"2026-09-22","kaisuu":4,"basho_code":"06","day":7,"race":8,"num":3,"total_score":0,"score_a":0,"score_c":0,"valid_max":65,"undereval":false} 
[2026-09-22 13:35:06] local.DEBUG: [Block10] market_score {"num":4,"score_a":0,"score_b":0,"score_c":0,"score_d":null,"score_e":0,"valid_max":65,"total":0,"f1":false,"f5":false} 
[2026-09-22 13:35:06] local.INFO: [B-13] 市場過小評価フラグ {"date":"2026-09-22","kaisuu":4,"basho_code":"06","day":7,"race":8,"num":4,"total_score":0,"score_a":0,"score_c":0,"valid_max":65,"undereval":false} 
[2026-09-22 13:35:06] local.DEBUG: [Block10] market_score {"num":5,"score_a":0,"score_b":0,"score_c":0,"score_d":null,"score_e":0,"valid_max":65,"total":0,"f1":false,"f5":false} 
[2026-09-22 13:35:06] local.INFO: [B-13] 市場過小評価フラグ {"date":"2026-09-22","kaisuu":4,"basho_code":"06","day":7,"race":8,"num":5,"total_score":0,"score_a":0,"score_c":0,"valid_max":65,"undereval":false} 
[2026-09-22 13:35:06] local.DEBUG: [Block10] market_score {"num":6,"score_a":0,"score_b":0,"score_c":0,"score_d":null,"score_e":0,"valid_max":65,"total":0,"f1":false,"f5":false} 
[2026-09-22 13:35:06] local.INFO: [B-13] 市場過小評価フラグ {"date":"2026-09-22","kaisuu":4,"basho_code":"06","day":7,"race":8,"num":6,"total_score":0,"score_a":0,"score_c":0,"valid_max":65,"undereval":false} 
[2026-09-22 13:35:06] local.DEBUG: [Block10] market_score {"num":7,"score_a":0,"score_b":0,"score_c":7,"score_d":null,"score_e":0,"valid_max":65,"total":9,"f1":false,"f5":false} 
[2026-09-22 13:35:06] local.INFO: [B-13] 市場過小評価フラグ {"date":"2026-09-22","kaisuu":4,"basho_code":"06","day":7,"race":8,"num":7,"total_score":9,"score_a":0,"score_c":7,"valid_max":65,"undereval":false} 
[2026-09-22 13:35:06] local.DEBUG: [Block10] market_score {"num":8,"score_a":25,"score_b":0,"score_c":0,"score_d":null,"score_e":0,"valid_max":65,"total":31,"f1":true,"f5":false} 
[2026-09-22 13:35:06] local.INFO: [B-13] 市場過小評価フラグ {"date":"2026-09-22","kaisuu":4,"basho_code":"06","day":7,"race":8,"num":8,"total_score":31,"score_a":25,"score_c":0,"valid_max":65,"undereval":false} 
[2026-09-22 13:35:06] local.DEBUG: [Block10] market_score {"num":9,"score_a":0,"score_b":0,"score_c":0,"score_d":null,"score_e":0,"valid_max":65,"total":0,"f1":false,"f5":false} 
[2026-09-22 13:35:06] local.INFO: [B-13] 市場過小評価フラグ {"date":"2026-09-22","kaisuu":4,"basho_code":"06","day":7,"race":8,"num":9,"total_score":0,"score_a":0,"score_c":0,"valid_max":65,"undereval":false} 
[2026-09-22 13:35:06] local.DEBUG: [Block10] market_score {"num":10,"score_a":0,"score_b":5,"score_c":0,"score_d":null,"score_e":0,"valid_max":65,"total":6,"f1":false,"f5":false} 
[2026-09-22 13:35:06] local.INFO: [B-13] 市場過小評価フラグ {"date":"2026-09-22","kaisuu":4,"basho_code":"06","day":7,"race":8,"num":10,"total_score":6,"score_a":0,"score_c":0,"valid_max":65,"undereval":false} 
[2026-09-22 13:35:06] local.DEBUG: [Block10] market_score {"num":11,"score_a":18,"score_b":0,"score_c":0,"score_d":null,"score_e":0,"valid_max":65,"total":22,"f1":true,"f5":false} 
[2026-09-22 13:35:06] local.INFO: [B-13] 市場過小評価フラグ {"date":"2026-09-22","kaisuu":4,"basho_code":"06","day":7,"race":8,"num":11,"total_score":22,"score_a":18,"score_c":0,"valid_max":65,"undereval":false} 
[2026-09-22 13:35:06] local.DEBUG: [Block10] market_score {"num":12,"score_a":0,"score_b":0,"score_c":12,"score_d":null,"score_e":0,"valid_max":65,"total":15,"f1":false,"f5":false} 
[2026-09-22 13:35:06] local.INFO: [B-13] 市場過小評価フラグ {"date":"2026-09-22","kaisuu":4,"basho_code":"06","day":7,"race":8,"num":12,"total_score":15,"score_a":0,"score_c":12,"valid_max":65,"undereval":false} 
[2026-09-22 13:35:06] local.DEBUG: [Block10] market_score {"num":13,"score_a":25,"score_b":10,"score_c":0,"score_d":null,"score_e":0,"valid_max":65,"total":43,"f1":true,"f5":false} 
[2026-09-22 13:35:06] local.INFO: [B-13] 市場過小評価フラグ {"date":"2026-09-22","kaisuu":4,"basho_code":"06","day":7,"race":8,"num":13,"total_score":43,"score_a":25,"score_c":0,"valid_max":65,"undereval":false} 
[2026-09-22 13:35:06] local.DEBUG: [Block10] market_score {"num":14,"score_a":0,"score_b":0,"score_c":0,"score_d":null,"score_e":0,"valid_max":65,"total":0,"f1":false,"f5":false} 
[2026-09-22 13:35:06] local.INFO: [B-13] 市場過小評価フラグ {"date":"2026-09-22","kaisuu":4,"basho_code":"06","day":7,"race":8,"num":14,"total_score":0,"score_a":0,"score_c":0,"valid_max":65,"undereval":false} 
[2026-09-22 13:35:06] local.DEBUG: [Block10] market_score {"num":15,"score_a":0,"score_b":5,"score_c":0,"score_d":null,"score_e":0,"valid_max":65,"total":6,"f1":false,"f5":false} 
[2026-09-22 13:35:06] local.INFO: [B-13] 市場過小評価フラグ {"date":"2026-09-22","kaisuu":4,"basho_code":"06","day":7,"race":8,"num":15,"total_score":6,"score_a":0,"score_c":0,"valid_max":65,"undereval":false} 
[2026-09-22 13:35:06] local.DEBUG: [Block10] market_score {"num":16,"score_a":0,"score_b":0,"score_c":7,"score_d":null,"score_e":0,"valid_max":65,"total":9,"f1":false,"f5":false} 
[2026-09-22 13:35:06] local.INFO: [B-13] 市場過小評価フラグ {"date":"2026-09-22","kaisuu":4,"basho_code":"06","day":7,"race":8,"num":16,"total_score":9,"score_a":0,"score_c":7,"valid_max":65,"undereval":false} 
[2026-09-22 13:35:12] local.WARNING: [B-7] DeepSeek形式不正（再試行禁止）、1st AI単独継続 {"date":"2026-09-22","kaisuu":"4","basho":"06","day":"7","race":"8","text":"厳選穴レース|0
レース指標|波乱度: 3|下位進入度: 2|大穴進入度: 1
馬番：12、馬名：イモータリス、人気順: 1、6分前オッズ: 3.3、おすすめ度: 76、選出理由：能力適性:A（82点）。単勝1位の流入ランクで計測前4.0倍から3.3倍へ17.5%下落し資金集中が継続。予測補正OPI0.80は市場の過小評価ゾーンで、推定確定3.2倍は6分前より一段の下落補正。複勝1.4-1.7倍は"} 
[2026-09-22 13:35:12] local.ERROR: [Block14] ai_merge_result UPSERT failed {"err":"SQLSTATE[42S22]: Column not found: 1054 Unknown column 'updated_at' in 'field list' (SQL: INSERT INTO t_horse_odds_finder_ai_merge_result (date, kaisuu, basho, basho_code, day, race, race_name, merge_result) VALUES (2026-09-22, 4, 中山, 06, 7, 8, 3歳以上1勝クラス, {\"upset_race\":0,\"gap_type\":\"C\",\"wave_level\":null,\"lower_entry\":null,\"big_gap_entry\":null,\"merged_horses\":[]}) ON DUPLICATE KEY UPDATE   merge_result = VALUES(merge_result),   race_name    = VALUES(race_name),   basho        = VALUES(basho),   updated_at   = CURRENT_TIMESTAMP)"} 
[2026-09-22 13:35:12] local.DEBUG: [Block11] ml_snapshot saved {"date":"2026-09-22","kaisuu":4,"basho_code":"06","day":7,"race":8,"gap_type":"C","merged_cnt":0} 
[2026-09-22 14:08:29] local.DEBUG: [Block10] market_score {"num":1,"score_a":12,"score_b":0,"score_c":0,"score_d":null,"score_e":null,"valid_max":55,"total":17,"f1":true,"f5":false} 
[2026-09-22 14:08:29] local.INFO: [B-13] 市場過小評価フラグ {"date":"2026-09-22","kaisuu":4,"basho_code":"06","day":7,"race":9,"num":1,"total_score":17,"score_a":12,"score_c":0,"valid_max":55,"undereval":false} 
[2026-09-22 14:08:29] local.DEBUG: [Block10] market_score {"num":2,"score_a":0,"score_b":0,"score_c":0,"score_d":null,"score_e":null,"valid_max":55,"total":0,"f1":false,"f5":false} 
[2026-09-22 14:08:29] local.INFO: [B-13] 市場過小評価フラグ {"date":"2026-09-22","kaisuu":4,"basho_code":"06","day":7,"race":9,"num":2,"total_score":0,"score_a":0,"score_c":0,"valid_max":55,"undereval":false} 
[2026-09-22 14:08:29] local.DEBUG: [Block10] market_score {"num":3,"score_a":0,"score_b":0,"score_c":0,"score_d":null,"score_e":null,"valid_max":55,"total":0,"f1":false,"f5":false} 
[2026-09-22 14:08:29] local.INFO: [B-13] 市場過小評価フラグ {"date":"2026-09-22","kaisuu":4,"basho_code":"06","day":7,"race":9,"num":3,"total_score":0,"score_a":0,"score_c":0,"valid_max":55,"undereval":false} 
[2026-09-22 14:08:29] local.DEBUG: [Block10] market_score {"num":4,"score_a":0,"score_b":0,"score_c":0,"score_d":null,"score_e":null,"valid_max":55,"total":0,"f1":false,"f5":false} 
[2026-09-22 14:08:29] local.INFO: [B-13] 市場過小評価フラグ {"date":"2026-09-22","kaisuu":4,"basho_code":"06","day":7,"race":9,"num":4,"total_score":0,"score_a":0,"score_c":0,"valid_max":55,"undereval":false} 
[2026-09-22 14:08:29] local.DEBUG: [Block10] market_score {"num":5,"score_a":0,"score_b":0,"score_c":0,"score_d":null,"score_e":null,"valid_max":55,"total":0,"f1":false,"f5":false} 
[2026-09-22 14:08:29] local.INFO: [B-13] 市場過小評価フラグ {"date":"2026-09-22","kaisuu":4,"basho_code":"06","day":7,"race":9,"num":5,"total_score":0,"score_a":0,"score_c":0,"valid_max":55,"undereval":false} 
[2026-09-22 14:08:29] local.DEBUG: [Block10] market_score {"num":6,"score_a":0,"score_b":0,"score_c":0,"score_d":null,"score_e":null,"valid_max":55,"total":0,"f1":false,"f5":false} 
[2026-09-22 14:08:29] local.INFO: [B-13] 市場過小評価フラグ {"date":"2026-09-22","kaisuu":4,"basho_code":"06","day":7,"race":9,"num":6,"total_score":0,"score_a":0,"score_c":0,"valid_max":55,"undereval":false} 
[2026-09-22 14:08:29] local.DEBUG: [Block10] market_score {"num":7,"score_a":0,"score_b":0,"score_c":0,"score_d":null,"score_e":null,"valid_max":55,"total":0,"f1":false,"f5":false} 
[2026-09-22 14:08:29] local.INFO: [B-13] 市場過小評価フラグ {"date":"2026-09-22","kaisuu":4,"basho_code":"06","day":7,"race":9,"num":7,"total_score":0,"score_a":0,"score_c":0,"valid_max":55,"undereval":false} 
[2026-09-22 14:08:29] local.DEBUG: [Block10] market_score {"num":8,"score_a":0,"score_b":0,"score_c":0,"score_d":null,"score_e":null,"valid_max":55,"total":0,"f1":false,"f5":false} 
[2026-09-22 14:08:29] local.INFO: [B-13] 市場過小評価フラグ {"date":"2026-09-22","kaisuu":4,"basho_code":"06","day":7,"race":9,"num":8,"total_score":0,"score_a":0,"score_c":0,"valid_max":55,"undereval":false} 
[2026-09-22 14:08:29] local.DEBUG: [Block10] market_score {"num":9,"score_a":0,"score_b":5,"score_c":0,"score_d":null,"score_e":null,"valid_max":55,"total":7,"f1":false,"f5":false} 
[2026-09-22 14:08:29] local.INFO: [B-13] 市場過小評価フラグ {"date":"2026-09-22","kaisuu":4,"basho_code":"06","day":7,"race":9,"num":9,"total_score":7,"score_a":0,"score_c":0,"valid_max":55,"undereval":false} 
[2026-09-22 14:08:29] local.DEBUG: [Block10] market_score {"num":10,"score_a":0,"score_b":5,"score_c":0,"score_d":null,"score_e":null,"valid_max":55,"total":7,"f1":false,"f5":false} 
[2026-09-22 14:08:29] local.INFO: [B-13] 市場過小評価フラグ {"date":"2026-09-22","kaisuu":4,"basho_code":"06","day":7,"race":9,"num":10,"total_score":7,"score_a":0,"score_c":0,"valid_max":55,"undereval":false} 
[2026-09-22 14:08:29] local.DEBUG: [Block10] market_score {"num":11,"score_a":0,"score_b":0,"score_c":3,"score_d":null,"score_e":null,"valid_max":55,"total":4,"f1":false,"f5":false} 
[2026-09-22 14:08:29] local.INFO: [B-13] 市場過小評価フラグ {"date":"2026-09-22","kaisuu":4,"basho_code":"06","day":7,"race":9,"num":11,"total_score":4,"score_a":0,"score_c":3,"valid_max":55,"undereval":false} 
[2026-09-22 14:08:29] local.DEBUG: [Block10] market_score {"num":12,"score_a":0,"score_b":0,"score_c":0,"score_d":null,"score_e":null,"valid_max":55,"total":0,"f1":false,"f5":false} 
[2026-09-22 14:08:29] local.INFO: [B-13] 市場過小評価フラグ {"date":"2026-09-22","kaisuu":4,"basho_code":"06","day":7,"race":9,"num":12,"total_score":0,"score_a":0,"score_c":0,"valid_max":55,"undereval":false} 
[2026-09-22 14:08:29] local.DEBUG: [Block10] market_score {"num":13,"score_a":25,"score_b":0,"score_c":0,"score_d":null,"score_e":null,"valid_max":55,"total":36,"f1":true,"f5":false} 
[2026-09-22 14:08:29] local.INFO: [B-13] 市場過小評価フラグ {"date":"2026-09-22","kaisuu":4,"basho_code":"06","day":7,"race":9,"num":13,"total_score":36,"score_a":25,"score_c":0,"valid_max":55,"undereval":false} 
[2026-09-22 14:08:29] local.DEBUG: [Block10] market_score {"num":14,"score_a":0,"score_b":0,"score_c":15,"score_d":null,"score_e":null,"valid_max":55,"total":22,"f1":false,"f5":false} 
[2026-09-22 14:08:29] local.INFO: [B-13] 市場過小評価フラグ {"date":"2026-09-22","kaisuu":4,"basho_code":"06","day":7,"race":9,"num":14,"total_score":22,"score_a":0,"score_c":15,"valid_max":55,"undereval":false} 
[2026-09-22 14:08:29] local.DEBUG: [Block10] market_score {"num":15,"score_a":0,"score_b":0,"score_c":0,"score_d":null,"score_e":null,"valid_max":55,"total":0,"f1":false,"f5":false} 
[2026-09-22 14:08:29] local.INFO: [B-13] 市場過小評価フラグ {"date":"2026-09-22","kaisuu":4,"basho_code":"06","day":7,"race":9,"num":15,"total_score":0,"score_a":0,"score_c":0,"valid_max":55,"undereval":false} 
[2026-09-22 14:08:29] local.DEBUG: [Block10] market_score {"num":16,"score_a":0,"score_b":5,"score_c":0,"score_d":null,"score_e":null,"valid_max":55,"total":7,"f1":false,"f5":false} 
[2026-09-22 14:08:29] local.INFO: [B-13] 市場過小評価フラグ {"date":"2026-09-22","kaisuu":4,"basho_code":"06","day":7,"race":9,"num":16,"total_score":7,"score_a":0,"score_c":0,"valid_max":55,"undereval":false} 
[2026-09-22 14:08:36] local.WARNING: [B-7] DeepSeek形式不正（再試行禁止）、1st AI単独継続 {"date":"2026-09-22","kaisuu":"4","basho":"06","day":"7","race":"9","text":"厳選穴レース|0
レース指標|波乱度: 4|下位進入度: 3|大穴進入度: 1
馬番：6、馬名：フィールオーサム、人気順: 2、6分前オッズ: 3.9、おすすめ度: 74、選出理由：能力適性:B（76点）。複勝1位級の流入で1.4-1.9倍へ17.6%下落、単勝も15.2%下落と複数時点で継続流入。単勝OPI1.13の平均並みで複勝OPI1.00、推定確定3.6倍と6分前より下振れ補正。2番人気で"} 
[2026-09-22 14:08:36] local.ERROR: [Block14] ai_merge_result UPSERT failed {"err":"SQLSTATE[42S22]: Column not found: 1054 Unknown column 'updated_at' in 'field list' (SQL: INSERT INTO t_horse_odds_finder_ai_merge_result (date, kaisuu, basho, basho_code, day, race, race_name, merge_result) VALUES (2026-09-22, 4, 中山, 06, 7, 9, 鋸山特別, {\"upset_race\":0,\"gap_type\":\"D\",\"wave_level\":null,\"lower_entry\":null,\"big_gap_entry\":null,\"merged_horses\":[]}) ON DUPLICATE KEY UPDATE   merge_result = VALUES(merge_result),   race_name    = VALUES(race_name),   basho        = VALUES(basho),   updated_at   = CURRENT_TIMESTAMP)"} 
[2026-09-22 14:08:36] local.DEBUG: [Block11] ml_snapshot saved {"date":"2026-09-22","kaisuu":4,"basho_code":"06","day":7,"race":9,"gap_type":"D","merged_cnt":0} 
[2026-09-22 14:46:27] local.DEBUG: [Block10] market_score {"num":1,"score_a":0,"score_b":0,"score_c":0,"score_d":null,"score_e":null,"valid_max":55,"total":0,"f1":false,"f5":false} 
[2026-09-22 14:46:27] local.INFO: [B-13] 市場過小評価フラグ {"date":"2026-09-22","kaisuu":4,"basho_code":"06","day":7,"race":10,"num":1,"total_score":0,"score_a":0,"score_c":0,"valid_max":55,"undereval":false} 
[2026-09-22 14:46:27] local.DEBUG: [Block10] market_score {"num":2,"score_a":0,"score_b":0,"score_c":0,"score_d":null,"score_e":null,"valid_max":55,"total":0,"f1":false,"f5":false} 
[2026-09-22 14:46:27] local.INFO: [B-13] 市場過小評価フラグ {"date":"2026-09-22","kaisuu":4,"basho_code":"06","day":7,"race":10,"num":2,"total_score":0,"score_a":0,"score_c":0,"valid_max":55,"undereval":false} 
[2026-09-22 14:46:27] local.DEBUG: [Block10] market_score {"num":3,"score_a":0,"score_b":0,"score_c":3,"score_d":null,"score_e":null,"valid_max":55,"total":4,"f1":false,"f5":false} 
[2026-09-22 14:46:27] local.INFO: [B-13] 市場過小評価フラグ {"date":"2026-09-22","kaisuu":4,"basho_code":"06","day":7,"race":10,"num":3,"total_score":4,"score_a":0,"score_c":3,"valid_max":55,"undereval":false} 
[2026-09-22 14:46:27] local.DEBUG: [Block10] market_score {"num":4,"score_a":0,"score_b":0,"score_c":7,"score_d":null,"score_e":null,"valid_max":55,"total":10,"f1":false,"f5":false} 
[2026-09-22 14:46:27] local.INFO: [B-13] 市場過小評価フラグ {"date":"2026-09-22","kaisuu":4,"basho_code":"06","day":7,"race":10,"num":4,"total_score":10,"score_a":0,"score_c":7,"valid_max":55,"undereval":false} 
[2026-09-22 14:46:27] local.DEBUG: [Block10] market_score {"num":5,"score_a":0,"score_b":0,"score_c":7,"score_d":null,"score_e":null,"valid_max":55,"total":10,"f1":false,"f5":false} 
[2026-09-22 14:46:27] local.INFO: [B-13] 市場過小評価フラグ {"date":"2026-09-22","kaisuu":4,"basho_code":"06","day":7,"race":10,"num":5,"total_score":10,"score_a":0,"score_c":7,"valid_max":55,"undereval":false} 
[2026-09-22 14:46:27] local.DEBUG: [Block10] market_score {"num":6,"score_a":0,"score_b":0,"score_c":0,"score_d":null,"score_e":null,"valid_max":55,"total":0,"f1":false,"f5":false} 
[2026-09-22 14:46:27] local.INFO: [B-13] 市場過小評価フラグ {"date":"2026-09-22","kaisuu":4,"basho_code":"06","day":7,"race":10,"num":6,"total_score":0,"score_a":0,"score_c":0,"valid_max":55,"undereval":false} 
[2026-09-22 14:46:27] local.DEBUG: [Block10] market_score {"num":7,"score_a":0,"score_b":0,"score_c":0,"score_d":null,"score_e":null,"valid_max":55,"total":0,"f1":false,"f5":false} 
[2026-09-22 14:46:27] local.INFO: [B-13] 市場過小評価フラグ {"date":"2026-09-22","kaisuu":4,"basho_code":"06","day":7,"race":10,"num":7,"total_score":0,"score_a":0,"score_c":0,"valid_max":55,"undereval":false} 
[2026-09-22 14:46:27] local.DEBUG: [Block10] market_score {"num":8,"score_a":0,"score_b":0,"score_c":0,"score_d":null,"score_e":null,"valid_max":55,"total":0,"f1":false,"f5":false} 
[2026-09-22 14:46:27] local.INFO: [B-13] 市場過小評価フラグ {"date":"2026-09-22","kaisuu":4,"basho_code":"06","day":7,"race":10,"num":8,"total_score":0,"score_a":0,"score_c":0,"valid_max":55,"undereval":false} 
[2026-09-22 14:46:27] local.DEBUG: [Block10] market_score {"num":9,"score_a":0,"score_b":0,"score_c":0,"score_d":null,"score_e":null,"valid_max":55,"total":0,"f1":false,"f5":false} 
[2026-09-22 14:46:27] local.INFO: [B-13] 市場過小評価フラグ {"date":"2026-09-22","kaisuu":4,"basho_code":"06","day":7,"race":10,"num":9,"total_score":0,"score_a":0,"score_c":0,"valid_max":55,"undereval":false} 
[2026-09-22 14:46:27] local.DEBUG: [Block10] market_score {"num":10,"score_a":0,"score_b":0,"score_c":15,"score_d":null,"score_e":null,"valid_max":55,"total":22,"f1":false,"f5":false} 
[2026-09-22 14:46:27] local.INFO: [B-13] 市場過小評価フラグ {"date":"2026-09-22","kaisuu":4,"basho_code":"06","day":7,"race":10,"num":10,"total_score":22,"score_a":0,"score_c":15,"valid_max":55,"undereval":false} 
[2026-09-22 14:46:27] local.DEBUG: [Block10] market_score {"num":11,"score_a":0,"score_b":0,"score_c":0,"score_d":null,"score_e":null,"valid_max":55,"total":0,"f1":false,"f5":false} 
[2026-09-22 14:46:27] local.INFO: [B-13] 市場過小評価フラグ {"date":"2026-09-22","kaisuu":4,"basho_code":"06","day":7,"race":10,"num":11,"total_score":0,"score_a":0,"score_c":0,"valid_max":55,"undereval":false} 
[2026-09-22 14:46:35] local.WARNING: [B-7] DeepSeek形式不正（再試行禁止）、1st AI単独継続 {"date":"2026-09-22","kaisuu":"4","basho":"06","day":"7","race":"10","text":"厳選穴レース|0
レース指標|波乱度: 4|下位進入度: 3|大穴進入度: 1
馬番：11、馬名：プリムツァール、人気順: 2、6分前オッズ: 3.7、おすすめ度: 78、選出理由：能力適性:A（82点）。複勝1.3-1.7倍へ下落し複勝流入ランク1位、単勝も-5.1%でグループ2位と資金流入継続。OPI1.19・予測補正OPI1.28と市場評価は適正圏で、フェーズパターン別回収率87.3%（N="} 
[2026-09-22 14:46:35] local.ERROR: [Block14] ai_merge_result UPSERT failed {"err":"SQLSTATE[42S22]: Column not found: 1054 Unknown column 'updated_at' in 'field list' (SQL: INSERT INTO t_horse_odds_finder_ai_merge_result (date, kaisuu, basho, basho_code, day, race, race_name, merge_result) VALUES (2026-09-22, 4, 中山, 06, 7, 10, Mディープインパクト, {\"upset_race\":0,\"gap_type\":\"D\",\"wave_level\":null,\"lower_entry\":null,\"big_gap_entry\":null,\"merged_horses\":[]}) ON DUPLICATE KEY UPDATE   merge_result = VALUES(merge_result),   race_name    = VALUES(race_name),   basho        = VALUES(basho),   updated_at   = CURRENT_TIMESTAMP)"} 
[2026-09-22 14:46:35] local.DEBUG: [Block11] ml_snapshot saved {"date":"2026-09-22","kaisuu":4,"basho_code":"06","day":7,"race":10,"gap_type":"D","merged_cnt":0} 
[2026-09-22 15:26:55] local.DEBUG: [Block10] market_score {"num":1,"score_a":0,"score_b":5,"score_c":0,"score_d":null,"score_e":null,"valid_max":55,"total":7,"f1":false,"f5":false} 
[2026-09-22 15:26:55] local.INFO: [B-13] 市場過小評価フラグ {"date":"2026-09-22","kaisuu":4,"basho_code":"06","day":7,"race":11,"num":1,"total_score":7,"score_a":0,"score_c":0,"valid_max":55,"undereval":false} 
[2026-09-22 15:26:55] local.DEBUG: [Block10] market_score {"num":2,"score_a":0,"score_b":5,"score_c":0,"score_d":null,"score_e":null,"valid_max":55,"total":7,"f1":false,"f5":false} 
[2026-09-22 15:26:55] local.INFO: [B-13] 市場過小評価フラグ {"date":"2026-09-22","kaisuu":4,"basho_code":"06","day":7,"race":11,"num":2,"total_score":7,"score_a":0,"score_c":0,"valid_max":55,"undereval":false} 
[2026-09-22 15:26:55] local.DEBUG: [Block10] market_score {"num":3,"score_a":12,"score_b":0,"score_c":7,"score_d":null,"score_e":null,"valid_max":55,"total":28,"f1":true,"f5":false} 
[2026-09-22 15:26:55] local.INFO: [B-13] 市場過小評価フラグ {"date":"2026-09-22","kaisuu":4,"basho_code":"06","day":7,"race":11,"num":3,"total_score":28,"score_a":12,"score_c":7,"valid_max":55,"undereval":false} 
[2026-09-22 15:26:55] local.DEBUG: [Block10] market_score {"num":4,"score_a":0,"score_b":0,"score_c":0,"score_d":null,"score_e":null,"valid_max":55,"total":0,"f1":false,"f5":false} 
[2026-09-22 15:26:55] local.INFO: [B-13] 市場過小評価フラグ {"date":"2026-09-22","kaisuu":4,"basho_code":"06","day":7,"race":11,"num":4,"total_score":0,"score_a":0,"score_c":0,"valid_max":55,"undereval":false} 
[2026-09-22 15:26:55] local.DEBUG: [Block10] market_score {"num":5,"score_a":0,"score_b":0,"score_c":3,"score_d":null,"score_e":null,"valid_max":55,"total":4,"f1":false,"f5":false} 
[2026-09-22 15:26:55] local.INFO: [B-13] 市場過小評価フラグ {"date":"2026-09-22","kaisuu":4,"basho_code":"06","day":7,"race":11,"num":5,"total_score":4,"score_a":0,"score_c":3,"valid_max":55,"undereval":false} 
[2026-09-22 15:26:55] local.DEBUG: [Block10] market_score {"num":6,"score_a":0,"score_b":0,"score_c":0,"score_d":null,"score_e":null,"valid_max":55,"total":0,"f1":false,"f5":false} 
[2026-09-22 15:26:55] local.INFO: [B-13] 市場過小評価フラグ {"date":"2026-09-22","kaisuu":4,"basho_code":"06","day":7,"race":11,"num":6,"total_score":0,"score_a":0,"score_c":0,"valid_max":55,"undereval":false} 
[2026-09-22 15:26:55] local.DEBUG: [Block10] market_score {"num":7,"score_a":0,"score_b":0,"score_c":0,"score_d":null,"score_e":null,"valid_max":55,"total":0,"f1":false,"f5":false} 
[2026-09-22 15:26:55] local.INFO: [B-13] 市場過小評価フラグ {"date":"2026-09-22","kaisuu":4,"basho_code":"06","day":7,"race":11,"num":7,"total_score":0,"score_a":0,"score_c":0,"valid_max":55,"undereval":false} 
[2026-09-22 15:26:55] local.DEBUG: [Block10] market_score {"num":8,"score_a":0,"score_b":0,"score_c":0,"score_d":null,"score_e":null,"valid_max":55,"total":0,"f1":false,"f5":false} 
[2026-09-22 15:26:55] local.INFO: [B-13] 市場過小評価フラグ {"date":"2026-09-22","kaisuu":4,"basho_code":"06","day":7,"race":11,"num":8,"total_score":0,"score_a":0,"score_c":0,"valid_max":55,"undereval":false} 
[2026-09-22 15:26:55] local.DEBUG: [Block10] market_score {"num":9,"score_a":0,"score_b":0,"score_c":0,"score_d":null,"score_e":null,"valid_max":55,"total":0,"f1":false,"f5":false} 
[2026-09-22 15:26:55] local.INFO: [B-13] 市場過小評価フラグ {"date":"2026-09-22","kaisuu":4,"basho_code":"06","day":7,"race":11,"num":9,"total_score":0,"score_a":0,"score_c":0,"valid_max":55,"undereval":false} 
[2026-09-22 15:26:55] local.DEBUG: [Block10] market_score {"num":10,"score_a":25,"score_b":0,"score_c":0,"score_d":null,"score_e":null,"valid_max":55,"total":36,"f1":true,"f5":false} 
[2026-09-22 15:26:55] local.INFO: [B-13] 市場過小評価フラグ {"date":"2026-09-22","kaisuu":4,"basho_code":"06","day":7,"race":11,"num":10,"total_score":36,"score_a":25,"score_c":0,"valid_max":55,"undereval":false} 
[2026-09-22 15:26:55] local.DEBUG: [Block10] market_score {"num":11,"score_a":0,"score_b":5,"score_c":0,"score_d":null,"score_e":null,"valid_max":55,"total":7,"f1":false,"f5":false} 
[2026-09-22 15:26:55] local.INFO: [B-13] 市場過小評価フラグ {"date":"2026-09-22","kaisuu":4,"basho_code":"06","day":7,"race":11,"num":11,"total_score":7,"score_a":0,"score_c":0,"valid_max":55,"undereval":false} 
[2026-09-22 15:26:55] local.DEBUG: [Block10] market_score {"num":12,"score_a":0,"score_b":0,"score_c":15,"score_d":null,"score_e":null,"valid_max":55,"total":22,"f1":false,"f5":false} 
[2026-09-22 15:26:55] local.INFO: [B-13] 市場過小評価フラグ {"date":"2026-09-22","kaisuu":4,"basho_code":"06","day":7,"race":11,"num":12,"total_score":22,"score_a":0,"score_c":15,"valid_max":55,"undereval":false} 
[2026-09-22 15:26:55] local.DEBUG: [Block10] market_score {"num":13,"score_a":0,"score_b":5,"score_c":0,"score_d":null,"score_e":null,"valid_max":55,"total":7,"f1":false,"f5":false} 
[2026-09-22 15:26:55] local.INFO: [B-13] 市場過小評価フラグ {"date":"2026-09-22","kaisuu":4,"basho_code":"06","day":7,"race":11,"num":13,"total_score":7,"score_a":0,"score_c":0,"valid_max":55,"undereval":false} 
[2026-09-22 15:26:55] local.DEBUG: [Block10] market_score {"num":14,"score_a":0,"score_b":0,"score_c":0,"score_d":null,"score_e":null,"valid_max":55,"total":0,"f1":false,"f5":false} 
[2026-09-22 15:26:55] local.INFO: [B-13] 市場過小評価フラグ {"date":"2026-09-22","kaisuu":4,"basho_code":"06","day":7,"race":11,"num":14,"total_score":0,"score_a":0,"score_c":0,"valid_max":55,"undereval":false} 
[2026-09-22 15:26:55] local.DEBUG: [Block10] market_score {"num":15,"score_a":0,"score_b":0,"score_c":0,"score_d":null,"score_e":null,"valid_max":55,"total":0,"f1":false,"f5":false} 
[2026-09-22 15:26:55] local.INFO: [B-13] 市場過小評価フラグ {"date":"2026-09-22","kaisuu":4,"basho_code":"06","day":7,"race":11,"num":15,"total_score":0,"score_a":0,"score_c":0,"valid_max":55,"undereval":false} 
[2026-09-22 15:26:55] local.DEBUG: [Block10] market_score {"num":16,"score_a":0,"score_b":0,"score_c":0,"score_d":null,"score_e":null,"valid_max":55,"total":0,"f1":false,"f5":false} 
[2026-09-22 15:26:55] local.INFO: [B-13] 市場過小評価フラグ {"date":"2026-09-22","kaisuu":4,"basho_code":"06","day":7,"race":11,"num":16,"total_score":0,"score_a":0,"score_c":0,"valid_max":55,"undereval":false} 
[2026-09-22 15:27:04] local.WARNING: [B-7] DeepSeek形式不正（再試行禁止）、1st AI単独継続 {"date":"2026-09-22","kaisuu":"4","basho":"06","day":"7","race":"11","text":"厳選穴レース|0
レース指標|波乱度: 4|下位進入度: 3|大穴進入度: 1
馬番：8、馬名：ブロッケンボウ、人気順: 9、6分前オッズ: 29.8、おすすめ度: 72、選出理由：能力適性:D（55点）。複勝OPI0.90で市場評価は平均並みながら単勝OPI1.94の過剰人気ゾーン、OPI帯別回収率105.9%・フェーズパターン別回収率96.9%・過去回収率110.3%と妙味裏付けが揃う。複勝流"} 
[2026-09-22 15:27:04] local.ERROR: [Block14] ai_merge_result UPSERT failed {"err":"SQLSTATE[42S22]: Column not found: 1054 Unknown column 'updated_at' in 'field list' (SQL: INSERT INTO t_horse_odds_finder_ai_merge_result (date, kaisuu, basho, basho_code, day, race, race_name, merge_result) VALUES (2026-09-22, 4, 中山, 06, 7, 11, JRAアニバーサリー, {\"upset_race\":0,\"gap_type\":\"D\",\"wave_level\":null,\"lower_entry\":null,\"big_gap_entry\":null,\"merged_horses\":[]}) ON DUPLICATE KEY UPDATE   merge_result = VALUES(merge_result),   race_name    = VALUES(race_name),   basho        = VALUES(basho),   updated_at   = CURRENT_TIMESTAMP)"} 
[2026-09-22 15:27:04] local.DEBUG: [Block11] ml_snapshot saved {"date":"2026-09-22","kaisuu":4,"basho_code":"06","day":7,"race":11,"gap_type":"D","merged_cnt":0} 
[2026-09-22 16:48:00] local.DEBUG: [Block10] market_score {"num":1,"score_a":0,"score_b":0,"score_c":0,"score_d":null,"score_e":0,"valid_max":65,"total":0,"f1":false,"f5":false} 
[2026-09-22 16:48:00] local.INFO: [B-13] 市場過小評価フラグ {"date":"2026-09-22","kaisuu":4,"basho_code":"06","day":7,"race":12,"num":1,"total_score":0,"score_a":0,"score_c":0,"valid_max":65,"undereval":false} 
[2026-09-22 16:48:00] local.DEBUG: [Block10] market_score {"num":2,"score_a":0,"score_b":0,"score_c":0,"score_d":null,"score_e":0,"valid_max":65,"total":0,"f1":false,"f5":false} 
[2026-09-22 16:48:00] local.INFO: [B-13] 市場過小評価フラグ {"date":"2026-09-22","kaisuu":4,"basho_code":"06","day":7,"race":12,"num":2,"total_score":0,"score_a":0,"score_c":0,"valid_max":65,"undereval":false} 
[2026-09-22 16:48:00] local.DEBUG: [Block10] market_score {"num":3,"score_a":12,"score_b":5,"score_c":3,"score_d":null,"score_e":6,"valid_max":65,"total":32,"f1":true,"f5":true} 
[2026-09-22 16:48:00] local.INFO: [B-13] 市場過小評価フラグ {"date":"2026-09-22","kaisuu":4,"basho_code":"06","day":7,"race":12,"num":3,"total_score":32,"score_a":12,"score_c":3,"valid_max":65,"undereval":false} 
[2026-09-22 16:48:00] local.DEBUG: [Block10] market_score {"num":4,"score_a":0,"score_b":0,"score_c":0,"score_d":null,"score_e":0,"valid_max":65,"total":0,"f1":false,"f5":false} 
[2026-09-22 16:48:00] local.INFO: [B-13] 市場過小評価フラグ {"date":"2026-09-22","kaisuu":4,"basho_code":"06","day":7,"race":12,"num":4,"total_score":0,"score_a":0,"score_c":0,"valid_max":65,"undereval":false} 
[2026-09-22 16:48:00] local.DEBUG: [Block10] market_score {"num":5,"score_a":0,"score_b":0,"score_c":0,"score_d":null,"score_e":0,"valid_max":65,"total":0,"f1":false,"f5":false} 
[2026-09-22 16:48:00] local.INFO: [B-13] 市場過小評価フラグ {"date":"2026-09-22","kaisuu":4,"basho_code":"06","day":7,"race":12,"num":5,"total_score":0,"score_a":0,"score_c":0,"valid_max":65,"undereval":false} 
[2026-09-22 16:48:00] local.DEBUG: [Block10] market_score {"num":6,"score_a":0,"score_b":0,"score_c":0,"score_d":null,"score_e":0,"valid_max":65,"total":0,"f1":false,"f5":false} 
[2026-09-22 16:48:00] local.INFO: [B-13] 市場過小評価フラグ {"date":"2026-09-22","kaisuu":4,"basho_code":"06","day":7,"race":12,"num":6,"total_score":0,"score_a":0,"score_c":0,"valid_max":65,"undereval":false} 
[2026-09-22 16:48:00] local.DEBUG: [Block10] market_score {"num":7,"score_a":0,"score_b":0,"score_c":0,"score_d":null,"score_e":0,"valid_max":65,"total":0,"f1":false,"f5":false} 
[2026-09-22 16:48:00] local.INFO: [B-13] 市場過小評価フラグ {"date":"2026-09-22","kaisuu":4,"basho_code":"06","day":7,"race":12,"num":7,"total_score":0,"score_a":0,"score_c":0,"valid_max":65,"undereval":false} 
[2026-09-22 16:48:00] local.DEBUG: [Block10] market_score {"num":8,"score_a":25,"score_b":5,"score_c":0,"score_d":null,"score_e":6,"valid_max":65,"total":44,"f1":true,"f5":true} 
[2026-09-22 16:48:00] local.INFO: [B-13] 市場過小評価フラグ {"date":"2026-09-22","kaisuu":4,"basho_code":"06","day":7,"race":12,"num":8,"total_score":44,"score_a":25,"score_c":0,"valid_max":65,"undereval":false} 
[2026-09-22 16:48:00] local.DEBUG: [Block10] market_score {"num":9,"score_a":0,"score_b":0,"score_c":0,"score_d":null,"score_e":0,"valid_max":65,"total":0,"f1":false,"f5":false} 
[2026-09-22 16:48:00] local.INFO: [B-13] 市場過小評価フラグ {"date":"2026-09-22","kaisuu":4,"basho_code":"06","day":7,"race":12,"num":9,"total_score":0,"score_a":0,"score_c":0,"valid_max":65,"undereval":false} 
[2026-09-22 16:48:00] local.DEBUG: [Block10] market_score {"num":10,"score_a":0,"score_b":5,"score_c":0,"score_d":null,"score_e":0,"valid_max":65,"total":6,"f1":false,"f5":false} 
[2026-09-22 16:48:00] local.INFO: [B-13] 市場過小評価フラグ {"date":"2026-09-22","kaisuu":4,"basho_code":"06","day":7,"race":12,"num":10,"total_score":6,"score_a":0,"score_c":0,"valid_max":65,"undereval":false} 
[2026-09-22 16:48:00] local.DEBUG: [Block10] market_score {"num":11,"score_a":0,"score_b":5,"score_c":0,"score_d":null,"score_e":0,"valid_max":65,"total":6,"f1":false,"f5":false} 
[2026-09-22 16:48:00] local.INFO: [B-13] 市場過小評価フラグ {"date":"2026-09-22","kaisuu":4,"basho_code":"06","day":7,"race":12,"num":11,"total_score":6,"score_a":0,"score_c":0,"valid_max":65,"undereval":false} 
[2026-09-22 16:48:00] local.DEBUG: [Block10] market_score {"num":12,"score_a":0,"score_b":0,"score_c":0,"score_d":null,"score_e":0,"valid_max":65,"total":0,"f1":false,"f5":false} 
[2026-09-22 16:48:00] local.INFO: [B-13] 市場過小評価フラグ {"date":"2026-09-22","kaisuu":4,"basho_code":"06","day":7,"race":12,"num":12,"total_score":0,"score_a":0,"score_c":0,"valid_max":65,"undereval":false} 
[2026-09-22 16:48:00] local.DEBUG: [Block10] market_score {"num":13,"score_a":0,"score_b":0,"score_c":7,"score_d":null,"score_e":0,"valid_max":65,"total":9,"f1":false,"f5":false} 
[2026-09-22 16:48:00] local.INFO: [B-13] 市場過小評価フラグ {"date":"2026-09-22","kaisuu":4,"basho_code":"06","day":7,"race":12,"num":13,"total_score":9,"score_a":0,"score_c":7,"valid_max":65,"undereval":false} 
[2026-09-22 16:48:00] local.DEBUG: [Block10] market_score {"num":14,"score_a":12,"score_b":5,"score_c":0,"score_d":null,"score_e":6,"valid_max":65,"total":28,"f1":true,"f5":true} 
[2026-09-22 16:48:00] local.INFO: [B-13] 市場過小評価フラグ {"date":"2026-09-22","kaisuu":4,"basho_code":"06","day":7,"race":12,"num":14,"total_score":28,"score_a":12,"score_c":0,"valid_max":65,"undereval":false} 
[2026-09-22 16:48:00] local.DEBUG: [Block10] market_score {"num":15,"score_a":0,"score_b":0,"score_c":12,"score_d":null,"score_e":0,"valid_max":65,"total":15,"f1":false,"f5":false} 
[2026-09-22 16:48:00] local.INFO: [B-13] 市場過小評価フラグ {"date":"2026-09-22","kaisuu":4,"basho_code":"06","day":7,"race":12,"num":15,"total_score":15,"score_a":0,"score_c":12,"valid_max":65,"undereval":false} 
[2026-09-22 16:48:00] local.DEBUG: [Block10] market_score {"num":16,"score_a":0,"score_b":0,"score_c":0,"score_d":null,"score_e":0,"valid_max":65,"total":0,"f1":false,"f5":false} 
[2026-09-22 16:48:00] local.INFO: [B-13] 市場過小評価フラグ {"date":"2026-09-22","kaisuu":4,"basho_code":"06","day":7,"race":12,"num":16,"total_score":0,"score_a":0,"score_c":0,"valid_max":65,"undereval":false} 
[2026-09-22 16:48:08] local.WARNING: [B-7] DeepSeek形式不正（再試行禁止）、1st AI単独継続 {"date":"2026-09-22","kaisuu":"4","basho":"06","day":"7","race":"12","text":"厳選穴レース|0
レース指標|波乱度: 3|下位進入度: 2|大穴進入度: 1
馬番：15、馬名：シルバードン、人気順: 2、6分前オッズ: 6.1、おすすめ度: 76、選出理由：能力適性:B（72点）。単勝下落6.2%・複勝流入ランク2位で資金流入は上向き、OPI0.72・予測補正OPI0.78と市場の過小評価ゾーンに位置し複勝OPI0.70も妙味を示す。1〜2番人気間の断層直下で上側グループに"} 
[2026-09-22 16:48:08] local.ERROR: [Block14] ai_merge_result UPSERT failed {"err":"SQLSTATE[42S22]: Column not found: 1054 Unknown column 'updated_at' in 'field list' (SQL: INSERT INTO t_horse_odds_finder_ai_merge_result (date, kaisuu, basho, basho_code, day, race, race_name, merge_result) VALUES (2026-09-22, 4, 中山, 06, 7, 12, 3歳以上1勝クラス, {\"upset_race\":0,\"gap_type\":\"B\",\"wave_level\":null,\"lower_entry\":null,\"big_gap_entry\":null,\"merged_horses\":[]}) ON DUPLICATE KEY UPDATE   merge_result = VALUES(merge_result),   race_name    = VALUES(race_name),   basho        = VALUES(basho),   updated_at   = CURRENT_TIMESTAMP)"} 
[2026-09-22 16:48:08] local.DEBUG: [Block11] ml_snapshot saved {"date":"2026-09-22","kaisuu":4,"basho_code":"06","day":7,"race":12,"gap_type":"B","merged_cnt":0} 
